사번,이름,부서,거래일자,출근시각,퇴근시각,지각여부,초과근무시간
1001,영업직원1,영업팀,2025-01-01,9:04,18:35,N,0.0
1001,영업직원1,영업팀,2025-01-02,8:53,17:30,N,0.0
1001,영업직원1,영업팀,2025-01-03,9:05,18:51,N,0.0
1001,영업직원1,영업팀,2025-01-06,9:36,18:35,N,0.0
1001,영업직원1,영업팀,2025-01-07,9:11,18:16,N,0.0
1001,영업직원1,영업팀,2025-01-08,8:36,17:59,N,0.0
1001,영업직원1,영업팀,2025-01-09,8:58,18:31,N,0.0
1001,영업직원1,영업팀,2025-01-10,8:47,18:25,N,0.0
1001,영업직원1,영업팀,2025-01-13,9:03,19:01,N,0.0
1001,영업직원1,영업팀,2025-01-14,9:02,18:12,N,0.0
1001,영업직원1,영업팀,2025-01-15,9:44,18:56,N,0.2
1001,영업직원1,영업팀,2025-01-16,9:06,18:23,N,0.0
1001,영업직원1,영업팀,2025-01-17,9:02,17:41,N,0.0
1001,영업직원1,영업팀,2025-01-20,8:38,18:00,N,0.0
1001,영업직원1,영업팀,2025-01-21,9:37,18:46,N,0.15
1001,영업직원1,영업팀,2025-01-22,8:20,18:56,N,0.0
1001,영업직원1,영업팀,2025-01-23,8:46,18:42,N,0.0
1001,영업직원1,영업팀,2025-01-24,8:48,18:00,N,0.0
1001,영업직원1,영업팀,2025-01-27,8:38,19:21,N,0.0
1001,영업직원1,영업팀,2025-01-28,9:02,18:31,N,0.0
1001,영업직원1,영업팀,2025-01-29,9:08,19:24,N,0.0
1001,영업직원1,영업팀,2025-01-30,8:46,17:59,N,0.0
1001,영업직원1,영업팀,2025-01-31,10:27,19:31,Y,0.0
1001,영업직원1,영업팀,2025-02-03,9:40,18:17,N,0.0
1001,영업직원1,영업팀,2025-02-04,8:57,17:31,N,0.0
1001,영업직원1,영업팀,2025-02-05,8:47,17:06,N,0.0
1001,영업직원1,영업팀,2025-02-06,8:55,18:43,N,0.0
1001,영업직원1,영업팀,2025-02-07,9:00,17:25,N,0.0
1001,영업직원1,영업팀,2025-02-10,8:50,17:57,N,0.0
1001,영업직원1,영업팀,2025-02-11,8:49,19:00,N,0.0
1001,영업직원1,영업팀,2025-02-12,9:05,18:44,N,0.0
1001,영업직원1,영업팀,2025-02-13,8:49,18:07,N,0.0
1001,영업직원1,영업팀,2025-02-14,8:40,17:52,N,0.0
1001,영업직원1,영업팀,2025-02-17,8:47,16:59,N,0.0
1001,영업직원1,영업팀,2025-02-18,8:45,19:32,N,0.0
1001,영업직원1,영업팀,2025-02-19,9:11,18:34,N,0.0
1001,영업직원1,영업팀,2025-02-20,8:44,18:31,N,0.0
1001,영업직원1,영업팀,2025-02-21,8:55,18:09,N,0.0
1001,영업직원1,영업팀,2025-02-24,8:23,18:11,N,0.0
1001,영업직원1,영업팀,2025-02-25,8:54,18:55,N,0.0
1001,영업직원1,영업팀,2025-02-26,8:43,18:13,N,0.0
1001,영업직원1,영업팀,2025-02-27,9:00,19:49,N,0.0
1001,영업직원1,영업팀,2025-02-28,8:42,18:10,N,0.0
1001,영업직원1,영업팀,2025-03-03,8:55,19:42,N,0.0
1001,영업직원1,영업팀,2025-03-04,8:52,18:32,N,0.0
1001,영업직원1,영업팀,2025-03-05,9:10,18:21,N,0.0
1001,영업직원1,영업팀,2025-03-06,8:33,18:09,N,0.0
1001,영업직원1,영업팀,2025-03-07,8:53,18:52,N,0.0
1001,영업직원1,영업팀,2025-03-10,8:52,17:09,N,0.0
1001,영업직원1,영업팀,2025-03-11,8:35,18:32,N,0.0
1001,영업직원1,영업팀,2025-03-12,8:36,17:41,N,0.0
1001,영업직원1,영업팀,2025-03-13,9:05,19:05,N,0.0
1001,영업직원1,영업팀,2025-03-14,8:47,18:37,N,0.0
1001,영업직원1,영업팀,2025-03-17,8:55,18:25,N,0.0
1001,영업직원1,영업팀,2025-03-18,8:54,18:43,N,0.0
1001,영업직원1,영업팀,2025-03-19,9:40,18:35,N,0.0
1001,영업직원1,영업팀,2025-03-20,8:56,19:29,N,0.0
1001,영업직원1,영업팀,2025-03-21,9:13,19:39,N,0.0
1001,영업직원1,영업팀,2025-03-24,8:34,18:41,N,0.0
1001,영업직원1,영업팀,2025-03-25,8:56,18:46,N,0.0
1001,영업직원1,영업팀,2025-03-26,8:43,18:50,N,0.0
1001,영업직원1,영업팀,2025-03-27,8:38,16:47,N,0.0
1001,영업직원1,영업팀,2025-03-28,8:46,18:50,N,0.0
1001,영업직원1,영업팀,2025-03-31,8:55,18:55,N,0.0
1001,영업직원1,영업팀,2025-04-01,8:46,18:45,N,0.0
1001,영업직원1,영업팀,2025-04-02,9:06,18:09,N,0.0
1001,영업직원1,영업팀,2025-04-03,8:51,18:25,N,0.0
1001,영업직원1,영업팀,2025-04-04,9:11,16:59,N,0.0
1001,영업직원1,영업팀,2025-04-07,8:59,18:10,N,0.0
1001,영업직원1,영업팀,2025-04-08,8:57,19:09,N,0.0
1001,영업직원1,영업팀,2025-04-09,10:13,19:09,Y,0.0
1001,영업직원1,영업팀,2025-04-10,8:55,18:37,N,0.0
1001,영업직원1,영업팀,2025-04-11,8:45,18:21,N,0.0
1001,영업직원1,영업팀,2025-04-14,8:34,18:04,N,0.0
1001,영업직원1,영업팀,2025-04-15,8:55,19:30,N,0.0
1001,영업직원1,영업팀,2025-04-16,10:11,18:53,Y,0.0
1001,영업직원1,영업팀,2025-04-17,10:19,17:01,Y,0.0
1001,영업직원1,영업팀,2025-04-18,8:58,19:14,N,0.0
1001,영업직원1,영업팀,2025-04-21,8:59,18:43,N,0.0
1001,영업직원1,영업팀,2025-04-22,8:56,17:11,N,0.0
1001,영업직원1,영업팀,2025-04-23,9:11,18:19,N,0.0
1001,영업직원1,영업팀,2025-04-24,8:53,18:01,N,0.0
1001,영업직원1,영업팀,2025-04-25,8:42,18:25,N,0.0
1001,영업직원1,영업팀,2025-04-28,9:12,18:27,N,0.0
1001,영업직원1,영업팀,2025-04-29,9:01,17:01,N,0.0
1001,영업직원1,영업팀,2025-04-30,9:02,19:25,N,0.0
1001,영업직원1,영업팀,2025-05-01,8:55,19:10,N,0.0
1001,영업직원1,영업팀,2025-05-02,9:03,18:54,N,0.0
1001,영업직원1,영업팀,2025-05-05,10:08,18:57,Y,0.0
1001,영업직원1,영업팀,2025-05-06,9:07,19:33,N,0.0
1001,영업직원1,영업팀,2025-05-07,8:27,17:13,N,0.0
1001,영업직원1,영업팀,2025-05-08,9:17,18:33,N,0.0
1001,영업직원1,영업팀,2025-05-09,8:40,17:09,N,0.0
1001,영업직원1,영업팀,2025-05-12,8:59,18:42,N,0.0
1001,영업직원1,영업팀,2025-05-13,8:52,19:23,N,0.0
1001,영업직원1,영업팀,2025-05-14,8:59,19:24,N,0.0
1001,영업직원1,영업팀,2025-05-15,8:29,18:36,N,0.0
1001,영업직원1,영업팀,2025-05-16,9:05,18:53,N,0.0
1001,영업직원1,영업팀,2025-05-19,9:15,18:31,N,0.0
1001,영업직원1,영업팀,2025-05-20,8:53,19:35,N,0.0
1001,영업직원1,영업팀,2025-05-21,8:53,18:32,N,0.0
1001,영업직원1,영업팀,2025-05-22,9:14,17:31,N,0.0
1001,영업직원1,영업팀,2025-05-23,9:03,17:44,N,0.0
1001,영업직원1,영업팀,2025-05-26,9:02,18:54,N,0.0
1001,영업직원1,영업팀,2025-05-27,9:01,17:13,N,0.0
1001,영업직원1,영업팀,2025-05-28,8:57,18:59,N,0.0
1001,영업직원1,영업팀,2025-05-29,8:59,17:08,N,0.0
1001,영업직원1,영업팀,2025-05-30,8:49,18:14,N,0.0
1001,영업직원1,영업팀,2025-06-02,9:16,17:07,N,0.0
1001,영업직원1,영업팀,2025-06-03,8:56,18:23,N,0.0
1001,영업직원1,영업팀,2025-06-04,8:41,19:50,N,0.0
1001,영업직원1,영업팀,2025-06-05,9:09,17:34,N,0.0
1001,영업직원1,영업팀,2025-06-06,8:56,18:11,N,0.0
1001,영업직원1,영업팀,2025-06-09,9:00,18:07,N,0.0
1001,영업직원1,영업팀,2025-06-10,8:45,18:38,N,0.0
1001,영업직원1,영업팀,2025-06-11,8:55,18:38,N,0.0
1001,영업직원1,영업팀,2025-06-12,8:43,19:40,N,0.0
1001,영업직원1,영업팀,2025-06-13,8:51,19:26,N,0.0
1001,영업직원1,영업팀,2025-06-16,9:09,18:24,N,0.0
1001,영업직원1,영업팀,2025-06-17,9:18,19:40,N,0.0
1001,영업직원1,영업팀,2025-06-18,9:04,18:22,N,0.0
1001,영업직원1,영업팀,2025-06-19,8:37,18:55,N,0.0
1001,영업직원1,영업팀,2025-06-20,8:43,18:00,N,0.0
1001,영업직원1,영업팀,2025-06-23,8:46,18:15,N,0.0
1001,영업직원1,영업팀,2025-06-24,9:22,18:30,N,0.0
1001,영업직원1,영업팀,2025-06-25,8:51,17:25,N,0.0
1001,영업직원1,영업팀,2025-06-26,8:51,18:41,N,0.0
1001,영업직원1,영업팀,2025-06-27,8:49,19:00,N,0.0
1001,영업직원1,영업팀,2025-06-30,8:53,17:56,N,0.0
1001,영업직원1,영업팀,2025-07-01,8:44,18:52,N,0.0
1001,영업직원1,영업팀,2025-07-02,9:03,18:59,N,0.0
1001,영업직원1,영업팀,2025-07-03,8:43,17:12,N,0.0
1001,영업직원1,영업팀,2025-07-04,8:50,19:17,N,0.0
1001,영업직원1,영업팀,2025-07-07,9:39,18:47,N,0.13
1001,영업직원1,영업팀,2025-07-08,9:15,18:11,N,0.0
1001,영업직원1,영업팀,2025-07-09,9:06,17:19,N,0.0
1001,영업직원1,영업팀,2025-07-10,8:53,18:24,N,0.0
1001,영업직원1,영업팀,2025-07-11,8:37,18:01,N,0.0
1001,영업직원1,영업팀,2025-07-14,8:40,18:57,N,0.0
1001,영업직원1,영업팀,2025-07-15,8:52,18:37,N,0.0
1001,영업직원1,영업팀,2025-07-16,9:45,18:08,N,0.0
1001,영업직원1,영업팀,2025-07-17,8:56,17:46,N,0.0
1001,영업직원1,영업팀,2025-07-18,8:38,18:00,N,0.0
1001,영업직원1,영업팀,2025-07-21,8:49,18:43,N,0.0
1001,영업직원1,영업팀,2025-07-22,9:13,17:40,N,0.0
1001,영업직원1,영업팀,2025-07-23,8:56,18:02,N,0.0
1001,영업직원1,영업팀,2025-07-24,8:50,17:47,N,0.0
1001,영업직원1,영업팀,2025-07-25,9:00,18:19,N,0.0
1001,영업직원1,영업팀,2025-07-28,8:40,18:40,N,0.0
1001,영업직원1,영업팀,2025-07-29,8:46,19:31,N,0.0
1001,영업직원1,영업팀,2025-07-30,9:05,17:12,N,0.0
1001,영업직원1,영업팀,2025-07-31,9:05,18:05,N,0.0
1001,영업직원1,영업팀,2025-08-01,9:03,17:56,N,0.0
1001,영업직원1,영업팀,2025-08-04,9:00,18:02,N,0.0
1001,영업직원1,영업팀,2025-08-05,8:46,18:32,N,0.0
1001,영업직원1,영업팀,2025-08-06,8:53,18:01,N,0.0
1001,영업직원1,영업팀,2025-08-07,8:58,18:19,N,0.0
1001,영업직원1,영업팀,2025-08-08,8:49,18:45,N,0.0
1001,영업직원1,영업팀,2025-08-11,8:45,18:48,N,0.0
1001,영업직원1,영업팀,2025-08-12,9:15,18:58,N,0.0
1001,영업직원1,영업팀,2025-08-13,8:58,16:54,N,0.0
1001,영업직원1,영업팀,2025-08-14,9:58,18:33,N,0.0
1001,영업직원1,영업팀,2025-08-15,9:41,17:51,N,0.0
1001,영업직원1,영업팀,2025-08-18,8:35,19:23,N,0.0
1001,영업직원1,영업팀,2025-08-19,8:36,18:14,N,0.0
1001,영업직원1,영업팀,2025-08-20,9:06,18:02,N,0.0
1001,영업직원1,영업팀,2025-08-21,8:43,18:33,N,0.0
1001,영업직원1,영업팀,2025-08-22,9:00,17:28,N,0.0
1001,영업직원1,영업팀,2025-08-25,9:24,17:35,N,0.0
1001,영업직원1,영업팀,2025-08-26,9:08,18:00,N,0.0
1001,영업직원1,영업팀,2025-08-27,9:05,18:51,N,0.0
1001,영업직원1,영업팀,2025-08-28,8:58,18:58,N,0.0
1001,영업직원1,영업팀,2025-08-29,8:44,18:40,N,0.0
1001,영업직원1,영업팀,2025-09-01,8:49,20:06,N,0.0
1001,영업직원1,영업팀,2025-09-02,9:01,17:51,N,0.0
1001,영업직원1,영업팀,2025-09-03,9:22,19:01,N,0.0
1001,영업직원1,영업팀,2025-09-04,9:22,19:11,N,0.0
1001,영업직원1,영업팀,2025-09-05,9:30,18:55,N,0.42
1001,영업직원1,영업팀,2025-09-08,9:34,18:21,N,0.0
1001,영업직원1,영업팀,2025-09-09,8:49,18:33,N,0.0
1001,영업직원1,영업팀,2025-09-10,8:45,18:36,N,0.0
1001,영업직원1,영업팀,2025-09-11,8:30,17:26,N,0.0
1001,영업직원1,영업팀,2025-09-12,8:56,18:06,N,0.0
1001,영업직원1,영업팀,2025-09-15,8:30,17:46,N,0.0
1001,영업직원1,영업팀,2025-09-16,9:04,18:08,N,0.0
1001,영업직원1,영업팀,2025-09-17,9:00,19:20,N,0.0
1001,영업직원1,영업팀,2025-09-18,8:55,19:31,N,0.0
1001,영업직원1,영업팀,2025-09-19,8:46,17:23,N,0.0
1001,영업직원1,영업팀,2025-09-22,8:51,18:25,N,0.0
1001,영업직원1,영업팀,2025-09-23,8:52,18:17,N,0.0
1001,영업직원1,영업팀,2025-09-24,9:07,18:33,N,0.0
1001,영업직원1,영업팀,2025-09-25,8:44,18:45,N,0.0
1001,영업직원1,영업팀,2025-09-26,8:48,18:35,N,0.0
1001,영업직원1,영업팀,2025-09-29,8:37,18:22,N,0.0
1001,영업직원1,영업팀,2025-09-30,9:13,17:56,N,0.0
1001,영업직원1,영업팀,2025-10-01,9:02,17:42,N,0.0
1001,영업직원1,영업팀,2025-10-02,8:55,20:03,N,0.0
1001,영업직원1,영업팀,2025-10-03,8:35,18:50,N,0.0
1001,영업직원1,영업팀,2025-10-06,8:49,17:58,N,0.0
1001,영업직원1,영업팀,2025-10-07,8:48,19:11,N,0.0
1001,영업직원1,영업팀,2025-10-08,8:54,19:02,N,0.0
1001,영업직원1,영업팀,2025-10-09,9:06,17:55,N,0.0
1001,영업직원1,영업팀,2025-10-10,8:58,18:57,N,0.0
1001,영업직원1,영업팀,2025-10-13,8:46,18:19,N,0.0
1001,영업직원1,영업팀,2025-10-14,8:51,17:47,N,0.0
1001,영업직원1,영업팀,2025-10-15,9:39,18:40,N,0.02
1001,영업직원1,영업팀,2025-10-16,9:13,17:50,N,0.0
1001,영업직원1,영업팀,2025-10-17,8:48,17:30,N,0.0
1001,영업직원1,영업팀,2025-10-20,9:03,18:20,N,0.0
1001,영업직원1,영업팀,2025-10-21,8:45,18:48,N,0.0
1001,영업직원1,영업팀,2025-10-22,9:00,17:23,N,0.0
1001,영업직원1,영업팀,2025-10-23,8:50,18:39,N,0.0
1001,영업직원1,영업팀,2025-10-24,9:08,19:18,N,0.0
1001,영업직원1,영업팀,2025-10-27,8:52,18:51,N,0.0
1001,영업직원1,영업팀,2025-10-28,8:59,18:32,N,0.0
1001,영업직원1,영업팀,2025-10-29,8:56,18:13,N,0.0
1001,영업직원1,영업팀,2025-10-30,9:27,18:23,N,0.0
1001,영업직원1,영업팀,2025-10-31,8:49,17:08,N,0.0
1001,영업직원1,영업팀,2025-11-03,8:56,17:47,N,0.0
1001,영업직원1,영업팀,2025-11-04,8:57,20:00,N,0.0
1001,영업직원1,영업팀,2025-11-05,9:04,18:47,N,0.0
1001,영업직원1,영업팀,2025-11-06,8:44,18:20,N,0.0
1001,영업직원1,영업팀,2025-11-07,8:52,17:58,N,0.0
1001,영업직원1,영업팀,2025-11-10,8:51,19:20,N,0.0
1001,영업직원1,영업팀,2025-11-11,9:08,18:37,N,0.0
1001,영업직원1,영업팀,2025-11-12,8:46,17:48,N,0.0
1001,영업직원1,영업팀,2025-11-13,8:58,19:04,N,0.0
1001,영업직원1,영업팀,2025-11-14,8:54,17:39,N,0.0
1001,영업직원1,영업팀,2025-11-17,8:42,18:37,N,0.0
1001,영업직원1,영업팀,2025-11-18,9:02,18:43,N,0.0
1001,영업직원1,영업팀,2025-11-19,9:01,19:13,N,0.0
1001,영업직원1,영업팀,2025-11-20,8:55,18:22,N,0.0
1001,영업직원1,영업팀,2025-11-21,9:03,18:17,N,0.0
1001,영업직원1,영업팀,2025-11-24,8:42,19:32,N,0.0
1001,영업직원1,영업팀,2025-11-25,8:45,17:40,N,0.0
1001,영업직원1,영업팀,2025-11-26,8:31,17:34,N,0.0
1001,영업직원1,영업팀,2025-11-27,8:50,18:37,N,0.0
1001,영업직원1,영업팀,2025-11-28,8:50,18:06,N,0.0
1001,영업직원1,영업팀,2025-12-01,9:13,18:25,N,0.0
1001,영업직원1,영업팀,2025-12-02,9:01,18:00,N,0.0
1001,영업직원1,영업팀,2025-12-03,8:27,18:13,N,0.0
1001,영업직원1,영업팀,2025-12-04,9:43,18:30,N,0.0
1001,영업직원1,영업팀,2025-12-05,8:52,18:24,N,0.0
1001,영업직원1,영업팀,2025-12-08,8:44,17:19,N,0.0
1001,영업직원1,영업팀,2025-12-09,9:15,18:38,N,0.0
1001,영업직원1,영업팀,2025-12-10,8:36,17:58,N,0.0
1001,영업직원1,영업팀,2025-12-11,8:42,18:24,N,0.0
1001,영업직원1,영업팀,2025-12-12,9:07,18:29,N,0.0
1001,영업직원1,영업팀,2025-12-15,9:08,18:21,N,0.0
1001,영업직원1,영업팀,2025-12-16,8:52,18:46,N,0.0
1001,영업직원1,영업팀,2025-12-17,8:43,18:54,N,0.0
1001,영업직원1,영업팀,2025-12-18,8:38,19:09,N,0.0
1001,영업직원1,영업팀,2025-12-19,9:32,18:16,N,0.0
1001,영업직원1,영업팀,2025-12-22,9:04,17:50,N,0.0
1001,영업직원1,영업팀,2025-12-23,9:03,18:02,N,0.0
1001,영업직원1,영업팀,2025-12-24,8:42,18:44,N,0.0
1001,영업직원1,영업팀,2025-12-25,9:05,17:42,N,0.0
1001,영업직원1,영업팀,2025-12-26,8:40,17:02,N,0.0
1001,영업직원1,영업팀,2025-12-29,8:46,18:23,N,0.0
1001,영업직원1,영업팀,2025-12-30,8:49,18:07,N,0.0
1001,영업직원1,영업팀,2025-12-31,8:49,17:41,N,0.0
1001,영업직원1,영업팀,2026-01-01,8:50,19:58,N,0.0
1001,영업직원1,영업팀,2026-01-02,8:53,19:25,N,0.0
1001,영업직원1,영업팀,2026-01-05,9:10,18:20,N,0.0
1001,영업직원1,영업팀,2026-01-06,8:41,19:26,N,0.0
1001,영업직원1,영업팀,2026-01-07,8:26,17:52,N,0.0
1001,영업직원1,영업팀,2026-01-08,8:51,17:07,N,0.0
1001,영업직원1,영업팀,2026-01-09,8:53,18:18,N,0.0
1001,영업직원1,영업팀,2026-01-12,9:15,19:13,N,0.0
1001,영업직원1,영업팀,2026-01-13,8:49,18:23,N,0.0
1001,영업직원1,영업팀,2026-01-14,9:04,19:16,N,0.0
1001,영업직원1,영업팀,2026-01-15,8:54,17:54,N,0.0
1001,영업직원1,영업팀,2026-01-16,8:52,17:47,N,0.0
1001,영업직원1,영업팀,2026-01-19,8:51,18:53,N,0.0
1001,영업직원1,영업팀,2026-01-20,9:12,18:37,N,0.0
1001,영업직원1,영업팀,2026-01-21,9:53,19:38,N,0.75
1001,영업직원1,영업팀,2026-01-22,9:05,18:09,N,0.0
1001,영업직원1,영업팀,2026-01-23,8:59,17:33,N,0.0
1001,영업직원1,영업팀,2026-01-26,9:01,18:25,N,0.0
1001,영업직원1,영업팀,2026-01-27,8:52,18:46,N,0.0
1001,영업직원1,영업팀,2026-01-28,9:16,19:21,N,0.0
1001,영업직원1,영업팀,2026-01-29,9:34,17:40,N,0.0
1001,영업직원1,영업팀,2026-01-30,9:04,16:46,N,0.0
1001,영업직원1,영업팀,2026-02-02,9:01,18:09,N,0.0
1001,영업직원1,영업팀,2026-02-03,8:38,19:17,N,0.0
1001,영업직원1,영업팀,2026-02-04,8:35,18:04,N,0.0
1001,영업직원1,영업팀,2026-02-05,9:12,18:37,N,0.0
1001,영업직원1,영업팀,2026-02-06,10:21,18:22,Y,0.0
1001,영업직원1,영업팀,2026-02-09,8:52,18:57,N,0.0
1001,영업직원1,영업팀,2026-02-10,9:15,18:20,N,0.0
1001,영업직원1,영업팀,2026-02-11,9:00,18:44,N,0.0
1001,영업직원1,영업팀,2026-02-12,9:05,18:36,N,0.0
1001,영업직원1,영업팀,2026-02-13,10:12,18:14,Y,0.0
1001,영업직원1,영업팀,2026-02-16,8:59,17:25,N,0.0
1001,영업직원1,영업팀,2026-02-17,8:46,19:41,N,0.0
1001,영업직원1,영업팀,2026-02-18,9:06,18:35,N,0.0
1001,영업직원1,영업팀,2026-02-19,9:21,18:00,N,0.0
1001,영업직원1,영업팀,2026-02-20,8:57,19:42,N,0.0
1001,영업직원1,영업팀,2026-02-23,8:56,18:19,N,0.0
1001,영업직원1,영업팀,2026-02-24,8:48,17:59,N,0.0
1001,영업직원1,영업팀,2026-02-25,9:08,18:03,N,0.0
1001,영업직원1,영업팀,2026-02-26,8:59,18:42,N,0.0
1001,영업직원1,영업팀,2026-02-27,9:06,18:34,N,0.0
1001,영업직원1,영업팀,2026-03-02,9:10,19:03,N,0.0
1001,영업직원1,영업팀,2026-03-03,8:54,18:12,N,0.0
1001,영업직원1,영업팀,2026-03-04,8:46,18:04,N,0.0
1001,영업직원1,영업팀,2026-03-05,9:49,17:29,N,0.0
1001,영업직원1,영업팀,2026-03-06,9:07,17:15,N,0.0
1001,영업직원1,영업팀,2026-03-09,8:57,19:41,N,0.0
1001,영업직원1,영업팀,2026-03-10,8:58,18:58,N,0.0
1001,영업직원1,영업팀,2026-03-11,8:56,17:29,N,0.0
1001,영업직원1,영업팀,2026-03-12,9:08,19:02,N,0.0
1001,영업직원1,영업팀,2026-03-13,9:55,17:40,N,0.0
1001,영업직원1,영업팀,2026-03-16,9:00,18:58,N,0.0
1001,영업직원1,영업팀,2026-03-17,9:00,18:39,N,0.0
1001,영업직원1,영업팀,2026-03-18,9:00,19:18,N,0.0
1001,영업직원1,영업팀,2026-03-19,8:52,18:44,N,0.0
1001,영업직원1,영업팀,2026-03-20,8:46,17:17,N,0.0
1001,영업직원1,영업팀,2026-03-23,8:57,18:19,N,0.0
1001,영업직원1,영업팀,2026-03-24,9:00,19:36,N,0.0
1001,영업직원1,영업팀,2026-03-25,9:19,18:11,N,0.0
1001,영업직원1,영업팀,2026-03-26,8:21,18:42,N,0.0
1001,영업직원1,영업팀,2026-03-27,8:44,19:19,N,0.0
1001,영업직원1,영업팀,2026-03-30,8:56,18:02,N,0.0
1001,영업직원1,영업팀,2026-03-31,8:39,19:11,N,0.0
1001,영업직원1,영업팀,2026-04-01,8:29,18:30,N,0.0
1001,영업직원1,영업팀,2026-04-02,8:57,17:07,N,0.0
1001,영업직원1,영업팀,2026-04-03,8:44,19:38,N,0.0
1001,영업직원1,영업팀,2026-04-06,9:03,18:16,N,0.0
1001,영업직원1,영업팀,2026-04-07,9:06,19:02,N,0.0
1001,영업직원1,영업팀,2026-04-08,8:51,19:38,N,0.0
1001,영업직원1,영업팀,2026-04-09,9:09,17:32,N,0.0
1001,영업직원1,영업팀,2026-04-10,9:00,19:09,N,0.0
1001,영업직원1,영업팀,2026-04-13,8:50,18:53,N,0.0
1001,영업직원1,영업팀,2026-04-14,9:05,17:49,N,0.0
1001,영업직원1,영업팀,2026-04-15,8:55,19:07,N,0.0
1001,영업직원1,영업팀,2026-04-16,8:57,19:44,N,0.0
1001,영업직원1,영업팀,2026-04-17,8:47,18:10,N,0.0
1001,영업직원1,영업팀,2026-04-20,8:41,18:04,N,0.0
1001,영업직원1,영업팀,2026-04-21,9:04,19:25,N,0.0
1001,영업직원1,영업팀,2026-04-22,9:11,18:00,N,0.0
1001,영업직원1,영업팀,2026-04-23,8:40,19:39,N,0.0
1001,영업직원1,영업팀,2026-04-24,8:57,19:06,N,0.0
1001,영업직원1,영업팀,2026-04-27,10:25,19:06,Y,0.0
1001,영업직원1,영업팀,2026-04-28,8:36,17:52,N,0.0
1001,영업직원1,영업팀,2026-04-29,8:58,17:20,N,0.0
1001,영업직원1,영업팀,2026-04-30,8:49,20:23,N,0.0
1001,영업직원1,영업팀,2026-05-01,8:34,18:12,N,0.0
1001,영업직원1,영업팀,2026-05-04,8:59,18:14,N,0.0
1001,영업직원1,영업팀,2026-05-05,8:58,17:38,N,0.0
1001,영업직원1,영업팀,2026-05-06,9:38,19:32,N,0.9
1001,영업직원1,영업팀,2026-05-07,9:01,18:28,N,0.0
1001,영업직원1,영업팀,2026-05-08,8:41,18:10,N,0.0
1001,영업직원1,영업팀,2026-05-11,8:54,18:41,N,0.0
1001,영업직원1,영업팀,2026-05-12,8:53,19:02,N,0.0
1001,영업직원1,영업팀,2026-05-13,8:44,18:43,N,0.0
1001,영업직원1,영업팀,2026-05-14,8:54,17:40,N,0.0
1001,영업직원1,영업팀,2026-05-15,9:05,18:43,N,0.0
1001,영업직원1,영업팀,2026-05-18,8:52,18:18,N,0.0
1001,영업직원1,영업팀,2026-05-19,8:52,17:56,N,0.0
1001,영업직원1,영업팀,2026-05-20,8:43,19:19,N,0.0
1001,영업직원1,영업팀,2026-05-21,8:54,18:15,N,0.0
1001,영업직원1,영업팀,2026-05-22,8:51,19:04,N,0.0
1001,영업직원1,영업팀,2026-05-25,8:41,18:24,N,0.0
1001,영업직원1,영업팀,2026-05-26,8:46,18:34,N,0.0
1001,영업직원1,영업팀,2026-05-27,9:05,18:14,N,0.0
1001,영업직원1,영업팀,2026-05-28,8:57,18:10,N,0.0
1001,영업직원1,영업팀,2026-05-29,8:44,18:43,N,0.0
1001,영업직원1,영업팀,2026-06-01,8:52,18:45,N,0.0
1001,영업직원1,영업팀,2026-06-02,8:57,18:49,N,0.0
1001,영업직원1,영업팀,2026-06-03,8:40,17:56,N,0.0
1001,영업직원1,영업팀,2026-06-04,8:50,17:54,N,0.0
1001,영업직원1,영업팀,2026-06-05,9:09,19:13,N,0.0
1001,영업직원1,영업팀,2026-06-08,8:40,17:59,N,0.0
1001,영업직원1,영업팀,2026-06-09,8:48,18:43,N,0.0
1001,영업직원1,영업팀,2026-06-10,9:12,19:30,N,0.0
1001,영업직원1,영업팀,2026-06-11,9:09,18:34,N,0.0
1001,영업직원1,영업팀,2026-06-12,8:39,19:31,N,0.0
1001,영업직원1,영업팀,2026-06-15,8:28,17:46,N,0.0
1001,영업직원1,영업팀,2026-06-16,9:59,17:52,N,0.0
1001,영업직원1,영업팀,2026-06-17,8:53,18:20,N,0.0
1001,영업직원1,영업팀,2026-06-18,8:57,17:00,N,0.0
1001,영업직원1,영업팀,2026-06-19,8:57,18:50,N,0.0
1001,영업직원1,영업팀,2026-06-22,9:12,18:57,N,0.0
1001,영업직원1,영업팀,2026-06-23,9:07,18:56,N,0.0
1001,영업직원1,영업팀,2026-06-24,8:48,18:36,N,0.0
1001,영업직원1,영업팀,2026-06-25,8:42,19:55,N,0.0
1001,영업직원1,영업팀,2026-06-26,9:00,18:14,N,0.0
1001,영업직원1,영업팀,2026-06-29,8:59,18:35,N,0.0
1001,영업직원1,영업팀,2026-06-30,8:40,18:55,N,0.0
1001,영업직원1,영업팀,2026-07-01,8:58,19:16,N,0.0
1001,영업직원1,영업팀,2026-07-02,9:08,19:08,N,0.0
1001,영업직원1,영업팀,2026-07-03,8:44,18:24,N,0.0
1001,영업직원1,영업팀,2026-07-06,8:59,18:28,N,0.0
1001,영업직원1,영업팀,2026-07-07,9:14,18:06,N,0.0
1001,영업직원1,영업팀,2026-07-08,8:53,18:49,N,0.0
1001,영업직원1,영업팀,2026-07-09,8:49,18:38,N,0.0
1001,영업직원1,영업팀,2026-07-10,8:56,19:20,N,0.0
1001,영업직원1,영업팀,2026-07-13,8:47,19:01,N,0.0
1001,영업직원1,영업팀,2026-07-14,8:42,18:47,N,0.0
1001,영업직원1,영업팀,2026-07-15,8:50,19:09,N,0.0
1001,영업직원1,영업팀,2026-07-16,8:48,18:04,N,0.0
1001,영업직원1,영업팀,2026-07-17,9:02,18:24,N,0.0
1001,영업직원1,영업팀,2026-07-20,8:37,18:45,N,0.0
1001,영업직원1,영업팀,2026-07-21,8:49,18:37,N,0.0
1001,영업직원1,영업팀,2026-07-22,8:51,18:39,N,0.0
1001,영업직원1,영업팀,2026-07-23,8:54,18:01,N,0.0
1001,영업직원1,영업팀,2026-07-24,9:10,18:56,N,0.0
1001,영업직원1,영업팀,2026-07-27,9:02,19:34,N,0.0
1001,영업직원1,영업팀,2026-07-28,9:11,18:15,N,0.0
1001,영업직원1,영업팀,2026-07-29,9:02,18:48,N,0.0
1001,영업직원1,영업팀,2026-07-30,9:06,19:25,N,0.0
1001,영업직원1,영업팀,2026-07-31,9:11,18:13,N,0.0
1002,영업직원2,영업팀,2025-01-01,8:40,18:09,N,0.0
1002,영업직원2,영업팀,2025-01-02,9:07,17:51,N,0.0
1002,영업직원2,영업팀,2025-01-03,8:40,20:05,N,0.0
1002,영업직원2,영업팀,2025-01-06,8:42,18:46,N,0.0
1002,영업직원2,영업팀,2025-01-07,8:59,17:38,N,0.0
1002,영업직원2,영업팀,2025-01-08,9:06,18:50,N,0.0
1002,영업직원2,영업팀,2025-01-09,9:41,18:37,N,0.0
1002,영업직원2,영업팀,2025-01-10,8:50,19:03,N,0.0
1002,영업직원2,영업팀,2025-01-13,8:41,17:40,N,0.0
1002,영업직원2,영업팀,2025-01-14,8:58,19:04,N,0.0
1002,영업직원2,영업팀,2025-01-15,8:47,18:09,N,0.0
1002,영업직원2,영업팀,2025-01-16,8:46,18:38,N,0.0
1002,영업직원2,영업팀,2025-01-17,8:58,18:59,N,0.0
1002,영업직원2,영업팀,2025-01-20,8:48,18:05,N,0.0
1002,영업직원2,영업팀,2025-01-21,8:54,17:50,N,0.0
1002,영업직원2,영업팀,2025-01-22,8:59,18:50,N,0.0
1002,영업직원2,영업팀,2025-01-23,9:04,17:59,N,0.0
1002,영업직원2,영업팀,2025-01-24,9:00,18:44,N,0.0
1002,영업직원2,영업팀,2025-01-27,10:04,17:33,Y,0.0
1002,영업직원2,영업팀,2025-01-28,8:48,18:49,N,0.0
1002,영업직원2,영업팀,2025-01-29,9:10,18:17,N,0.0
1002,영업직원2,영업팀,2025-01-30,9:10,18:58,N,0.0
1002,영업직원2,영업팀,2025-01-31,8:48,19:24,N,0.0
1002,영업직원2,영업팀,2025-02-03,9:07,19:15,N,0.0
1002,영업직원2,영업팀,2025-02-04,8:38,18:09,N,0.0
1002,영업직원2,영업팀,2025-02-05,9:07,19:14,N,0.0
1002,영업직원2,영업팀,2025-02-06,9:21,18:28,N,0.0
1002,영업직원2,영업팀,2025-02-07,8:48,17:48,N,0.0
1002,영업직원2,영업팀,2025-02-10,9:39,18:41,N,0.03
1002,영업직원2,영업팀,2025-02-11,9:02,18:01,N,0.0
1002,영업직원2,영업팀,2025-02-12,8:55,19:38,N,0.0
1002,영업직원2,영업팀,2025-02-13,9:05,18:39,N,0.0
1002,영업직원2,영업팀,2025-02-14,8:32,19:05,N,0.0
1002,영업직원2,영업팀,2025-02-17,8:57,18:56,N,0.0
1002,영업직원2,영업팀,2025-02-18,9:03,19:03,N,0.0
1002,영업직원2,영업팀,2025-02-19,8:37,18:51,N,0.0
1002,영업직원2,영업팀,2025-02-20,9:06,18:16,N,0.0
1002,영업직원2,영업팀,2025-02-21,8:47,18:15,N,0.0
1002,영업직원2,영업팀,2025-02-24,9:14,17:56,N,0.0
1002,영업직원2,영업팀,2025-02-25,8:52,17:15,N,0.0
1002,영업직원2,영업팀,2025-02-26,8:59,20:19,N,0.0
1002,영업직원2,영업팀,2025-02-27,8:43,18:22,N,0.0
1002,영업직원2,영업팀,2025-02-28,9:06,19:42,N,0.0
1002,영업직원2,영업팀,2025-03-03,8:50,18:49,N,0.0
1002,영업직원2,영업팀,2025-03-04,9:01,19:05,N,0.0
1002,영업직원2,영업팀,2025-03-05,8:44,19:14,N,0.0
1002,영업직원2,영업팀,2025-03-06,8:35,18:32,N,0.0
1002,영업직원2,영업팀,2025-03-07,8:45,18:55,N,0.0
1002,영업직원2,영업팀,2025-03-10,9:05,18:37,N,0.0
1002,영업직원2,영업팀,2025-03-11,9:07,18:43,N,0.0
1002,영업직원2,영업팀,2025-03-12,8:55,18:41,N,0.0
1002,영업직원2,영업팀,2025-03-13,9:33,20:01,N,1.47
1002,영업직원2,영업팀,2025-03-14,8:59,17:48,N,0.0
1002,영업직원2,영업팀,2025-03-17,8:37,18:12,N,0.0
1002,영업직원2,영업팀,2025-03-18,9:16,19:10,N,0.0
1002,영업직원2,영업팀,2025-03-19,9:09,18:46,N,0.0
1002,영업직원2,영업팀,2025-03-20,8:55,18:55,N,0.0
1002,영업직원2,영업팀,2025-03-21,8:41,18:10,N,0.0
1002,영업직원2,영업팀,2025-03-24,8:53,18:26,N,0.0
1002,영업직원2,영업팀,2025-03-25,8:58,18:42,N,0.0
1002,영업직원2,영업팀,2025-03-26,8:42,19:14,N,0.0
1002,영업직원2,영업팀,2025-03-27,9:46,17:59,N,0.0
1002,영업직원2,영업팀,2025-03-28,8:53,17:57,N,0.0
1002,영업직원2,영업팀,2025-03-31,9:41,18:32,N,0.0
1002,영업직원2,영업팀,2025-04-01,9:07,20:03,N,0.0
1002,영업직원2,영업팀,2025-04-02,10:17,19:25,Y,0.0
1002,영업직원2,영업팀,2025-04-03,8:58,17:43,N,0.0
1002,영업직원2,영업팀,2025-04-04,9:57,17:34,N,0.0
1002,영업직원2,영업팀,2025-04-07,8:58,18:29,N,0.0
1002,영업직원2,영업팀,2025-04-08,8:57,17:53,N,0.0
1002,영업직원2,영업팀,2025-04-09,9:11,18:38,N,0.0
1002,영업직원2,영업팀,2025-04-10,8:35,19:18,N,0.0
1002,영업직원2,영업팀,2025-04-11,8:59,19:01,N,0.0
1002,영업직원2,영업팀,2025-04-14,9:13,18:10,N,0.0
1002,영업직원2,영업팀,2025-04-15,8:39,19:33,N,0.0
1002,영업직원2,영업팀,2025-04-16,9:03,18:26,N,0.0
1002,영업직원2,영업팀,2025-04-17,8:58,19:59,N,0.0
1002,영업직원2,영업팀,2025-04-18,9:02,19:19,N,0.0
1002,영업직원2,영업팀,2025-04-21,8:53,18:30,N,0.0
1002,영업직원2,영업팀,2025-04-22,8:47,18:45,N,0.0
1002,영업직원2,영업팀,2025-04-23,8:31,18:57,N,0.0
1002,영업직원2,영업팀,2025-04-24,9:03,18:26,N,0.0
1002,영업직원2,영업팀,2025-04-25,8:29,19:16,N,0.0
1002,영업직원2,영업팀,2025-04-28,8:52,19:13,N,0.0
1002,영업직원2,영업팀,2025-04-29,8:48,18:27,N,0.0
1002,영업직원2,영업팀,2025-04-30,8:50,18:52,N,0.0
1002,영업직원2,영업팀,2025-05-01,8:41,19:21,N,0.0
1002,영업직원2,영업팀,2025-05-02,9:03,17:56,N,0.0
1002,영업직원2,영업팀,2025-05-05,8:47,18:22,N,0.0
1002,영업직원2,영업팀,2025-05-06,8:57,17:04,N,0.0
1002,영업직원2,영업팀,2025-05-07,9:29,20:06,N,0.0
1002,영업직원2,영업팀,2025-05-08,8:51,18:05,N,0.0
1002,영업직원2,영업팀,2025-05-09,8:46,17:47,N,0.0
1002,영업직원2,영업팀,2025-05-12,8:28,17:35,N,0.0
1002,영업직원2,영업팀,2025-05-13,9:32,17:46,N,0.0
1002,영업직원2,영업팀,2025-05-14,8:48,18:00,N,0.0
1002,영업직원2,영업팀,2025-05-15,9:01,18:34,N,0.0
1002,영업직원2,영업팀,2025-05-16,8:46,19:01,N,0.0
1002,영업직원2,영업팀,2025-05-19,9:02,18:59,N,0.0
1002,영업직원2,영업팀,2025-05-20,8:49,20:10,N,0.0
1002,영업직원2,영업팀,2025-05-21,9:35,17:50,N,0.0
1002,영업직원2,영업팀,2025-05-22,8:55,18:27,N,0.0
1002,영업직원2,영업팀,2025-05-23,9:04,19:02,N,0.0
1002,영업직원2,영업팀,2025-05-26,8:54,18:09,N,0.0
1002,영업직원2,영업팀,2025-05-27,8:55,17:08,N,0.0
1002,영업직원2,영업팀,2025-05-28,9:02,19:21,N,0.0
1002,영업직원2,영업팀,2025-05-29,9:04,18:14,N,0.0
1002,영업직원2,영업팀,2025-05-30,10:18,19:03,Y,0.0
1002,영업직원2,영업팀,2025-06-02,8:52,18:52,N,0.0
1002,영업직원2,영업팀,2025-06-03,8:52,18:06,N,0.0
1002,영업직원2,영업팀,2025-06-04,9:00,20:24,N,0.0
1002,영업직원2,영업팀,2025-06-05,8:56,19:16,N,0.0
1002,영업직원2,영업팀,2025-06-06,8:42,18:10,N,0.0
1002,영업직원2,영업팀,2025-06-09,9:12,19:30,N,0.0
1002,영업직원2,영업팀,2025-06-10,10:13,19:33,Y,0.0
1002,영업직원2,영업팀,2025-06-11,8:54,18:38,N,0.0
1002,영업직원2,영업팀,2025-06-12,8:32,19:26,N,0.0
1002,영업직원2,영업팀,2025-06-13,8:52,18:14,N,0.0
1002,영업직원2,영업팀,2025-06-16,8:45,18:40,N,0.0
1002,영업직원2,영업팀,2025-06-17,8:38,19:11,N,0.0
1002,영업직원2,영업팀,2025-06-18,8:52,18:49,N,0.0
1002,영업직원2,영업팀,2025-06-19,8:57,18:48,N,0.0
1002,영업직원2,영업팀,2025-06-20,9:04,17:36,N,0.0
1002,영업직원2,영업팀,2025-06-23,9:18,18:47,N,0.0
1002,영업직원2,영업팀,2025-06-24,8:47,18:10,N,0.0
1002,영업직원2,영업팀,2025-06-25,8:53,17:43,N,0.0
1002,영업직원2,영업팀,2025-06-26,8:52,18:51,N,0.0
1002,영업직원2,영업팀,2025-06-27,8:52,18:19,N,0.0
1002,영업직원2,영업팀,2025-06-30,8:38,17:21,N,0.0
1002,영업직원2,영업팀,2025-07-01,9:31,18:00,N,0.0
1002,영업직원2,영업팀,2025-07-02,8:56,17:58,N,0.0
1002,영업직원2,영업팀,2025-07-03,8:40,18:05,N,0.0
1002,영업직원2,영업팀,2025-07-04,9:58,18:06,N,0.0
1002,영업직원2,영업팀,2025-07-07,8:47,17:18,N,0.0
1002,영업직원2,영업팀,2025-07-08,8:57,18:25,N,0.0
1002,영업직원2,영업팀,2025-07-09,10:15,18:44,Y,0.0
1002,영업직원2,영업팀,2025-07-10,8:44,18:38,N,0.0
1002,영업직원2,영업팀,2025-07-11,9:01,18:03,N,0.0
1002,영업직원2,영업팀,2025-07-14,8:48,19:03,N,0.0
1002,영업직원2,영업팀,2025-07-15,8:49,18:28,N,0.0
1002,영업직원2,영업팀,2025-07-16,9:04,19:00,N,0.0
1002,영업직원2,영업팀,2025-07-17,9:22,19:00,N,0.0
1002,영업직원2,영업팀,2025-07-18,8:28,19:20,N,0.0
1002,영업직원2,영업팀,2025-07-21,9:05,17:04,N,0.0
1002,영업직원2,영업팀,2025-07-22,8:57,18:51,N,0.0
1002,영업직원2,영업팀,2025-07-23,8:30,18:47,N,0.0
1002,영업직원2,영업팀,2025-07-24,9:05,18:51,N,0.0
1002,영업직원2,영업팀,2025-07-25,8:55,19:22,N,0.0
1002,영업직원2,영업팀,2025-07-28,9:39,17:07,N,0.0
1002,영업직원2,영업팀,2025-07-29,8:55,17:41,N,0.0
1002,영업직원2,영업팀,2025-07-30,8:57,17:14,N,0.0
1002,영업직원2,영업팀,2025-07-31,9:05,18:33,N,0.0
1002,영업직원2,영업팀,2025-08-01,8:43,18:06,N,0.0
1002,영업직원2,영업팀,2025-08-04,8:51,19:12,N,0.0
1002,영업직원2,영업팀,2025-08-05,9:01,18:07,N,0.0
1002,영업직원2,영업팀,2025-08-06,9:30,19:49,N,1.32
1002,영업직원2,영업팀,2025-08-07,9:17,18:40,N,0.0
1002,영업직원2,영업팀,2025-08-08,8:44,18:30,N,0.0
1002,영업직원2,영업팀,2025-08-11,8:47,18:17,N,0.0
1002,영업직원2,영업팀,2025-08-12,8:54,18:07,N,0.0
1002,영업직원2,영업팀,2025-08-13,9:06,17:52,N,0.0
1002,영업직원2,영업팀,2025-08-14,8:46,18:11,N,0.0
1002,영업직원2,영업팀,2025-08-15,8:50,18:27,N,0.0
1002,영업직원2,영업팀,2025-08-18,8:44,18:53,N,0.0
1002,영업직원2,영업팀,2025-08-19,8:41,18:07,N,0.0
1002,영업직원2,영업팀,2025-08-20,9:15,17:38,N,0.0
1002,영업직원2,영업팀,2025-08-21,8:25,18:48,N,0.0
1002,영업직원2,영업팀,2025-08-22,8:36,19:14,N,0.0
1002,영업직원2,영업팀,2025-08-25,8:57,18:44,N,0.0
1002,영업직원2,영업팀,2025-08-26,8:34,18:20,N,0.0
1002,영업직원2,영업팀,2025-08-27,8:39,17:51,N,0.0
1002,영업직원2,영업팀,2025-08-28,8:42,19:06,N,0.0
1002,영업직원2,영업팀,2025-08-29,10:00,19:18,N,0.3
1002,영업직원2,영업팀,2025-09-01,8:59,19:10,N,0.0
1002,영업직원2,영업팀,2025-09-02,8:48,18:44,N,0.0
1002,영업직원2,영업팀,2025-09-03,8:44,18:00,N,0.0
1002,영업직원2,영업팀,2025-09-04,8:52,17:28,N,0.0
1002,영업직원2,영업팀,2025-09-05,8:15,17:37,N,0.0
1002,영업직원2,영업팀,2025-09-08,8:33,19:40,N,0.0
1002,영업직원2,영업팀,2025-09-09,8:40,18:19,N,0.0
1002,영업직원2,영업팀,2025-09-10,9:07,17:45,N,0.0
1002,영업직원2,영업팀,2025-09-11,8:53,19:15,N,0.0
1002,영업직원2,영업팀,2025-09-12,8:53,19:03,N,0.0
1002,영업직원2,영업팀,2025-09-15,9:15,18:22,N,0.0
1002,영업직원2,영업팀,2025-09-16,8:49,17:46,N,0.0
1002,영업직원2,영업팀,2025-09-17,8:28,17:55,N,0.0
1002,영업직원2,영업팀,2025-09-18,8:51,19:20,N,0.0
1002,영업직원2,영업팀,2025-09-19,9:04,18:05,N,0.0
1002,영업직원2,영업팀,2025-09-22,8:55,18:07,N,0.0
1002,영업직원2,영업팀,2025-09-23,10:00,18:21,N,0.0
1002,영업직원2,영업팀,2025-09-24,8:44,18:28,N,0.0
1002,영업직원2,영업팀,2025-09-25,9:08,16:59,N,0.0
1002,영업직원2,영업팀,2025-09-26,8:48,19:05,N,0.0
1002,영업직원2,영업팀,2025-09-29,9:07,18:32,N,0.0
1002,영업직원2,영업팀,2025-09-30,9:12,18:21,N,0.0
1002,영업직원2,영업팀,2025-10-01,8:51,18:26,N,0.0
1002,영업직원2,영업팀,2025-10-02,8:49,19:20,N,0.0
1002,영업직원2,영업팀,2025-10-03,8:55,17:12,N,0.0
1002,영업직원2,영업팀,2025-10-06,9:10,18:03,N,0.0
1002,영업직원2,영업팀,2025-10-07,8:56,18:05,N,0.0
1002,영업직원2,영업팀,2025-10-08,9:10,19:14,N,0.0
1002,영업직원2,영업팀,2025-10-09,9:03,18:14,N,0.0
1002,영업직원2,영업팀,2025-10-10,8:27,19:07,N,0.0
1002,영업직원2,영업팀,2025-10-13,9:17,20:29,N,0.0
1002,영업직원2,영업팀,2025-10-14,8:35,16:56,N,0.0
1002,영업직원2,영업팀,2025-10-15,8:55,19:43,N,0.0
1002,영업직원2,영업팀,2025-10-16,9:48,17:53,N,0.0
1002,영업직원2,영업팀,2025-10-17,9:04,18:14,N,0.0
1002,영업직원2,영업팀,2025-10-20,8:45,17:52,N,0.0
1002,영업직원2,영업팀,2025-10-21,9:04,19:05,N,0.0
1002,영업직원2,영업팀,2025-10-22,8:58,17:56,N,0.0
1002,영업직원2,영업팀,2025-10-23,8:43,17:38,N,0.0
1002,영업직원2,영업팀,2025-10-24,9:40,18:43,N,0.05
1002,영업직원2,영업팀,2025-10-27,8:39,19:05,N,0.0
1002,영업직원2,영업팀,2025-10-28,9:16,18:52,N,0.0
1002,영업직원2,영업팀,2025-10-29,8:42,18:17,N,0.0
1002,영업직원2,영업팀,2025-10-30,8:48,18:16,N,0.0
1002,영업직원2,영업팀,2025-10-31,9:03,18:36,N,0.0
1002,영업직원2,영업팀,2025-11-03,9:15,18:09,N,0.0
1002,영업직원2,영업팀,2025-11-04,9:50,19:30,N,0.67
1002,영업직원2,영업팀,2025-11-05,8:56,19:29,N,0.0
1002,영업직원2,영업팀,2025-11-06,9:04,19:21,N,0.0
1002,영업직원2,영업팀,2025-11-07,9:10,17:45,N,0.0
1002,영업직원2,영업팀,2025-11-10,8:36,17:17,N,0.0
1002,영업직원2,영업팀,2025-11-11,9:00,20:08,N,0.0
1002,영업직원2,영업팀,2025-11-12,8:20,19:03,N,0.0
1002,영업직원2,영업팀,2025-11-13,8:47,17:05,N,0.0
1002,영업직원2,영업팀,2025-11-14,9:02,17:19,N,0.0
1002,영업직원2,영업팀,2025-11-17,8:48,17:41,N,0.0
1002,영업직원2,영업팀,2025-11-18,8:40,18:22,N,0.0
1002,영업직원2,영업팀,2025-11-19,9:00,18:20,N,0.0
1002,영업직원2,영업팀,2025-11-20,9:01,18:14,N,0.0
1002,영업직원2,영업팀,2025-11-21,9:07,19:37,N,0.0
1002,영업직원2,영업팀,2025-11-24,8:46,17:32,N,0.0
1002,영업직원2,영업팀,2025-11-25,9:05,18:04,N,0.0
1002,영업직원2,영업팀,2025-11-26,10:05,17:45,Y,0.0
1002,영업직원2,영업팀,2025-11-27,10:15,18:26,Y,0.0
1002,영업직원2,영업팀,2025-11-28,8:54,18:37,N,0.0
1002,영업직원2,영업팀,2025-12-01,9:03,18:30,N,0.0
1002,영업직원2,영업팀,2025-12-02,8:38,18:58,N,0.0
1002,영업직원2,영업팀,2025-12-03,9:18,19:01,N,0.0
1002,영업직원2,영업팀,2025-12-04,8:45,18:35,N,0.0
1002,영업직원2,영업팀,2025-12-05,9:06,19:13,N,0.0
1002,영업직원2,영업팀,2025-12-08,9:06,18:21,N,0.0
1002,영업직원2,영업팀,2025-12-09,8:29,18:58,N,0.0
1002,영업직원2,영업팀,2025-12-10,9:22,19:19,N,0.0
1002,영업직원2,영업팀,2025-12-11,9:10,19:28,N,0.0
1002,영업직원2,영업팀,2025-12-12,9:06,18:28,N,0.0
1002,영업직원2,영업팀,2025-12-15,9:17,18:19,N,0.0
1002,영업직원2,영업팀,2025-12-16,9:08,18:23,N,0.0
1002,영업직원2,영업팀,2025-12-17,8:44,18:47,N,0.0
1002,영업직원2,영업팀,2025-12-18,8:48,18:35,N,0.0
1002,영업직원2,영업팀,2025-12-19,9:09,17:41,N,0.0
1002,영업직원2,영업팀,2025-12-22,9:51,17:30,N,0.0
1002,영업직원2,영업팀,2025-12-23,9:04,18:57,N,0.0
1002,영업직원2,영업팀,2025-12-24,8:55,19:22,N,0.0
1002,영업직원2,영업팀,2025-12-25,8:58,19:32,N,0.0
1002,영업직원2,영업팀,2025-12-26,9:00,18:32,N,0.0
1002,영업직원2,영업팀,2025-12-29,9:03,19:14,N,0.0
1002,영업직원2,영업팀,2025-12-30,8:59,18:56,N,0.0
1002,영업직원2,영업팀,2025-12-31,8:37,17:41,N,0.0
1002,영업직원2,영업팀,2026-01-01,8:44,18:22,N,0.0
1002,영업직원2,영업팀,2026-01-02,9:01,18:36,N,0.0
1002,영업직원2,영업팀,2026-01-05,10:19,19:03,Y,0.0
1002,영업직원2,영업팀,2026-01-06,9:09,18:00,N,0.0
1002,영업직원2,영업팀,2026-01-07,8:22,18:32,N,0.0
1002,영업직원2,영업팀,2026-01-08,8:45,17:28,N,0.0
1002,영업직원2,영업팀,2026-01-09,8:49,18:41,N,0.0
1002,영업직원2,영업팀,2026-01-12,8:55,17:44,N,0.0
1002,영업직원2,영업팀,2026-01-13,8:49,19:29,N,0.0
1002,영업직원2,영업팀,2026-01-14,9:08,18:03,N,0.0
1002,영업직원2,영업팀,2026-01-15,8:48,18:22,N,0.0
1002,영업직원2,영업팀,2026-01-16,9:00,19:25,N,0.0
1002,영업직원2,영업팀,2026-01-19,8:58,18:15,N,0.0
1002,영업직원2,영업팀,2026-01-20,8:58,18:59,N,0.0
1002,영업직원2,영업팀,2026-01-21,8:35,17:40,N,0.0
1002,영업직원2,영업팀,2026-01-22,8:56,17:25,N,0.0
1002,영업직원2,영업팀,2026-01-23,8:30,18:40,N,0.0
1002,영업직원2,영업팀,2026-01-26,8:57,18:28,N,0.0
1002,영업직원2,영업팀,2026-01-27,9:00,18:25,N,0.0
1002,영업직원2,영업팀,2026-01-28,8:46,18:33,N,0.0
1002,영업직원2,영업팀,2026-01-29,9:02,19:55,N,0.0
1002,영업직원2,영업팀,2026-01-30,8:56,17:51,N,0.0
1002,영업직원2,영업팀,2026-02-02,8:49,18:54,N,0.0
1002,영업직원2,영업팀,2026-02-03,8:49,18:30,N,0.0
1002,영업직원2,영업팀,2026-02-04,8:32,18:44,N,0.0
1002,영업직원2,영업팀,2026-02-05,8:46,19:00,N,0.0
1002,영업직원2,영업팀,2026-02-06,8:56,18:52,N,0.0
1002,영업직원2,영업팀,2026-02-09,9:09,18:09,N,0.0
1002,영업직원2,영업팀,2026-02-10,9:01,18:59,N,0.0
1002,영업직원2,영업팀,2026-02-11,9:02,17:49,N,0.0
1002,영업직원2,영업팀,2026-02-12,8:51,18:01,N,0.0
1002,영업직원2,영업팀,2026-02-13,9:11,18:18,N,0.0
1002,영업직원2,영업팀,2026-02-16,9:05,19:32,N,0.0
1002,영업직원2,영업팀,2026-02-17,8:52,17:44,N,0.0
1002,영업직원2,영업팀,2026-02-18,8:38,18:15,N,0.0
1002,영업직원2,영업팀,2026-02-19,10:02,18:38,Y,0.0
1002,영업직원2,영업팀,2026-02-20,8:51,18:34,N,0.0
1002,영업직원2,영업팀,2026-02-23,8:55,18:19,N,0.0
1002,영업직원2,영업팀,2026-02-24,8:51,18:38,N,0.0
1002,영업직원2,영업팀,2026-02-25,10:21,19:13,Y,0.0
1002,영업직원2,영업팀,2026-02-26,8:44,17:59,N,0.0
1002,영업직원2,영업팀,2026-02-27,9:10,18:32,N,0.0
1002,영업직원2,영업팀,2026-03-02,9:46,18:21,N,0.0
1002,영업직원2,영업팀,2026-03-03,8:40,17:28,N,0.0
1002,영업직원2,영업팀,2026-03-04,8:54,18:53,N,0.0
1002,영업직원2,영업팀,2026-03-05,8:52,18:00,N,0.0
1002,영업직원2,영업팀,2026-03-06,8:53,18:29,N,0.0
1002,영업직원2,영업팀,2026-03-09,9:06,19:58,N,0.0
1002,영업직원2,영업팀,2026-03-10,9:09,18:32,N,0.0
1002,영업직원2,영업팀,2026-03-11,9:13,18:37,N,0.0
1002,영업직원2,영업팀,2026-03-12,8:50,18:24,N,0.0
1002,영업직원2,영업팀,2026-03-13,8:52,17:57,N,0.0
1002,영업직원2,영업팀,2026-03-16,9:04,18:25,N,0.0
1002,영업직원2,영업팀,2026-03-17,8:50,18:07,N,0.0
1002,영업직원2,영업팀,2026-03-18,8:46,19:53,N,0.0
1002,영업직원2,영업팀,2026-03-19,8:50,18:40,N,0.0
1002,영업직원2,영업팀,2026-03-20,9:20,18:00,N,0.0
1002,영업직원2,영업팀,2026-03-23,8:51,18:17,N,0.0
1002,영업직원2,영업팀,2026-03-24,8:46,18:16,N,0.0
1002,영업직원2,영업팀,2026-03-25,8:48,18:57,N,0.0
1002,영업직원2,영업팀,2026-03-26,8:55,19:01,N,0.0
1002,영업직원2,영업팀,2026-03-27,8:34,18:14,N,0.0
1002,영업직원2,영업팀,2026-03-30,9:09,19:05,N,0.0
1002,영업직원2,영업팀,2026-03-31,8:40,17:41,N,0.0
1002,영업직원2,영업팀,2026-04-01,9:08,18:23,N,0.0
1002,영업직원2,영업팀,2026-04-02,8:50,18:19,N,0.0
1002,영업직원2,영업팀,2026-04-03,8:59,19:18,N,0.0
1002,영업직원2,영업팀,2026-04-06,9:02,17:03,N,0.0
1002,영업직원2,영업팀,2026-04-07,8:37,17:43,N,0.0
1002,영업직원2,영업팀,2026-04-08,8:39,18:36,N,0.0
1002,영업직원2,영업팀,2026-04-09,9:10,18:50,N,0.0
1002,영업직원2,영업팀,2026-04-10,9:09,18:34,N,0.0
1002,영업직원2,영업팀,2026-04-13,8:45,18:58,N,0.0
1002,영업직원2,영업팀,2026-04-14,8:59,18:34,N,0.0
1002,영업직원2,영업팀,2026-04-15,8:48,18:18,N,0.0
1002,영업직원2,영업팀,2026-04-16,8:59,17:26,N,0.0
1002,영업직원2,영업팀,2026-04-17,9:01,19:06,N,0.0
1002,영업직원2,영업팀,2026-04-20,9:01,18:11,N,0.0
1002,영업직원2,영업팀,2026-04-21,8:54,17:39,N,0.0
1002,영업직원2,영업팀,2026-04-22,8:49,18:34,N,0.0
1002,영업직원2,영업팀,2026-04-23,8:53,18:41,N,0.0
1002,영업직원2,영업팀,2026-04-24,8:36,18:59,N,0.0
1002,영업직원2,영업팀,2026-04-27,8:54,18:20,N,0.0
1002,영업직원2,영업팀,2026-04-28,8:48,18:27,N,0.0
1002,영업직원2,영업팀,2026-04-29,9:01,18:24,N,0.0
1002,영업직원2,영업팀,2026-04-30,9:04,17:28,N,0.0
1002,영업직원2,영업팀,2026-05-01,9:17,17:34,N,0.0
1002,영업직원2,영업팀,2026-05-04,8:55,18:33,N,0.0
1002,영업직원2,영업팀,2026-05-05,8:56,18:51,N,0.0
1002,영업직원2,영업팀,2026-05-06,8:45,17:50,N,0.0
1002,영업직원2,영업팀,2026-05-07,8:59,17:58,N,0.0
1002,영업직원2,영업팀,2026-05-08,8:41,17:40,N,0.0
1002,영업직원2,영업팀,2026-05-11,8:43,18:47,N,0.0
1002,영업직원2,영업팀,2026-05-12,9:05,18:24,N,0.0
1002,영업직원2,영업팀,2026-05-13,8:38,18:37,N,0.0
1002,영업직원2,영업팀,2026-05-14,8:44,18:38,N,0.0
1002,영업직원2,영업팀,2026-05-15,8:43,19:12,N,0.0
1002,영업직원2,영업팀,2026-05-18,9:34,18:31,N,0.0
1002,영업직원2,영업팀,2026-05-19,8:52,18:55,N,0.0
1002,영업직원2,영업팀,2026-05-20,8:52,18:37,N,0.0
1002,영업직원2,영업팀,2026-05-21,8:51,18:46,N,0.0
1002,영업직원2,영업팀,2026-05-22,8:37,18:20,N,0.0
1002,영업직원2,영업팀,2026-05-25,9:03,17:55,N,0.0
1002,영업직원2,영업팀,2026-05-26,9:00,17:46,N,0.0
1002,영업직원2,영업팀,2026-05-27,8:45,19:41,N,0.0
1002,영업직원2,영업팀,2026-05-28,8:43,20:12,N,0.0
1002,영업직원2,영업팀,2026-05-29,9:02,18:50,N,0.0
1002,영업직원2,영업팀,2026-06-01,8:40,18:53,N,0.0
1002,영업직원2,영업팀,2026-06-02,9:00,18:57,N,0.0
1002,영업직원2,영업팀,2026-06-03,9:09,17:54,N,0.0
1002,영업직원2,영업팀,2026-06-04,8:41,17:55,N,0.0
1002,영업직원2,영업팀,2026-06-05,9:13,18:53,N,0.0
1002,영업직원2,영업팀,2026-06-08,8:59,17:32,N,0.0
1002,영업직원2,영업팀,2026-06-09,8:48,17:58,N,0.0
1002,영업직원2,영업팀,2026-06-10,9:04,18:21,N,0.0
1002,영업직원2,영업팀,2026-06-11,8:48,17:56,N,0.0
1002,영업직원2,영업팀,2026-06-12,8:56,19:34,N,0.0
1002,영업직원2,영업팀,2026-06-15,9:06,18:08,N,0.0
1002,영업직원2,영업팀,2026-06-16,9:03,17:53,N,0.0
1002,영업직원2,영업팀,2026-06-17,8:53,18:22,N,0.0
1002,영업직원2,영업팀,2026-06-18,10:02,17:46,Y,0.0
1002,영업직원2,영업팀,2026-06-19,9:12,19:21,N,0.0
1002,영업직원2,영업팀,2026-06-22,8:51,18:08,N,0.0
1002,영업직원2,영업팀,2026-06-23,8:55,18:54,N,0.0
1002,영업직원2,영업팀,2026-06-24,8:26,17:52,N,0.0
1002,영업직원2,영업팀,2026-06-25,8:48,18:44,N,0.0
1002,영업직원2,영업팀,2026-06-26,8:52,18:34,N,0.0
1002,영업직원2,영업팀,2026-06-29,9:00,19:20,N,0.0
1002,영업직원2,영업팀,2026-06-30,8:52,18:03,N,0.0
1002,영업직원2,영업팀,2026-07-01,8:56,18:16,N,0.0
1002,영업직원2,영업팀,2026-07-02,9:00,18:11,N,0.0
1002,영업직원2,영업팀,2026-07-03,8:45,18:38,N,0.0
1002,영업직원2,영업팀,2026-07-06,8:38,18:20,N,0.0
1002,영업직원2,영업팀,2026-07-07,8:42,17:55,N,0.0
1002,영업직원2,영업팀,2026-07-08,9:04,17:44,N,0.0
1002,영업직원2,영업팀,2026-07-09,8:52,17:57,N,0.0
1002,영업직원2,영업팀,2026-07-10,9:00,18:40,N,0.0
1002,영업직원2,영업팀,2026-07-13,8:52,18:53,N,0.0
1002,영업직원2,영업팀,2026-07-14,8:42,18:27,N,0.0
1002,영업직원2,영업팀,2026-07-15,8:49,18:47,N,0.0
1002,영업직원2,영업팀,2026-07-16,8:48,17:36,N,0.0
1002,영업직원2,영업팀,2026-07-17,8:41,18:14,N,0.0
1002,영업직원2,영업팀,2026-07-20,8:49,19:10,N,0.0
1002,영업직원2,영업팀,2026-07-21,10:12,19:13,Y,0.0
1002,영업직원2,영업팀,2026-07-22,8:50,17:51,N,0.0
1002,영업직원2,영업팀,2026-07-23,9:05,17:50,N,0.0
1002,영업직원2,영업팀,2026-07-24,9:02,18:07,N,0.0
1002,영업직원2,영업팀,2026-07-27,8:57,18:38,N,0.0
1002,영업직원2,영업팀,2026-07-28,9:37,18:02,N,0.0
1002,영업직원2,영업팀,2026-07-29,9:01,19:08,N,0.0
1002,영업직원2,영업팀,2026-07-30,8:56,17:39,N,0.0
1002,영업직원2,영업팀,2026-07-31,9:10,19:15,N,0.0
1003,영업직원3,영업팀,2025-01-01,8:40,19:25,N,0.0
1003,영업직원3,영업팀,2025-01-02,9:53,18:03,N,0.0
1003,영업직원3,영업팀,2025-01-03,8:58,18:24,N,0.0
1003,영업직원3,영업팀,2025-01-06,8:37,18:37,N,0.0
1003,영업직원3,영업팀,2025-01-07,8:52,18:41,N,0.0
1003,영업직원3,영업팀,2025-01-08,8:51,19:24,N,0.0
1003,영업직원3,영업팀,2025-01-09,9:09,18:25,N,0.0
1003,영업직원3,영업팀,2025-01-10,8:36,17:57,N,0.0
1003,영업직원3,영업팀,2025-01-13,8:46,18:45,N,0.0
1003,영업직원3,영업팀,2025-01-14,8:33,17:45,N,0.0
1003,영업직원3,영업팀,2025-01-15,8:48,19:24,N,0.0
1003,영업직원3,영업팀,2025-01-16,9:24,17:01,N,0.0
1003,영업직원3,영업팀,2025-01-17,8:41,19:29,N,0.0
1003,영업직원3,영업팀,2025-01-20,8:42,18:30,N,0.0
1003,영업직원3,영업팀,2025-01-21,10:09,17:48,Y,0.0
1003,영업직원3,영업팀,2025-01-22,9:11,19:27,N,0.0
1003,영업직원3,영업팀,2025-01-23,8:49,17:17,N,0.0
1003,영업직원3,영업팀,2025-01-24,8:48,17:48,N,0.0
1003,영업직원3,영업팀,2025-01-27,8:53,19:11,N,0.0
1003,영업직원3,영업팀,2025-01-28,8:38,17:28,N,0.0
1003,영업직원3,영업팀,2025-01-29,8:45,18:26,N,0.0
1003,영업직원3,영업팀,2025-01-30,8:35,19:41,N,0.0
1003,영업직원3,영업팀,2025-01-31,9:15,18:31,N,0.0
1003,영업직원3,영업팀,2025-02-03,8:53,17:46,N,0.0
1003,영업직원3,영업팀,2025-02-04,8:52,18:41,N,0.0
1003,영업직원3,영업팀,2025-02-05,8:57,19:11,N,0.0
1003,영업직원3,영업팀,2025-02-06,8:52,19:44,N,0.0
1003,영업직원3,영업팀,2025-02-07,8:41,18:05,N,0.0
1003,영업직원3,영업팀,2025-02-10,8:44,19:20,N,0.0
1003,영업직원3,영업팀,2025-02-11,9:33,17:36,N,0.0
1003,영업직원3,영업팀,2025-02-12,9:59,17:35,N,0.0
1003,영업직원3,영업팀,2025-02-13,8:54,18:30,N,0.0
1003,영업직원3,영업팀,2025-02-14,9:00,19:28,N,0.0
1003,영업직원3,영업팀,2025-02-17,8:50,18:10,N,0.0
1003,영업직원3,영업팀,2025-02-18,8:52,19:27,N,0.0
1003,영업직원3,영업팀,2025-02-19,8:37,19:32,N,0.0
1003,영업직원3,영업팀,2025-02-20,8:46,18:50,N,0.0
1003,영업직원3,영업팀,2025-02-21,8:56,19:28,N,0.0
1003,영업직원3,영업팀,2025-02-24,9:08,18:30,N,0.0
1003,영업직원3,영업팀,2025-02-25,8:57,19:29,N,0.0
1003,영업직원3,영업팀,2025-02-26,9:52,18:18,N,0.0
1003,영업직원3,영업팀,2025-02-27,9:00,18:14,N,0.0
1003,영업직원3,영업팀,2025-02-28,8:42,19:31,N,0.0
1003,영업직원3,영업팀,2025-03-03,9:06,18:07,N,0.0
1003,영업직원3,영업팀,2025-03-04,9:02,19:01,N,0.0
1003,영업직원3,영업팀,2025-03-05,8:32,18:23,N,0.0
1003,영업직원3,영업팀,2025-03-06,8:50,18:11,N,0.0
1003,영업직원3,영업팀,2025-03-07,8:50,18:45,N,0.0
1003,영업직원3,영업팀,2025-03-10,9:14,17:57,N,0.0
1003,영업직원3,영업팀,2025-03-11,8:46,18:47,N,0.0
1003,영업직원3,영업팀,2025-03-12,8:51,18:25,N,0.0
1003,영업직원3,영업팀,2025-03-13,8:43,18:37,N,0.0
1003,영업직원3,영업팀,2025-03-14,8:46,18:30,N,0.0
1003,영업직원3,영업팀,2025-03-17,9:11,18:09,N,0.0
1003,영업직원3,영업팀,2025-03-18,9:57,20:02,N,1.08
1003,영업직원3,영업팀,2025-03-19,8:50,19:15,N,0.0
1003,영업직원3,영업팀,2025-03-20,8:54,17:56,N,0.0
1003,영업직원3,영업팀,2025-03-21,10:29,18:38,Y,0.0
1003,영업직원3,영업팀,2025-03-24,8:46,18:33,N,0.0
1003,영업직원3,영업팀,2025-03-25,9:12,18:34,N,0.0
1003,영업직원3,영업팀,2025-03-26,8:53,18:13,N,0.0
1003,영업직원3,영업팀,2025-03-27,9:05,17:45,N,0.0
1003,영업직원3,영업팀,2025-03-28,9:02,16:33,N,0.0
1003,영업직원3,영업팀,2025-03-31,9:01,18:24,N,0.0
1003,영업직원3,영업팀,2025-04-01,8:53,19:56,N,0.0
1003,영업직원3,영업팀,2025-04-02,8:41,18:15,N,0.0
1003,영업직원3,영업팀,2025-04-03,9:13,17:54,N,0.0
1003,영업직원3,영업팀,2025-04-04,9:00,18:07,N,0.0
1003,영업직원3,영업팀,2025-04-07,8:53,19:49,N,0.0
1003,영업직원3,영업팀,2025-04-08,9:07,18:49,N,0.0
1003,영업직원3,영업팀,2025-04-09,9:03,18:34,N,0.0
1003,영업직원3,영업팀,2025-04-10,8:37,18:14,N,0.0
1003,영업직원3,영업팀,2025-04-11,9:06,18:32,N,0.0
1003,영업직원3,영업팀,2025-04-14,9:03,19:11,N,0.0
1003,영업직원3,영업팀,2025-04-15,10:22,19:06,Y,0.0
1003,영업직원3,영업팀,2025-04-16,8:54,18:09,N,0.0
1003,영업직원3,영업팀,2025-04-17,8:52,18:07,N,0.0
1003,영업직원3,영업팀,2025-04-18,8:34,18:19,N,0.0
1003,영업직원3,영업팀,2025-04-21,8:58,18:48,N,0.0
1003,영업직원3,영업팀,2025-04-22,8:52,19:52,N,0.0
1003,영업직원3,영업팀,2025-04-23,9:16,18:43,N,0.0
1003,영업직원3,영업팀,2025-04-24,9:12,18:54,N,0.0
1003,영업직원3,영업팀,2025-04-25,9:06,18:50,N,0.0
1003,영업직원3,영업팀,2025-04-28,8:39,18:30,N,0.0
1003,영업직원3,영업팀,2025-04-29,8:54,18:48,N,0.0
1003,영업직원3,영업팀,2025-04-30,8:53,18:01,N,0.0
1003,영업직원3,영업팀,2025-05-01,9:18,18:51,N,0.0
1003,영업직원3,영업팀,2025-05-02,8:43,18:36,N,0.0
1003,영업직원3,영업팀,2025-05-05,9:16,17:56,N,0.0
1003,영업직원3,영업팀,2025-05-06,9:11,17:56,N,0.0
1003,영업직원3,영업팀,2025-05-07,8:49,19:07,N,0.0
1003,영업직원3,영업팀,2025-05-08,8:54,18:45,N,0.0
1003,영업직원3,영업팀,2025-05-09,8:29,18:28,N,0.0
1003,영업직원3,영업팀,2025-05-12,9:06,16:43,N,0.0
1003,영업직원3,영업팀,2025-05-13,9:07,18:48,N,0.0
1003,영업직원3,영업팀,2025-05-14,9:00,18:00,N,0.0
1003,영업직원3,영업팀,2025-05-15,9:03,18:31,N,0.0
1003,영업직원3,영업팀,2025-05-16,8:49,19:22,N,0.0
1003,영업직원3,영업팀,2025-05-19,8:43,18:04,N,0.0
1003,영업직원3,영업팀,2025-05-20,9:03,19:50,N,0.0
1003,영업직원3,영업팀,2025-05-21,8:55,18:34,N,0.0
1003,영업직원3,영업팀,2025-05-22,8:56,19:06,N,0.0
1003,영업직원3,영업팀,2025-05-23,9:16,17:21,N,0.0
1003,영업직원3,영업팀,2025-05-26,9:51,17:43,N,0.0
1003,영업직원3,영업팀,2025-05-27,9:08,19:01,N,0.0
1003,영업직원3,영업팀,2025-05-28,9:27,20:14,N,0.0
1003,영업직원3,영업팀,2025-05-29,8:47,18:27,N,0.0
1003,영업직원3,영업팀,2025-05-30,8:58,18:53,N,0.0
1003,영업직원3,영업팀,2025-06-02,8:44,17:25,N,0.0
1003,영업직원3,영업팀,2025-06-03,9:00,17:33,N,0.0
1003,영업직원3,영업팀,2025-06-04,8:54,18:17,N,0.0
1003,영업직원3,영업팀,2025-06-05,8:52,18:52,N,0.0
1003,영업직원3,영업팀,2025-06-06,9:02,19:05,N,0.0
1003,영업직원3,영업팀,2025-06-09,8:49,18:09,N,0.0
1003,영업직원3,영업팀,2025-06-10,9:06,18:50,N,0.0
1003,영업직원3,영업팀,2025-06-11,8:52,18:44,N,0.0
1003,영업직원3,영업팀,2025-06-12,8:58,18:22,N,0.0
1003,영업직원3,영업팀,2025-06-13,9:00,18:35,N,0.0
1003,영업직원3,영업팀,2025-06-16,8:41,18:40,N,0.0
1003,영업직원3,영업팀,2025-06-17,8:50,18:09,N,0.0
1003,영업직원3,영업팀,2025-06-18,9:12,18:47,N,0.0
1003,영업직원3,영업팀,2025-06-19,9:18,18:04,N,0.0
1003,영업직원3,영업팀,2025-06-20,8:24,19:02,N,0.0
1003,영업직원3,영업팀,2025-06-23,8:58,19:15,N,0.0
1003,영업직원3,영업팀,2025-06-24,9:21,17:42,N,0.0
1003,영업직원3,영업팀,2025-06-25,8:49,19:27,N,0.0
1003,영업직원3,영업팀,2025-06-26,9:07,19:34,N,0.0
1003,영업직원3,영업팀,2025-06-27,9:02,18:42,N,0.0
1003,영업직원3,영업팀,2025-06-30,9:06,18:45,N,0.0
1003,영업직원3,영업팀,2025-07-01,8:53,18:43,N,0.0
1003,영업직원3,영업팀,2025-07-02,8:52,18:48,N,0.0
1003,영업직원3,영업팀,2025-07-03,9:11,19:34,N,0.0
1003,영업직원3,영업팀,2025-07-04,9:07,19:38,N,0.0
1003,영업직원3,영업팀,2025-07-07,10:30,19:36,Y,0.0
1003,영업직원3,영업팀,2025-07-08,9:00,17:53,N,0.0
1003,영업직원3,영업팀,2025-07-09,9:51,17:56,N,0.0
1003,영업직원3,영업팀,2025-07-10,8:59,18:23,N,0.0
1003,영업직원3,영업팀,2025-07-11,9:07,17:48,N,0.0
1003,영업직원3,영업팀,2025-07-14,8:44,17:07,N,0.0
1003,영업직원3,영업팀,2025-07-15,8:55,19:03,N,0.0
1003,영업직원3,영업팀,2025-07-16,9:01,17:45,N,0.0
1003,영업직원3,영업팀,2025-07-17,8:38,19:20,N,0.0
1003,영업직원3,영업팀,2025-07-18,9:42,18:28,N,0.0
1003,영업직원3,영업팀,2025-07-21,8:45,19:08,N,0.0
1003,영업직원3,영업팀,2025-07-22,9:07,18:05,N,0.0
1003,영업직원3,영업팀,2025-07-23,8:59,19:01,N,0.0
1003,영업직원3,영업팀,2025-07-24,9:11,17:47,N,0.0
1003,영업직원3,영업팀,2025-07-25,10:16,17:22,Y,0.0
1003,영업직원3,영업팀,2025-07-28,8:51,18:48,N,0.0
1003,영업직원3,영업팀,2025-07-29,8:54,18:22,N,0.0
1003,영업직원3,영업팀,2025-07-30,9:16,20:35,N,0.0
1003,영업직원3,영업팀,2025-07-31,9:08,19:10,N,0.0
1003,영업직원3,영업팀,2025-08-01,8:37,19:11,N,0.0
1003,영업직원3,영업팀,2025-08-04,8:35,17:29,N,0.0
1003,영업직원3,영업팀,2025-08-05,8:43,18:38,N,0.0
1003,영업직원3,영업팀,2025-08-06,8:53,19:18,N,0.0
1003,영업직원3,영업팀,2025-08-07,8:49,19:15,N,0.0
1003,영업직원3,영업팀,2025-08-08,9:28,17:55,N,0.0
1003,영업직원3,영업팀,2025-08-11,8:55,18:54,N,0.0
1003,영업직원3,영업팀,2025-08-12,8:59,18:28,N,0.0
1003,영업직원3,영업팀,2025-08-13,8:54,18:36,N,0.0
1003,영업직원3,영업팀,2025-08-14,9:01,19:37,N,0.0
1003,영업직원3,영업팀,2025-08-15,8:43,19:22,N,0.0
1003,영업직원3,영업팀,2025-08-18,8:57,18:41,N,0.0
1003,영업직원3,영업팀,2025-08-19,8:32,19:07,N,0.0
1003,영업직원3,영업팀,2025-08-20,8:52,18:15,N,0.0
1003,영업직원3,영업팀,2025-08-21,8:58,18:45,N,0.0
1003,영업직원3,영업팀,2025-08-22,9:00,18:56,N,0.0
1003,영업직원3,영업팀,2025-08-25,8:25,19:18,N,0.0
1003,영업직원3,영업팀,2025-08-26,9:23,19:33,N,0.0
1003,영업직원3,영업팀,2025-08-27,8:45,18:08,N,0.0
1003,영업직원3,영업팀,2025-08-28,8:51,18:22,N,0.0
1003,영업직원3,영업팀,2025-08-29,8:49,20:02,N,0.0
1003,영업직원3,영업팀,2025-09-01,8:45,20:13,N,0.0
1003,영업직원3,영업팀,2025-09-02,9:49,18:26,N,0.0
1003,영업직원3,영업팀,2025-09-03,9:00,17:38,N,0.0
1003,영업직원3,영업팀,2025-09-04,9:06,18:58,N,0.0
1003,영업직원3,영업팀,2025-09-05,9:04,18:47,N,0.0
1003,영업직원3,영업팀,2025-09-08,8:34,17:12,N,0.0
1003,영업직원3,영업팀,2025-09-09,8:45,17:33,N,0.0
1003,영업직원3,영업팀,2025-09-10,9:03,18:31,N,0.0
1003,영업직원3,영업팀,2025-09-11,8:42,19:26,N,0.0
1003,영업직원3,영업팀,2025-09-12,9:07,18:42,N,0.0
1003,영업직원3,영업팀,2025-09-15,9:01,19:05,N,0.0
1003,영업직원3,영업팀,2025-09-16,8:48,19:01,N,0.0
1003,영업직원3,영업팀,2025-09-17,8:58,17:39,N,0.0
1003,영업직원3,영업팀,2025-09-18,8:57,19:13,N,0.0
1003,영업직원3,영업팀,2025-09-19,8:57,18:31,N,0.0
1003,영업직원3,영업팀,2025-09-22,9:03,18:52,N,0.0
1003,영업직원3,영업팀,2025-09-23,8:57,18:43,N,0.0
1003,영업직원3,영업팀,2025-09-24,9:05,18:25,N,0.0
1003,영업직원3,영업팀,2025-09-25,9:09,17:51,N,0.0
1003,영업직원3,영업팀,2025-09-26,8:45,17:45,N,0.0
1003,영업직원3,영업팀,2025-09-29,9:05,18:41,N,0.0
1003,영업직원3,영업팀,2025-09-30,8:42,18:57,N,0.0
1003,영업직원3,영업팀,2025-10-01,8:37,18:15,N,0.0
1003,영업직원3,영업팀,2025-10-02,9:04,18:52,N,0.0
1003,영업직원3,영업팀,2025-10-03,8:50,18:30,N,0.0
1003,영업직원3,영업팀,2025-10-06,9:32,18:13,N,0.0
1003,영업직원3,영업팀,2025-10-07,9:11,18:32,N,0.0
1003,영업직원3,영업팀,2025-10-08,8:57,18:25,N,0.0
1003,영업직원3,영업팀,2025-10-09,8:59,18:15,N,0.0
1003,영업직원3,영업팀,2025-10-10,9:06,18:20,N,0.0
1003,영업직원3,영업팀,2025-10-13,8:50,19:03,N,0.0
1003,영업직원3,영업팀,2025-10-14,9:17,18:00,N,0.0
1003,영업직원3,영업팀,2025-10-15,8:58,18:34,N,0.0
1003,영업직원3,영업팀,2025-10-16,10:25,19:01,Y,0.0
1003,영업직원3,영업팀,2025-10-17,9:09,19:03,N,0.0
1003,영업직원3,영업팀,2025-10-20,8:37,19:04,N,0.0
1003,영업직원3,영업팀,2025-10-21,9:06,18:44,N,0.0
1003,영업직원3,영업팀,2025-10-22,9:12,18:16,N,0.0
1003,영업직원3,영업팀,2025-10-23,8:47,18:17,N,0.0
1003,영업직원3,영업팀,2025-10-24,8:36,19:18,N,0.0
1003,영업직원3,영업팀,2025-10-27,9:48,19:28,N,0.67
1003,영업직원3,영업팀,2025-10-28,8:42,18:15,N,0.0
1003,영업직원3,영업팀,2025-10-29,8:50,19:23,N,0.0
1003,영업직원3,영업팀,2025-10-30,9:25,18:37,N,0.0
1003,영업직원3,영업팀,2025-10-31,8:49,19:12,N,0.0
1003,영업직원3,영업팀,2025-11-03,8:54,17:37,N,0.0
1003,영업직원3,영업팀,2025-11-04,8:38,19:45,N,0.0
1003,영업직원3,영업팀,2025-11-05,10:13,17:42,Y,0.0
1003,영업직원3,영업팀,2025-11-06,8:32,18:04,N,0.0
1003,영업직원3,영업팀,2025-11-07,8:56,18:26,N,0.0
1003,영업직원3,영업팀,2025-11-10,8:37,17:53,N,0.0
1003,영업직원3,영업팀,2025-11-11,9:04,19:11,N,0.0
1003,영업직원3,영업팀,2025-11-12,9:00,18:25,N,0.0
1003,영업직원3,영업팀,2025-11-13,8:58,17:20,N,0.0
1003,영업직원3,영업팀,2025-11-14,9:12,17:33,N,0.0
1003,영업직원3,영업팀,2025-11-17,8:46,17:46,N,0.0
1003,영업직원3,영업팀,2025-11-18,9:00,19:05,N,0.0
1003,영업직원3,영업팀,2025-11-19,8:49,17:53,N,0.0
1003,영업직원3,영업팀,2025-11-20,9:08,17:47,N,0.0
1003,영업직원3,영업팀,2025-11-21,9:45,19:44,N,0.98
1003,영업직원3,영업팀,2025-11-24,9:56,17:49,N,0.0
1003,영업직원3,영업팀,2025-11-25,8:46,19:41,N,0.0
1003,영업직원3,영업팀,2025-11-26,8:42,16:51,N,0.0
1003,영업직원3,영업팀,2025-11-27,8:48,19:32,N,0.0
1003,영업직원3,영업팀,2025-11-28,8:46,19:28,N,0.0
1003,영업직원3,영업팀,2025-12-01,9:05,18:52,N,0.0
1003,영업직원3,영업팀,2025-12-02,8:43,18:55,N,0.0
1003,영업직원3,영업팀,2025-12-03,8:52,18:39,N,0.0
1003,영업직원3,영업팀,2025-12-04,9:12,18:55,N,0.0
1003,영업직원3,영업팀,2025-12-05,8:57,17:42,N,0.0
1003,영업직원3,영업팀,2025-12-08,9:06,19:42,N,0.0
1003,영업직원3,영업팀,2025-12-09,8:57,18:33,N,0.0
1003,영업직원3,영업팀,2025-12-10,10:12,18:20,Y,0.0
1003,영업직원3,영업팀,2025-12-11,8:45,17:33,N,0.0
1003,영업직원3,영업팀,2025-12-12,8:54,19:07,N,0.0
1003,영업직원3,영업팀,2025-12-15,8:57,19:05,N,0.0
1003,영업직원3,영업팀,2025-12-16,9:16,18:15,N,0.0
1003,영업직원3,영업팀,2025-12-17,9:00,18:29,N,0.0
1003,영업직원3,영업팀,2025-12-18,8:36,18:11,N,0.0
1003,영업직원3,영업팀,2025-12-19,8:59,19:46,N,0.0
1003,영업직원3,영업팀,2025-12-22,8:49,18:16,N,0.0
1003,영업직원3,영업팀,2025-12-23,8:46,19:39,N,0.0
1003,영업직원3,영업팀,2025-12-24,8:57,19:57,N,0.0
1003,영업직원3,영업팀,2025-12-25,8:56,18:25,N,0.0
1003,영업직원3,영업팀,2025-12-26,8:54,18:41,N,0.0
1003,영업직원3,영업팀,2025-12-29,8:45,18:03,N,0.0
1003,영업직원3,영업팀,2025-12-30,8:45,18:12,N,0.0
1003,영업직원3,영업팀,2025-12-31,9:02,17:57,N,0.0
1003,영업직원3,영업팀,2026-01-01,8:34,19:08,N,0.0
1003,영업직원3,영업팀,2026-01-02,9:03,18:51,N,0.0
1003,영업직원3,영업팀,2026-01-05,8:45,18:03,N,0.0
1003,영업직원3,영업팀,2026-01-06,8:48,20:19,N,0.0
1003,영업직원3,영업팀,2026-01-07,9:08,18:50,N,0.0
1003,영업직원3,영업팀,2026-01-08,8:47,18:56,N,0.0
1003,영업직원3,영업팀,2026-01-09,8:48,18:38,N,0.0
1003,영업직원3,영업팀,2026-01-12,8:29,18:47,N,0.0
1003,영업직원3,영업팀,2026-01-13,8:39,18:03,N,0.0
1003,영업직원3,영업팀,2026-01-14,8:37,19:00,N,0.0
1003,영업직원3,영업팀,2026-01-15,8:54,18:21,N,0.0
1003,영업직원3,영업팀,2026-01-16,8:57,18:06,N,0.0
1003,영업직원3,영업팀,2026-01-19,8:51,18:38,N,0.0
1003,영업직원3,영업팀,2026-01-20,9:09,19:19,N,0.0
1003,영업직원3,영업팀,2026-01-21,8:45,19:13,N,0.0
1003,영업직원3,영업팀,2026-01-22,8:36,18:37,N,0.0
1003,영업직원3,영업팀,2026-01-23,8:59,18:26,N,0.0
1003,영업직원3,영업팀,2026-01-26,9:16,18:54,N,0.0
1003,영업직원3,영업팀,2026-01-27,9:11,19:01,N,0.0
1003,영업직원3,영업팀,2026-01-28,9:00,18:05,N,0.0
1003,영업직원3,영업팀,2026-01-29,9:14,18:27,N,0.0
1003,영업직원3,영업팀,2026-01-30,9:04,17:11,N,0.0
1003,영업직원3,영업팀,2026-02-02,8:59,18:44,N,0.0
1003,영업직원3,영업팀,2026-02-03,8:53,17:09,N,0.0
1003,영업직원3,영업팀,2026-02-04,8:54,18:26,N,0.0
1003,영업직원3,영업팀,2026-02-05,8:58,18:47,N,0.0
1003,영업직원3,영업팀,2026-02-06,9:01,17:11,N,0.0
1003,영업직원3,영업팀,2026-02-09,8:43,18:04,N,0.0
1003,영업직원3,영업팀,2026-02-10,9:12,17:33,N,0.0
1003,영업직원3,영업팀,2026-02-11,8:56,18:27,N,0.0
1003,영업직원3,영업팀,2026-02-12,8:54,18:31,N,0.0
1003,영업직원3,영업팀,2026-02-13,8:47,17:22,N,0.0
1003,영업직원3,영업팀,2026-02-16,8:56,17:47,N,0.0
1003,영업직원3,영업팀,2026-02-17,8:43,19:08,N,0.0
1003,영업직원3,영업팀,2026-02-18,9:36,18:21,N,0.0
1003,영업직원3,영업팀,2026-02-19,9:19,18:03,N,0.0
1003,영업직원3,영업팀,2026-02-20,8:52,18:28,N,0.0
1003,영업직원3,영업팀,2026-02-23,9:53,18:30,N,0.0
1003,영업직원3,영업팀,2026-02-24,9:13,18:57,N,0.0
1003,영업직원3,영업팀,2026-02-25,9:03,19:07,N,0.0
1003,영업직원3,영업팀,2026-02-26,9:14,18:13,N,0.0
1003,영업직원3,영업팀,2026-02-27,9:13,17:46,N,0.0
1003,영업직원3,영업팀,2026-03-02,9:16,17:42,N,0.0
1003,영업직원3,영업팀,2026-03-03,9:16,19:06,N,0.0
1003,영업직원3,영업팀,2026-03-04,9:22,18:06,N,0.0
1003,영업직원3,영업팀,2026-03-05,8:59,19:14,N,0.0
1003,영업직원3,영업팀,2026-03-06,9:09,18:48,N,0.0
1003,영업직원3,영업팀,2026-03-09,9:05,19:49,N,0.0
1003,영업직원3,영업팀,2026-03-10,9:00,18:17,N,0.0
1003,영업직원3,영업팀,2026-03-11,8:54,17:59,N,0.0
1003,영업직원3,영업팀,2026-03-12,9:52,17:40,N,0.0
1003,영업직원3,영업팀,2026-03-13,8:49,18:37,N,0.0
1003,영업직원3,영업팀,2026-03-16,8:52,18:04,N,0.0
1003,영업직원3,영업팀,2026-03-17,9:07,18:32,N,0.0
1003,영업직원3,영업팀,2026-03-18,8:38,18:22,N,0.0
1003,영업직원3,영업팀,2026-03-19,8:32,19:11,N,0.0
1003,영업직원3,영업팀,2026-03-20,8:47,18:08,N,0.0
1003,영업직원3,영업팀,2026-03-23,8:38,18:30,N,0.0
1003,영업직원3,영업팀,2026-03-24,9:10,16:56,N,0.0
1003,영업직원3,영업팀,2026-03-25,8:49,18:42,N,0.0
1003,영업직원3,영업팀,2026-03-26,9:10,17:57,N,0.0
1003,영업직원3,영업팀,2026-03-27,8:55,18:36,N,0.0
1003,영업직원3,영업팀,2026-03-30,9:07,19:03,N,0.0
1003,영업직원3,영업팀,2026-03-31,9:14,18:08,N,0.0
1003,영업직원3,영업팀,2026-04-01,8:50,17:04,N,0.0
1003,영업직원3,영업팀,2026-04-02,8:23,18:59,N,0.0
1003,영업직원3,영업팀,2026-04-03,9:15,18:52,N,0.0
1003,영업직원3,영업팀,2026-04-06,9:01,17:59,N,0.0
1003,영업직원3,영업팀,2026-04-07,8:49,18:38,N,0.0
1003,영업직원3,영업팀,2026-04-08,8:56,18:26,N,0.0
1003,영업직원3,영업팀,2026-04-09,8:48,18:01,N,0.0
1003,영업직원3,영업팀,2026-04-10,9:04,18:21,N,0.0
1003,영업직원3,영업팀,2026-04-13,8:47,18:56,N,0.0
1003,영업직원3,영업팀,2026-04-14,8:44,18:55,N,0.0
1003,영업직원3,영업팀,2026-04-15,8:49,17:47,N,0.0
1003,영업직원3,영업팀,2026-04-16,9:00,18:14,N,0.0
1003,영업직원3,영업팀,2026-04-17,8:49,16:38,N,0.0
1003,영업직원3,영업팀,2026-04-20,9:15,19:23,N,0.0
1003,영업직원3,영업팀,2026-04-21,8:43,18:11,N,0.0
1003,영업직원3,영업팀,2026-04-22,8:58,17:35,N,0.0
1003,영업직원3,영업팀,2026-04-23,9:09,17:45,N,0.0
1003,영업직원3,영업팀,2026-04-24,8:41,18:34,N,0.0
1003,영업직원3,영업팀,2026-04-27,8:50,18:35,N,0.0
1003,영업직원3,영업팀,2026-04-28,9:19,18:36,N,0.0
1003,영업직원3,영업팀,2026-04-29,8:54,17:25,N,0.0
1003,영업직원3,영업팀,2026-04-30,9:18,18:07,N,0.0
1003,영업직원3,영업팀,2026-05-01,10:16,17:55,Y,0.0
1003,영업직원3,영업팀,2026-05-04,8:57,19:14,N,0.0
1003,영업직원3,영업팀,2026-05-05,10:31,18:45,Y,0.0
1003,영업직원3,영업팀,2026-05-06,10:16,18:28,Y,0.0
1003,영업직원3,영업팀,2026-05-07,9:03,17:52,N,0.0
1003,영업직원3,영업팀,2026-05-08,10:32,18:53,Y,0.0
1003,영업직원3,영업팀,2026-05-11,9:05,19:01,N,0.0
1003,영업직원3,영업팀,2026-05-12,10:06,19:00,Y,0.0
1003,영업직원3,영업팀,2026-05-13,8:25,19:09,N,0.0
1003,영업직원3,영업팀,2026-05-14,8:45,17:49,N,0.0
1003,영업직원3,영업팀,2026-05-15,9:13,17:56,N,0.0
1003,영업직원3,영업팀,2026-05-18,10:15,19:04,Y,0.0
1003,영업직원3,영업팀,2026-05-19,10:34,17:32,Y,0.0
1003,영업직원3,영업팀,2026-05-20,10:27,19:12,Y,0.0
1003,영업직원3,영업팀,2026-05-21,10:13,18:27,Y,0.0
1003,영업직원3,영업팀,2026-05-22,9:04,18:55,N,0.0
1003,영업직원3,영업팀,2026-05-25,10:38,18:55,Y,0.0
1003,영업직원3,영업팀,2026-05-26,8:53,18:17,N,0.0
1003,영업직원3,영업팀,2026-05-27,8:54,17:42,N,0.0
1003,영업직원3,영업팀,2026-05-28,10:25,18:16,Y,0.0
1003,영업직원3,영업팀,2026-05-29,8:46,18:08,N,0.0
1003,영업직원3,영업팀,2026-06-01,10:26,19:57,Y,0.0
1003,영업직원3,영업팀,2026-06-02,8:47,18:57,N,0.0
1003,영업직원3,영업팀,2026-06-03,9:04,18:11,N,0.0
1003,영업직원3,영업팀,2026-06-04,10:40,18:23,Y,0.0
1003,영업직원3,영업팀,2026-06-05,10:12,17:53,Y,0.0
1003,영업직원3,영업팀,2026-06-08,10:37,18:58,Y,0.0
1003,영업직원3,영업팀,2026-06-09,8:50,17:31,N,0.0
1003,영업직원3,영업팀,2026-06-10,10:07,18:56,Y,0.0
1003,영업직원3,영업팀,2026-06-11,10:19,19:27,Y,0.0
1003,영업직원3,영업팀,2026-06-12,8:57,18:41,N,0.0
1003,영업직원3,영업팀,2026-06-15,10:40,19:13,Y,0.0
1003,영업직원3,영업팀,2026-06-16,10:19,18:01,Y,0.0
1003,영업직원3,영업팀,2026-06-17,10:21,18:49,Y,0.0
1003,영업직원3,영업팀,2026-06-18,8:54,18:53,N,0.0
1003,영업직원3,영업팀,2026-06-19,9:18,18:38,N,0.0
1003,영업직원3,영업팀,2026-06-22,10:13,18:14,Y,0.0
1003,영업직원3,영업팀,2026-06-23,10:12,18:38,Y,0.0
1003,영업직원3,영업팀,2026-06-24,9:38,18:09,N,0.0
1003,영업직원3,영업팀,2026-06-25,10:10,19:46,Y,0.0
1003,영업직원3,영업팀,2026-06-26,9:01,18:38,N,0.0
1003,영업직원3,영업팀,2026-06-29,10:21,18:03,Y,0.0
1003,영업직원3,영업팀,2026-06-30,9:09,18:17,N,0.0
1003,영업직원3,영업팀,2026-07-01,10:14,18:26,Y,0.0
1003,영업직원3,영업팀,2026-07-02,10:36,18:27,Y,0.0
1003,영업직원3,영업팀,2026-07-03,8:56,18:29,N,0.0
1003,영업직원3,영업팀,2026-07-06,9:08,17:58,N,0.0
1003,영업직원3,영업팀,2026-07-07,8:50,17:57,N,0.0
1003,영업직원3,영업팀,2026-07-08,10:34,18:52,Y,0.0
1003,영업직원3,영업팀,2026-07-09,8:44,18:18,N,0.0
1003,영업직원3,영업팀,2026-07-10,10:35,18:33,Y,0.0
1003,영업직원3,영업팀,2026-07-13,8:49,18:10,N,0.0
1003,영업직원3,영업팀,2026-07-14,10:28,17:56,Y,0.0
1003,영업직원3,영업팀,2026-07-15,10:06,19:07,Y,0.0
1003,영업직원3,영업팀,2026-07-16,10:15,19:06,Y,0.0
1003,영업직원3,영업팀,2026-07-17,10:08,18:54,Y,0.0
1003,영업직원3,영업팀,2026-07-20,8:44,17:46,N,0.0
1003,영업직원3,영업팀,2026-07-21,8:53,18:15,N,0.0
1003,영업직원3,영업팀,2026-07-22,10:29,17:59,Y,0.0
1003,영업직원3,영업팀,2026-07-23,10:09,18:38,Y,0.0
1003,영업직원3,영업팀,2026-07-24,10:24,19:20,Y,0.0
1003,영업직원3,영업팀,2026-07-27,10:03,19:20,Y,0.0
1003,영업직원3,영업팀,2026-07-28,8:55,19:02,N,0.0
1003,영업직원3,영업팀,2026-07-29,8:51,18:07,N,0.0
1003,영업직원3,영업팀,2026-07-30,9:05,18:44,N,0.0
1003,영업직원3,영업팀,2026-07-31,9:02,18:59,N,0.0
1004,영업직원4,영업팀,2025-01-01,9:14,20:27,N,0.0
1004,영업직원4,영업팀,2025-01-02,8:39,17:58,N,0.0
1004,영업직원4,영업팀,2025-01-03,10:04,18:19,Y,0.0
1004,영업직원4,영업팀,2025-01-06,8:29,17:42,N,0.0
1004,영업직원4,영업팀,2025-01-07,8:50,18:04,N,0.0
1004,영업직원4,영업팀,2025-01-08,9:02,18:41,N,0.0
1004,영업직원4,영업팀,2025-01-09,8:46,19:21,N,0.0
1004,영업직원4,영업팀,2025-01-10,9:03,19:12,N,0.0
1004,영업직원4,영업팀,2025-01-13,9:02,18:23,N,0.0
1004,영업직원4,영업팀,2025-01-14,8:59,17:28,N,0.0
1004,영업직원4,영업팀,2025-01-15,8:53,19:07,N,0.0
1004,영업직원4,영업팀,2025-01-16,8:48,19:09,N,0.0
1004,영업직원4,영업팀,2025-01-17,8:57,17:44,N,0.0
1004,영업직원4,영업팀,2025-01-20,8:51,18:16,N,0.0
1004,영업직원4,영업팀,2025-01-21,9:06,17:15,N,0.0
1004,영업직원4,영업팀,2025-01-22,8:53,17:34,N,0.0
1004,영업직원4,영업팀,2025-01-23,9:13,17:41,N,0.0
1004,영업직원4,영업팀,2025-01-24,9:01,17:41,N,0.0
1004,영업직원4,영업팀,2025-01-27,8:55,18:40,N,0.0
1004,영업직원4,영업팀,2025-01-28,9:06,17:59,N,0.0
1004,영업직원4,영업팀,2025-01-29,9:02,19:02,N,0.0
1004,영업직원4,영업팀,2025-01-30,8:34,17:47,N,0.0
1004,영업직원4,영업팀,2025-01-31,8:49,18:29,N,0.0
1004,영업직원4,영업팀,2025-02-03,9:03,18:31,N,0.0
1004,영업직원4,영업팀,2025-02-04,9:13,18:23,N,0.0
1004,영업직원4,영업팀,2025-02-05,8:59,18:48,N,0.0
1004,영업직원4,영업팀,2025-02-06,8:32,17:57,N,0.0
1004,영업직원4,영업팀,2025-02-07,8:51,16:55,N,0.0
1004,영업직원4,영업팀,2025-02-10,9:54,18:15,N,0.0
1004,영업직원4,영업팀,2025-02-11,8:55,18:56,N,0.0
1004,영업직원4,영업팀,2025-02-12,8:57,18:01,N,0.0
1004,영업직원4,영업팀,2025-02-13,9:05,20:17,N,0.0
1004,영업직원4,영업팀,2025-02-14,9:04,18:16,N,0.0
1004,영업직원4,영업팀,2025-02-17,8:41,18:45,N,0.0
1004,영업직원4,영업팀,2025-02-18,8:46,18:56,N,0.0
1004,영업직원4,영업팀,2025-02-19,9:10,17:46,N,0.0
1004,영업직원4,영업팀,2025-02-20,8:36,17:27,N,0.0
1004,영업직원4,영업팀,2025-02-21,9:13,17:41,N,0.0
1004,영업직원4,영업팀,2025-02-24,9:14,17:35,N,0.0
1004,영업직원4,영업팀,2025-02-25,8:56,18:45,N,0.0
1004,영업직원4,영업팀,2025-02-26,9:00,18:12,N,0.0
1004,영업직원4,영업팀,2025-02-27,8:48,17:48,N,0.0
1004,영업직원4,영업팀,2025-02-28,9:09,18:38,N,0.0
1004,영업직원4,영업팀,2025-03-03,9:16,17:44,N,0.0
1004,영업직원4,영업팀,2025-03-04,8:56,19:10,N,0.0
1004,영업직원4,영업팀,2025-03-05,9:31,19:34,N,1.05
1004,영업직원4,영업팀,2025-03-06,8:49,18:18,N,0.0
1004,영업직원4,영업팀,2025-03-07,9:00,18:15,N,0.0
1004,영업직원4,영업팀,2025-03-10,9:07,18:07,N,0.0
1004,영업직원4,영업팀,2025-03-11,9:11,18:19,N,0.0
1004,영업직원4,영업팀,2025-03-12,8:51,17:16,N,0.0
1004,영업직원4,영업팀,2025-03-13,8:58,19:23,N,0.0
1004,영업직원4,영업팀,2025-03-14,8:46,18:33,N,0.0
1004,영업직원4,영업팀,2025-03-17,9:04,19:11,N,0.0
1004,영업직원4,영업팀,2025-03-18,8:44,17:56,N,0.0
1004,영업직원4,영업팀,2025-03-19,8:44,17:06,N,0.0
1004,영업직원4,영업팀,2025-03-20,9:05,18:46,N,0.0
1004,영업직원4,영업팀,2025-03-21,9:09,18:35,N,0.0
1004,영업직원4,영업팀,2025-03-24,8:45,17:21,N,0.0
1004,영업직원4,영업팀,2025-03-25,9:06,19:47,N,0.0
1004,영업직원4,영업팀,2025-03-26,9:05,17:55,N,0.0
1004,영업직원4,영업팀,2025-03-27,9:09,19:02,N,0.0
1004,영업직원4,영업팀,2025-03-28,8:54,18:29,N,0.0
1004,영업직원4,영업팀,2025-03-31,8:49,17:51,N,0.0
1004,영업직원4,영업팀,2025-04-01,9:08,17:46,N,0.0
1004,영업직원4,영업팀,2025-04-02,9:07,18:12,N,0.0
1004,영업직원4,영업팀,2025-04-03,8:42,19:28,N,0.0
1004,영업직원4,영업팀,2025-04-04,9:03,17:45,N,0.0
1004,영업직원4,영업팀,2025-04-07,8:54,19:38,N,0.0
1004,영업직원4,영업팀,2025-04-08,9:09,18:57,N,0.0
1004,영업직원4,영업팀,2025-04-09,8:54,18:34,N,0.0
1004,영업직원4,영업팀,2025-04-10,9:09,18:32,N,0.0
1004,영업직원4,영업팀,2025-04-11,8:49,18:49,N,0.0
1004,영업직원4,영업팀,2025-04-14,8:50,18:40,N,0.0
1004,영업직원4,영업팀,2025-04-15,8:46,18:14,N,0.0
1004,영업직원4,영업팀,2025-04-16,8:39,18:08,N,0.0
1004,영업직원4,영업팀,2025-04-17,8:48,18:46,N,0.0
1004,영업직원4,영업팀,2025-04-18,8:47,18:21,N,0.0
1004,영업직원4,영업팀,2025-04-21,8:19,18:42,N,0.0
1004,영업직원4,영업팀,2025-04-22,8:56,17:50,N,0.0
1004,영업직원4,영업팀,2025-04-23,8:58,18:14,N,0.0
1004,영업직원4,영업팀,2025-04-24,9:01,16:54,N,0.0
1004,영업직원4,영업팀,2025-04-25,8:33,18:26,N,0.0
1004,영업직원4,영업팀,2025-04-28,8:41,17:50,N,0.0
1004,영업직원4,영업팀,2025-04-29,10:13,18:34,Y,0.0
1004,영업직원4,영업팀,2025-04-30,8:54,19:25,N,0.0
1004,영업직원4,영업팀,2025-05-01,9:16,18:56,N,0.0
1004,영업직원4,영업팀,2025-05-02,8:58,19:08,N,0.0
1004,영업직원4,영업팀,2025-05-05,8:57,17:53,N,0.0
1004,영업직원4,영업팀,2025-05-06,8:45,17:10,N,0.0
1004,영업직원4,영업팀,2025-05-07,8:38,18:02,N,0.0
1004,영업직원4,영업팀,2025-05-08,8:45,17:50,N,0.0
1004,영업직원4,영업팀,2025-05-09,8:36,19:22,N,0.0
1004,영업직원4,영업팀,2025-05-12,8:58,18:32,N,0.0
1004,영업직원4,영업팀,2025-05-13,9:37,18:54,N,0.28
1004,영업직원4,영업팀,2025-05-14,9:00,18:27,N,0.0
1004,영업직원4,영업팀,2025-05-15,8:40,19:05,N,0.0
1004,영업직원4,영업팀,2025-05-16,8:55,18:36,N,0.0
1004,영업직원4,영업팀,2025-05-19,9:08,18:05,N,0.0
1004,영업직원4,영업팀,2025-05-20,8:40,18:10,N,0.0
1004,영업직원4,영업팀,2025-05-21,8:58,18:03,N,0.0
1004,영업직원4,영업팀,2025-05-22,8:43,18:41,N,0.0
1004,영업직원4,영업팀,2025-05-23,9:35,18:14,N,0.0
1004,영업직원4,영업팀,2025-05-26,8:58,18:03,N,0.0
1004,영업직원4,영업팀,2025-05-27,9:22,19:48,N,0.0
1004,영업직원4,영업팀,2025-05-28,8:48,17:35,N,0.0
1004,영업직원4,영업팀,2025-05-29,8:46,17:26,N,0.0
1004,영업직원4,영업팀,2025-05-30,8:47,19:13,N,0.0
1004,영업직원4,영업팀,2025-06-02,8:51,18:21,N,0.0
1004,영업직원4,영업팀,2025-06-03,8:53,19:21,N,0.0
1004,영업직원4,영업팀,2025-06-04,9:02,18:17,N,0.0
1004,영업직원4,영업팀,2025-06-05,8:47,19:16,N,0.0
1004,영업직원4,영업팀,2025-06-06,9:56,18:16,N,0.0
1004,영업직원4,영업팀,2025-06-09,8:52,19:09,N,0.0
1004,영업직원4,영업팀,2025-06-10,8:46,19:12,N,0.0
1004,영업직원4,영업팀,2025-06-11,8:51,18:55,N,0.0
1004,영업직원4,영업팀,2025-06-12,9:03,19:30,N,0.0
1004,영업직원4,영업팀,2025-06-13,9:02,19:30,N,0.0
1004,영업직원4,영업팀,2025-06-16,8:55,19:01,N,0.0
1004,영업직원4,영업팀,2025-06-17,9:06,17:24,N,0.0
1004,영업직원4,영업팀,2025-06-18,8:56,18:10,N,0.0
1004,영업직원4,영업팀,2025-06-19,9:08,18:17,N,0.0
1004,영업직원4,영업팀,2025-06-20,9:57,18:18,N,0.0
1004,영업직원4,영업팀,2025-06-23,8:54,17:56,N,0.0
1004,영업직원4,영업팀,2025-06-24,8:45,19:34,N,0.0
1004,영업직원4,영업팀,2025-06-25,8:40,19:58,N,0.0
1004,영업직원4,영업팀,2025-06-26,8:52,18:39,N,0.0
1004,영업직원4,영업팀,2025-06-27,10:26,19:21,Y,0.0
1004,영업직원4,영업팀,2025-06-30,8:57,18:26,N,0.0
1004,영업직원4,영업팀,2025-07-01,9:08,17:36,N,0.0
1004,영업직원4,영업팀,2025-07-02,9:05,19:03,N,0.0
1004,영업직원4,영업팀,2025-07-03,9:12,18:33,N,0.0
1004,영업직원4,영업팀,2025-07-04,9:04,18:52,N,0.0
1004,영업직원4,영업팀,2025-07-07,8:58,18:58,N,0.0
1004,영업직원4,영업팀,2025-07-08,9:05,18:20,N,0.0
1004,영업직원4,영업팀,2025-07-09,8:43,18:49,N,0.0
1004,영업직원4,영업팀,2025-07-10,8:46,19:00,N,0.0
1004,영업직원4,영업팀,2025-07-11,8:24,17:41,N,0.0
1004,영업직원4,영업팀,2025-07-14,9:02,17:31,N,0.0
1004,영업직원4,영업팀,2025-07-15,8:32,18:03,N,0.0
1004,영업직원4,영업팀,2025-07-16,9:01,17:27,N,0.0
1004,영업직원4,영업팀,2025-07-17,9:07,18:32,N,0.0
1004,영업직원4,영업팀,2025-07-18,9:08,17:54,N,0.0
1004,영업직원4,영업팀,2025-07-21,8:49,19:12,N,0.0
1004,영업직원4,영업팀,2025-07-22,8:57,18:20,N,0.0
1004,영업직원4,영업팀,2025-07-23,8:59,18:53,N,0.0
1004,영업직원4,영업팀,2025-07-24,8:57,18:14,N,0.0
1004,영업직원4,영업팀,2025-07-25,8:54,19:07,N,0.0
1004,영업직원4,영업팀,2025-07-28,8:59,17:55,N,0.0
1004,영업직원4,영업팀,2025-07-29,8:44,19:18,N,0.0
1004,영업직원4,영업팀,2025-07-30,8:39,18:03,N,0.0
1004,영업직원4,영업팀,2025-07-31,9:04,18:25,N,0.0
1004,영업직원4,영업팀,2025-08-01,8:34,18:25,N,0.0
1004,영업직원4,영업팀,2025-08-04,9:09,18:56,N,0.0
1004,영업직원4,영업팀,2025-08-05,9:18,18:08,N,0.0
1004,영업직원4,영업팀,2025-08-06,9:06,18:11,N,0.0
1004,영업직원4,영업팀,2025-08-07,8:33,19:19,N,0.0
1004,영업직원4,영업팀,2025-08-08,8:49,18:58,N,0.0
1004,영업직원4,영업팀,2025-08-11,8:50,17:37,N,0.0
1004,영업직원4,영업팀,2025-08-12,9:10,17:44,N,0.0
1004,영업직원4,영업팀,2025-08-13,8:54,17:41,N,0.0
1004,영업직원4,영업팀,2025-08-14,9:06,19:38,N,0.0
1004,영업직원4,영업팀,2025-08-15,8:55,19:00,N,0.0
1004,영업직원4,영업팀,2025-08-18,8:54,18:02,N,0.0
1004,영업직원4,영업팀,2025-08-19,9:18,19:23,N,0.0
1004,영업직원4,영업팀,2025-08-20,9:14,18:52,N,0.0
1004,영업직원4,영업팀,2025-08-21,9:00,18:29,N,0.0
1004,영업직원4,영업팀,2025-08-22,9:18,19:16,N,0.0
1004,영업직원4,영업팀,2025-08-25,8:57,19:34,N,0.0
1004,영업직원4,영업팀,2025-08-26,9:05,19:04,N,0.0
1004,영업직원4,영업팀,2025-08-27,9:06,18:38,N,0.0
1004,영업직원4,영업팀,2025-08-28,9:03,17:56,N,0.0
1004,영업직원4,영업팀,2025-08-29,9:08,18:09,N,0.0
1004,영업직원4,영업팀,2025-09-01,9:09,18:14,N,0.0
1004,영업직원4,영업팀,2025-09-02,8:35,18:47,N,0.0
1004,영업직원4,영업팀,2025-09-03,8:39,18:52,N,0.0
1004,영업직원4,영업팀,2025-09-04,9:06,18:05,N,0.0
1004,영업직원4,영업팀,2025-09-05,9:03,18:48,N,0.0
1004,영업직원4,영업팀,2025-09-08,8:55,18:34,N,0.0
1004,영업직원4,영업팀,2025-09-09,8:55,18:08,N,0.0
1004,영업직원4,영업팀,2025-09-10,8:37,18:16,N,0.0
1004,영업직원4,영업팀,2025-09-11,8:55,17:56,N,0.0
1004,영업직원4,영업팀,2025-09-12,8:59,17:38,N,0.0
1004,영업직원4,영업팀,2025-09-15,8:47,18:22,N,0.0
1004,영업직원4,영업팀,2025-09-16,8:46,18:41,N,0.0
1004,영업직원4,영업팀,2025-09-17,8:41,17:30,N,0.0
1004,영업직원4,영업팀,2025-09-18,9:09,18:56,N,0.0
1004,영업직원4,영업팀,2025-09-19,9:00,17:37,N,0.0
1004,영업직원4,영업팀,2025-09-22,8:52,19:27,N,0.0
1004,영업직원4,영업팀,2025-09-23,8:54,18:55,N,0.0
1004,영업직원4,영업팀,2025-09-24,10:05,18:15,Y,0.0
1004,영업직원4,영업팀,2025-09-25,9:11,18:22,N,0.0
1004,영업직원4,영업팀,2025-09-26,9:11,18:42,N,0.0
1004,영업직원4,영업팀,2025-09-29,8:55,18:37,N,0.0
1004,영업직원4,영업팀,2025-09-30,9:00,18:16,N,0.0
1004,영업직원4,영업팀,2025-10-01,8:36,18:57,N,0.0
1004,영업직원4,영업팀,2025-10-02,9:06,18:02,N,0.0
1004,영업직원4,영업팀,2025-10-03,9:14,17:21,N,0.0
1004,영업직원4,영업팀,2025-10-06,8:59,19:24,N,0.0
1004,영업직원4,영업팀,2025-10-07,10:25,17:08,Y,0.0
1004,영업직원4,영업팀,2025-10-08,8:47,18:23,N,0.0
1004,영업직원4,영업팀,2025-10-09,8:54,19:09,N,0.0
1004,영업직원4,영업팀,2025-10-10,9:54,18:21,N,0.0
1004,영업직원4,영업팀,2025-10-13,8:43,18:32,N,0.0
1004,영업직원4,영업팀,2025-10-14,9:33,18:28,N,0.0
1004,영업직원4,영업팀,2025-10-15,8:49,18:40,N,0.0
1004,영업직원4,영업팀,2025-10-16,9:06,18:51,N,0.0
1004,영업직원4,영업팀,2025-10-17,8:52,18:28,N,0.0
1004,영업직원4,영업팀,2025-10-20,8:39,17:56,N,0.0
1004,영업직원4,영업팀,2025-10-21,8:56,19:26,N,0.0
1004,영업직원4,영업팀,2025-10-22,9:00,18:33,N,0.0
1004,영업직원4,영업팀,2025-10-23,9:55,19:12,N,0.28
1004,영업직원4,영업팀,2025-10-24,9:10,19:18,N,0.0
1004,영업직원4,영업팀,2025-10-27,9:31,17:36,N,0.0
1004,영업직원4,영업팀,2025-10-28,8:46,19:08,N,0.0
1004,영업직원4,영업팀,2025-10-29,9:12,17:29,N,0.0
1004,영업직원4,영업팀,2025-10-30,8:55,19:36,N,0.0
1004,영업직원4,영업팀,2025-10-31,10:12,18:17,Y,0.0
1004,영업직원4,영업팀,2025-11-03,8:48,17:22,N,0.0
1004,영업직원4,영업팀,2025-11-04,8:58,20:22,N,0.0
1004,영업직원4,영업팀,2025-11-05,8:55,17:17,N,0.0
1004,영업직원4,영업팀,2025-11-06,9:01,19:27,N,0.0
1004,영업직원4,영업팀,2025-11-07,9:12,19:34,N,0.0
1004,영업직원4,영업팀,2025-11-10,8:45,18:42,N,0.0
1004,영업직원4,영업팀,2025-11-11,8:57,18:53,N,0.0
1004,영업직원4,영업팀,2025-11-12,8:53,17:58,N,0.0
1004,영업직원4,영업팀,2025-11-13,9:08,18:03,N,0.0
1004,영업직원4,영업팀,2025-11-14,10:05,17:19,Y,0.0
1004,영업직원4,영업팀,2025-11-17,9:01,17:23,N,0.0
1004,영업직원4,영업팀,2025-11-18,9:00,18:21,N,0.0
1004,영업직원4,영업팀,2025-11-19,8:30,17:53,N,0.0
1004,영업직원4,영업팀,2025-11-20,9:07,20:06,N,0.0
1004,영업직원4,영업팀,2025-11-21,9:07,18:52,N,0.0
1004,영업직원4,영업팀,2025-11-24,9:11,18:48,N,0.0
1004,영업직원4,영업팀,2025-11-25,9:03,18:22,N,0.0
1004,영업직원4,영업팀,2025-11-26,8:59,20:00,N,0.0
1004,영업직원4,영업팀,2025-11-27,9:02,18:48,N,0.0
1004,영업직원4,영업팀,2025-11-28,8:56,19:26,N,0.0
1004,영업직원4,영업팀,2025-12-01,8:58,17:34,N,0.0
1004,영업직원4,영업팀,2025-12-02,8:56,18:56,N,0.0
1004,영업직원4,영업팀,2025-12-03,8:57,19:59,N,0.0
1004,영업직원4,영업팀,2025-12-04,8:57,19:38,N,0.0
1004,영업직원4,영업팀,2025-12-05,8:45,18:05,N,0.0
1004,영업직원4,영업팀,2025-12-08,8:46,19:27,N,0.0
1004,영업직원4,영업팀,2025-12-09,8:40,19:21,N,0.0
1004,영업직원4,영업팀,2025-12-10,9:00,18:22,N,0.0
1004,영업직원4,영업팀,2025-12-11,8:32,18:40,N,0.0
1004,영업직원4,영업팀,2025-12-12,9:09,18:34,N,0.0
1004,영업직원4,영업팀,2025-12-15,9:06,18:01,N,0.0
1004,영업직원4,영업팀,2025-12-16,8:42,17:42,N,0.0
1004,영업직원4,영업팀,2025-12-17,8:49,18:35,N,0.0
1004,영업직원4,영업팀,2025-12-18,8:39,18:17,N,0.0
1004,영업직원4,영업팀,2025-12-19,8:42,18:43,N,0.0
1004,영업직원4,영업팀,2025-12-22,8:40,18:02,N,0.0
1004,영업직원4,영업팀,2025-12-23,8:42,19:48,N,0.0
1004,영업직원4,영업팀,2025-12-24,8:44,19:47,N,0.0
1004,영업직원4,영업팀,2025-12-25,8:54,17:39,N,0.0
1004,영업직원4,영업팀,2025-12-26,8:38,18:32,N,0.0
1004,영업직원4,영업팀,2025-12-29,9:10,17:27,N,0.0
1004,영업직원4,영업팀,2025-12-30,8:48,16:53,N,0.0
1004,영업직원4,영업팀,2025-12-31,9:31,18:59,N,0.47
1004,영업직원4,영업팀,2026-01-01,8:43,18:02,N,0.0
1004,영업직원4,영업팀,2026-01-02,8:51,19:02,N,0.0
1004,영업직원4,영업팀,2026-01-05,8:56,18:23,N,0.0
1004,영업직원4,영업팀,2026-01-06,8:51,18:00,N,0.0
1004,영업직원4,영업팀,2026-01-07,8:29,17:58,N,0.0
1004,영업직원4,영업팀,2026-01-08,9:05,18:38,N,0.0
1004,영업직원4,영업팀,2026-01-09,8:44,19:09,N,0.0
1004,영업직원4,영업팀,2026-01-12,8:56,18:13,N,0.0
1004,영업직원4,영업팀,2026-01-13,9:11,17:57,N,0.0
1004,영업직원4,영업팀,2026-01-14,8:56,18:06,N,0.0
1004,영업직원4,영업팀,2026-01-15,8:49,17:41,N,0.0
1004,영업직원4,영업팀,2026-01-16,8:46,18:10,N,0.0
1004,영업직원4,영업팀,2026-01-19,8:50,18:22,N,0.0
1004,영업직원4,영업팀,2026-01-20,10:25,17:48,Y,0.0
1004,영업직원4,영업팀,2026-01-21,9:16,18:48,N,0.0
1004,영업직원4,영업팀,2026-01-22,8:52,18:28,N,0.0
1004,영업직원4,영업팀,2026-01-23,8:31,17:52,N,0.0
1004,영업직원4,영업팀,2026-01-26,10:17,17:47,Y,0.0
1004,영업직원4,영업팀,2026-01-27,9:47,17:57,N,0.0
1004,영업직원4,영업팀,2026-01-28,8:50,19:04,N,0.0
1004,영업직원4,영업팀,2026-01-29,9:09,19:35,N,0.0
1004,영업직원4,영업팀,2026-01-30,8:51,19:05,N,0.0
1004,영업직원4,영업팀,2026-02-02,9:01,18:51,N,0.0
1004,영업직원4,영업팀,2026-02-03,9:03,18:28,N,0.0
1004,영업직원4,영업팀,2026-02-04,8:39,17:55,N,0.0
1004,영업직원4,영업팀,2026-02-05,9:02,18:33,N,0.0
1004,영업직원4,영업팀,2026-02-06,8:41,17:48,N,0.0
1004,영업직원4,영업팀,2026-02-09,9:04,19:18,N,0.0
1004,영업직원4,영업팀,2026-02-10,8:54,18:25,N,0.0
1004,영업직원4,영업팀,2026-02-11,9:07,18:12,N,0.0
1004,영업직원4,영업팀,2026-02-12,8:52,18:12,N,0.0
1004,영업직원4,영업팀,2026-02-13,9:00,17:51,N,0.0
1004,영업직원4,영업팀,2026-02-16,8:37,17:46,N,0.0
1004,영업직원4,영업팀,2026-02-17,9:13,17:59,N,0.0
1004,영업직원4,영업팀,2026-02-18,8:45,18:36,N,0.0
1004,영업직원4,영업팀,2026-02-19,9:13,18:27,N,0.0
1004,영업직원4,영업팀,2026-02-20,8:49,18:32,N,0.0
1004,영업직원4,영업팀,2026-02-23,9:11,18:46,N,0.0
1004,영업직원4,영업팀,2026-02-24,8:46,18:41,N,0.0
1004,영업직원4,영업팀,2026-02-25,8:45,17:57,N,0.0
1004,영업직원4,영업팀,2026-02-26,9:12,17:26,N,0.0
1004,영업직원4,영업팀,2026-02-27,8:49,17:00,N,0.0
1004,영업직원4,영업팀,2026-03-02,8:28,18:10,N,0.0
1004,영업직원4,영업팀,2026-03-03,8:44,17:59,N,0.0
1004,영업직원4,영업팀,2026-03-04,10:07,18:24,Y,0.0
1004,영업직원4,영업팀,2026-03-05,8:52,18:21,N,0.0
1004,영업직원4,영업팀,2026-03-06,9:06,18:32,N,0.0
1004,영업직원4,영업팀,2026-03-09,9:05,17:42,N,0.0
1004,영업직원4,영업팀,2026-03-10,9:18,18:39,N,0.0
1004,영업직원4,영업팀,2026-03-11,8:56,19:08,N,0.0
1004,영업직원4,영업팀,2026-03-12,9:03,18:50,N,0.0
1004,영업직원4,영업팀,2026-03-13,8:47,18:24,N,0.0
1004,영업직원4,영업팀,2026-03-16,8:28,18:53,N,0.0
1004,영업직원4,영업팀,2026-03-17,9:37,19:00,N,0.38
1004,영업직원4,영업팀,2026-03-18,8:50,18:29,N,0.0
1004,영업직원4,영업팀,2026-03-19,8:52,18:09,N,0.0
1004,영업직원4,영업팀,2026-03-20,9:03,19:01,N,0.0
1004,영업직원4,영업팀,2026-03-23,10:09,18:25,Y,0.0
1004,영업직원4,영업팀,2026-03-24,9:12,17:43,N,0.0
1004,영업직원4,영업팀,2026-03-25,9:47,18:57,N,0.17
1004,영업직원4,영업팀,2026-03-26,8:52,18:13,N,0.0
1004,영업직원4,영업팀,2026-03-27,8:59,17:30,N,0.0
1004,영업직원4,영업팀,2026-03-30,8:52,18:13,N,0.0
1004,영업직원4,영업팀,2026-03-31,8:43,17:59,N,0.0
1004,영업직원4,영업팀,2026-04-01,8:59,18:09,N,0.0
1004,영업직원4,영업팀,2026-04-02,8:57,17:36,N,0.0
1004,영업직원4,영업팀,2026-04-03,8:46,19:09,N,0.0
1004,영업직원4,영업팀,2026-04-06,9:08,19:05,N,0.0
1004,영업직원4,영업팀,2026-04-07,8:48,18:37,N,0.0
1004,영업직원4,영업팀,2026-04-08,8:37,18:38,N,0.0
1004,영업직원4,영업팀,2026-04-09,8:58,18:25,N,0.0
1004,영업직원4,영업팀,2026-04-10,8:47,18:35,N,0.0
1004,영업직원4,영업팀,2026-04-13,8:57,20:10,N,0.0
1004,영업직원4,영업팀,2026-04-14,8:49,18:27,N,0.0
1004,영업직원4,영업팀,2026-04-15,8:32,18:28,N,0.0
1004,영업직원4,영업팀,2026-04-16,8:48,18:36,N,0.0
1004,영업직원4,영업팀,2026-04-17,8:57,17:49,N,0.0
1004,영업직원4,영업팀,2026-04-20,8:44,18:06,N,0.0
1004,영업직원4,영업팀,2026-04-21,9:32,18:13,N,0.0
1004,영업직원4,영업팀,2026-04-22,8:40,18:36,N,0.0
1004,영업직원4,영업팀,2026-04-23,8:52,17:52,N,0.0
1004,영업직원4,영업팀,2026-04-24,8:48,18:31,N,0.0
1004,영업직원4,영업팀,2026-04-27,9:14,18:43,N,0.0
1004,영업직원4,영업팀,2026-04-28,9:38,18:57,N,0.32
1004,영업직원4,영업팀,2026-04-29,8:52,18:37,N,0.0
1004,영업직원4,영업팀,2026-04-30,9:02,19:11,N,0.0
1004,영업직원4,영업팀,2026-05-01,8:51,17:59,N,0.0
1004,영업직원4,영업팀,2026-05-04,8:32,17:27,N,0.0
1004,영업직원4,영업팀,2026-05-05,9:04,18:58,N,0.0
1004,영업직원4,영업팀,2026-05-06,8:37,19:18,N,0.0
1004,영업직원4,영업팀,2026-05-07,8:49,17:50,N,0.0
1004,영업직원4,영업팀,2026-05-08,9:33,17:41,N,0.0
1004,영업직원4,영업팀,2026-05-11,8:56,18:19,N,0.0
1004,영업직원4,영업팀,2026-05-12,8:43,18:25,N,0.0
1004,영업직원4,영업팀,2026-05-13,8:41,18:12,N,0.0
1004,영업직원4,영업팀,2026-05-14,9:04,18:40,N,0.0
1004,영업직원4,영업팀,2026-05-15,8:47,19:40,N,0.0
1004,영업직원4,영업팀,2026-05-18,8:40,18:55,N,0.0
1004,영업직원4,영업팀,2026-05-19,10:17,19:06,Y,0.0
1004,영업직원4,영업팀,2026-05-20,8:47,19:09,N,0.0
1004,영업직원4,영업팀,2026-05-21,9:02,17:17,N,0.0
1004,영업직원4,영업팀,2026-05-22,8:41,18:02,N,0.0
1004,영업직원4,영업팀,2026-05-25,9:44,18:52,N,0.13
1004,영업직원4,영업팀,2026-05-26,8:53,18:03,N,0.0
1004,영업직원4,영업팀,2026-05-27,8:54,19:31,N,0.0
1004,영업직원4,영업팀,2026-05-28,9:00,17:29,N,0.0
1004,영업직원4,영업팀,2026-05-29,9:04,18:58,N,0.0
1004,영업직원4,영업팀,2026-06-01,8:43,18:24,N,0.0
1004,영업직원4,영업팀,2026-06-02,8:25,18:22,N,0.0
1004,영업직원4,영업팀,2026-06-03,8:39,19:16,N,0.0
1004,영업직원4,영업팀,2026-06-04,8:38,18:06,N,0.0
1004,영업직원4,영업팀,2026-06-05,9:00,18:11,N,0.0
1004,영업직원4,영업팀,2026-06-08,8:45,18:46,N,0.0
1004,영업직원4,영업팀,2026-06-09,8:39,18:48,N,0.0
1004,영업직원4,영업팀,2026-06-10,9:00,18:49,N,0.0
1004,영업직원4,영업팀,2026-06-11,8:54,19:14,N,0.0
1004,영업직원4,영업팀,2026-06-12,8:53,18:28,N,0.0
1004,영업직원4,영업팀,2026-06-15,8:56,19:23,N,0.0
1004,영업직원4,영업팀,2026-06-16,8:50,18:38,N,0.0
1004,영업직원4,영업팀,2026-06-17,8:55,19:20,N,0.0
1004,영업직원4,영업팀,2026-06-18,8:34,18:03,N,0.0
1004,영업직원4,영업팀,2026-06-19,9:34,19:04,N,0.5
1004,영업직원4,영업팀,2026-06-22,8:58,19:21,N,0.0
1004,영업직원4,영업팀,2026-06-23,8:58,18:21,N,0.0
1004,영업직원4,영업팀,2026-06-24,8:59,18:53,N,0.0
1004,영업직원4,영업팀,2026-06-25,8:54,17:57,N,0.0
1004,영업직원4,영업팀,2026-06-26,8:39,16:53,N,0.0
1004,영업직원4,영업팀,2026-06-29,8:43,18:23,N,0.0
1004,영업직원4,영업팀,2026-06-30,8:57,17:52,N,0.0
1004,영업직원4,영업팀,2026-07-01,9:17,18:34,N,0.0
1004,영업직원4,영업팀,2026-07-02,10:16,17:13,Y,0.0
1004,영업직원4,영업팀,2026-07-03,8:51,17:59,N,0.0
1004,영업직원4,영업팀,2026-07-06,8:36,18:20,N,0.0
1004,영업직원4,영업팀,2026-07-07,9:10,19:11,N,0.0
1004,영업직원4,영업팀,2026-07-08,9:08,18:26,N,0.0
1004,영업직원4,영업팀,2026-07-09,9:27,17:42,N,0.0
1004,영업직원4,영업팀,2026-07-10,8:46,18:07,N,0.0
1004,영업직원4,영업팀,2026-07-13,9:06,18:28,N,0.0
1004,영업직원4,영업팀,2026-07-14,8:41,18:11,N,0.0
1004,영업직원4,영업팀,2026-07-15,8:47,18:31,N,0.0
1004,영업직원4,영업팀,2026-07-16,8:46,16:42,N,0.0
1004,영업직원4,영업팀,2026-07-17,9:30,17:20,N,0.0
1004,영업직원4,영업팀,2026-07-20,8:59,18:44,N,0.0
1004,영업직원4,영업팀,2026-07-21,9:10,19:05,N,0.0
1004,영업직원4,영업팀,2026-07-22,8:58,18:43,N,0.0
1004,영업직원4,영업팀,2026-07-23,9:11,18:29,N,0.0
1004,영업직원4,영업팀,2026-07-24,8:59,17:25,N,0.0
1004,영업직원4,영업팀,2026-07-27,8:48,18:09,N,0.0
1004,영업직원4,영업팀,2026-07-28,9:05,19:43,N,0.0
1004,영업직원4,영업팀,2026-07-29,8:49,19:15,N,0.0
1004,영업직원4,영업팀,2026-07-30,8:31,18:19,N,0.0
1004,영업직원4,영업팀,2026-07-31,8:55,18:54,N,0.0
1005,영업직원5,영업팀,2025-01-01,9:06,19:05,N,0.0
1005,영업직원5,영업팀,2025-01-02,8:46,18:42,N,0.0
1005,영업직원5,영업팀,2025-01-03,8:53,17:34,N,0.0
1005,영업직원5,영업팀,2025-01-06,8:47,19:22,N,0.0
1005,영업직원5,영업팀,2025-01-07,8:56,19:31,N,0.0
1005,영업직원5,영업팀,2025-01-08,10:05,17:54,Y,0.0
1005,영업직원5,영업팀,2025-01-09,9:28,18:52,N,0.0
1005,영업직원5,영업팀,2025-01-10,9:03,17:46,N,0.0
1005,영업직원5,영업팀,2025-01-13,8:35,17:44,N,0.0
1005,영업직원5,영업팀,2025-01-14,8:52,17:56,N,0.0
1005,영업직원5,영업팀,2025-01-15,9:43,19:40,N,0.95
1005,영업직원5,영업팀,2025-01-16,9:07,18:46,N,0.0
1005,영업직원5,영업팀,2025-01-17,8:46,18:47,N,0.0
1005,영업직원5,영업팀,2025-01-20,9:36,19:04,N,0.47
1005,영업직원5,영업팀,2025-01-21,8:52,18:33,N,0.0
1005,영업직원5,영업팀,2025-01-22,8:47,18:29,N,0.0
1005,영업직원5,영업팀,2025-01-23,8:53,17:41,N,0.0
1005,영업직원5,영업팀,2025-01-24,9:10,19:33,N,0.0
1005,영업직원5,영업팀,2025-01-27,9:11,18:07,N,0.0
1005,영업직원5,영업팀,2025-01-28,8:52,17:46,N,0.0
1005,영업직원5,영업팀,2025-01-29,8:53,18:29,N,0.0
1005,영업직원5,영업팀,2025-01-30,8:48,17:40,N,0.0
1005,영업직원5,영업팀,2025-01-31,8:51,18:32,N,0.0
1005,영업직원5,영업팀,2025-02-03,8:49,18:00,N,0.0
1005,영업직원5,영업팀,2025-02-04,8:45,19:48,N,0.0
1005,영업직원5,영업팀,2025-02-05,8:58,19:00,N,0.0
1005,영업직원5,영업팀,2025-02-06,8:49,18:37,N,0.0
1005,영업직원5,영업팀,2025-02-07,8:54,18:36,N,0.0
1005,영업직원5,영업팀,2025-02-10,8:46,18:27,N,0.0
1005,영업직원5,영업팀,2025-02-11,8:52,18:50,N,0.0
1005,영업직원5,영업팀,2025-02-12,8:53,18:59,N,0.0
1005,영업직원5,영업팀,2025-02-13,8:46,18:06,N,0.0
1005,영업직원5,영업팀,2025-02-14,9:04,19:02,N,0.0
1005,영업직원5,영업팀,2025-02-17,8:58,18:38,N,0.0
1005,영업직원5,영업팀,2025-02-18,9:01,19:18,N,0.0
1005,영업직원5,영업팀,2025-02-19,9:04,17:36,N,0.0
1005,영업직원5,영업팀,2025-02-20,8:46,19:38,N,0.0
1005,영업직원5,영업팀,2025-02-21,8:47,17:46,N,0.0
1005,영업직원5,영업팀,2025-02-24,8:55,17:45,N,0.0
1005,영업직원5,영업팀,2025-02-25,9:05,17:07,N,0.0
1005,영업직원5,영업팀,2025-02-26,8:37,18:46,N,0.0
1005,영업직원5,영업팀,2025-02-27,8:46,18:36,N,0.0
1005,영업직원5,영업팀,2025-02-28,9:05,17:47,N,0.0
1005,영업직원5,영업팀,2025-03-03,8:40,19:08,N,0.0
1005,영업직원5,영업팀,2025-03-04,9:00,17:09,N,0.0
1005,영업직원5,영업팀,2025-03-05,9:08,18:38,N,0.0
1005,영업직원5,영업팀,2025-03-06,8:47,18:35,N,0.0
1005,영업직원5,영업팀,2025-03-07,8:50,18:17,N,0.0
1005,영업직원5,영업팀,2025-03-10,9:03,17:24,N,0.0
1005,영업직원5,영업팀,2025-03-11,8:42,17:32,N,0.0
1005,영업직원5,영업팀,2025-03-12,8:44,18:54,N,0.0
1005,영업직원5,영업팀,2025-03-13,8:24,17:57,N,0.0
1005,영업직원5,영업팀,2025-03-14,8:43,19:31,N,0.0
1005,영업직원5,영업팀,2025-03-17,8:57,17:48,N,0.0
1005,영업직원5,영업팀,2025-03-18,8:46,18:21,N,0.0
1005,영업직원5,영업팀,2025-03-19,9:19,19:13,N,0.0
1005,영업직원5,영업팀,2025-03-20,8:38,18:34,N,0.0
1005,영업직원5,영업팀,2025-03-21,8:34,18:04,N,0.0
1005,영업직원5,영업팀,2025-03-24,8:59,18:25,N,0.0
1005,영업직원5,영업팀,2025-03-25,9:03,17:26,N,0.0
1005,영업직원5,영업팀,2025-03-26,8:37,18:32,N,0.0
1005,영업직원5,영업팀,2025-03-27,9:05,17:13,N,0.0
1005,영업직원5,영업팀,2025-03-28,8:54,18:29,N,0.0
1005,영업직원5,영업팀,2025-03-31,9:03,19:09,N,0.0
1005,영업직원5,영업팀,2025-04-01,8:48,18:17,N,0.0
1005,영업직원5,영업팀,2025-04-02,8:48,19:17,N,0.0
1005,영업직원5,영업팀,2025-04-03,8:45,20:00,N,0.0
1005,영업직원5,영업팀,2025-04-04,9:05,18:25,N,0.0
1005,영업직원5,영업팀,2025-04-07,9:30,18:35,N,0.08
1005,영업직원5,영업팀,2025-04-08,9:01,18:53,N,0.0
1005,영업직원5,영업팀,2025-04-09,8:51,18:26,N,0.0
1005,영업직원5,영업팀,2025-04-10,8:59,17:55,N,0.0
1005,영업직원5,영업팀,2025-04-11,9:00,18:08,N,0.0
1005,영업직원5,영업팀,2025-04-14,8:46,18:51,N,0.0
1005,영업직원5,영업팀,2025-04-15,8:43,19:04,N,0.0
1005,영업직원5,영업팀,2025-04-16,8:47,18:34,N,0.0
1005,영업직원5,영업팀,2025-04-17,9:15,17:55,N,0.0
1005,영업직원5,영업팀,2025-04-18,9:12,18:29,N,0.0
1005,영업직원5,영업팀,2025-04-21,8:56,18:33,N,0.0
1005,영업직원5,영업팀,2025-04-22,8:42,18:33,N,0.0
1005,영업직원5,영업팀,2025-04-23,9:09,18:59,N,0.0
1005,영업직원5,영업팀,2025-04-24,8:34,18:49,N,0.0
1005,영업직원5,영업팀,2025-04-25,8:48,18:41,N,0.0
1005,영업직원5,영업팀,2025-04-28,8:42,18:15,N,0.0
1005,영업직원5,영업팀,2025-04-29,9:01,19:20,N,0.0
1005,영업직원5,영업팀,2025-04-30,9:00,18:05,N,0.0
1005,영업직원5,영업팀,2025-05-01,8:42,18:56,N,0.0
1005,영업직원5,영업팀,2025-05-02,9:10,18:22,N,0.0
1005,영업직원5,영업팀,2025-05-05,9:05,18:59,N,0.0
1005,영업직원5,영업팀,2025-05-06,9:07,19:20,N,0.0
1005,영업직원5,영업팀,2025-05-07,9:15,18:22,N,0.0
1005,영업직원5,영업팀,2025-05-08,9:17,19:09,N,0.0
1005,영업직원5,영업팀,2025-05-09,8:35,18:41,N,0.0
1005,영업직원5,영업팀,2025-05-12,9:10,18:56,N,0.0
1005,영업직원5,영업팀,2025-05-13,8:53,18:42,N,0.0
1005,영업직원5,영업팀,2025-05-14,8:57,17:45,N,0.0
1005,영업직원5,영업팀,2025-05-15,8:35,18:42,N,0.0
1005,영업직원5,영업팀,2025-05-16,9:15,18:12,N,0.0
1005,영업직원5,영업팀,2025-05-19,9:21,18:49,N,0.0
1005,영업직원5,영업팀,2025-05-20,8:52,17:39,N,0.0
1005,영업직원5,영업팀,2025-05-21,10:16,17:43,Y,0.0
1005,영업직원5,영업팀,2025-05-22,8:47,18:13,N,0.0
1005,영업직원5,영업팀,2025-05-23,9:45,19:33,N,0.8
1005,영업직원5,영업팀,2025-05-26,8:31,18:27,N,0.0
1005,영업직원5,영업팀,2025-05-27,9:01,18:54,N,0.0
1005,영업직원5,영업팀,2025-05-28,9:00,18:31,N,0.0
1005,영업직원5,영업팀,2025-05-29,8:49,18:17,N,0.0
1005,영업직원5,영업팀,2025-05-30,8:58,18:00,N,0.0
1005,영업직원5,영업팀,2025-06-02,8:33,18:36,N,0.0
1005,영업직원5,영업팀,2025-06-03,8:52,18:44,N,0.0
1005,영업직원5,영업팀,2025-06-04,9:01,18:20,N,0.0
1005,영업직원5,영업팀,2025-06-05,9:15,18:27,N,0.0
1005,영업직원5,영업팀,2025-06-06,8:39,18:50,N,0.0
1005,영업직원5,영업팀,2025-06-09,8:53,17:53,N,0.0
1005,영업직원5,영업팀,2025-06-10,8:55,18:10,N,0.0
1005,영업직원5,영업팀,2025-06-11,8:46,18:50,N,0.0
1005,영업직원5,영업팀,2025-06-12,8:55,17:40,N,0.0
1005,영업직원5,영업팀,2025-06-13,8:51,17:46,N,0.0
1005,영업직원5,영업팀,2025-06-16,8:56,18:25,N,0.0
1005,영업직원5,영업팀,2025-06-17,8:37,18:49,N,0.0
1005,영업직원5,영업팀,2025-06-18,8:53,18:19,N,0.0
1005,영업직원5,영업팀,2025-06-19,8:35,17:13,N,0.0
1005,영업직원5,영업팀,2025-06-20,9:15,17:51,N,0.0
1005,영업직원5,영업팀,2025-06-23,8:54,18:48,N,0.0
1005,영업직원5,영업팀,2025-06-24,8:38,19:13,N,0.0
1005,영업직원5,영업팀,2025-06-25,8:53,17:36,N,0.0
1005,영업직원5,영업팀,2025-06-26,8:45,19:22,N,0.0
1005,영업직원5,영업팀,2025-06-27,8:37,18:12,N,0.0
1005,영업직원5,영업팀,2025-06-30,9:00,18:31,N,0.0
1005,영업직원5,영업팀,2025-07-01,8:47,18:39,N,0.0
1005,영업직원5,영업팀,2025-07-02,8:55,18:38,N,0.0
1005,영업직원5,영업팀,2025-07-03,9:11,18:07,N,0.0
1005,영업직원5,영업팀,2025-07-04,9:11,18:12,N,0.0
1005,영업직원5,영업팀,2025-07-07,9:12,19:23,N,0.0
1005,영업직원5,영업팀,2025-07-08,8:40,17:18,N,0.0
1005,영업직원5,영업팀,2025-07-09,9:19,18:12,N,0.0
1005,영업직원5,영업팀,2025-07-10,8:54,19:14,N,0.0
1005,영업직원5,영업팀,2025-07-11,8:37,17:20,N,0.0
1005,영업직원5,영업팀,2025-07-14,8:31,19:08,N,0.0
1005,영업직원5,영업팀,2025-07-15,8:51,18:51,N,0.0
1005,영업직원5,영업팀,2025-07-16,8:56,17:51,N,0.0
1005,영업직원5,영업팀,2025-07-17,9:22,19:06,N,0.0
1005,영업직원5,영업팀,2025-07-18,8:42,18:46,N,0.0
1005,영업직원5,영업팀,2025-07-21,8:49,18:13,N,0.0
1005,영업직원5,영업팀,2025-07-22,9:07,19:23,N,0.0
1005,영업직원5,영업팀,2025-07-23,8:38,17:20,N,0.0
1005,영업직원5,영업팀,2025-07-24,8:58,18:39,N,0.0
1005,영업직원5,영업팀,2025-07-25,8:54,19:13,N,0.0
1005,영업직원5,영업팀,2025-07-28,9:05,19:16,N,0.0
1005,영업직원5,영업팀,2025-07-29,8:50,18:02,N,0.0
1005,영업직원5,영업팀,2025-07-30,9:07,18:00,N,0.0
1005,영업직원5,영업팀,2025-07-31,9:07,18:12,N,0.0
1005,영업직원5,영업팀,2025-08-01,9:06,17:32,N,0.0
1005,영업직원5,영업팀,2025-08-04,8:54,18:29,N,0.0
1005,영업직원5,영업팀,2025-08-05,9:00,17:48,N,0.0
1005,영업직원5,영업팀,2025-08-06,9:05,18:15,N,0.0
1005,영업직원5,영업팀,2025-08-07,8:41,19:03,N,0.0
1005,영업직원5,영업팀,2025-08-08,9:07,18:56,N,0.0
1005,영업직원5,영업팀,2025-08-11,9:06,18:51,N,0.0
1005,영업직원5,영업팀,2025-08-12,8:50,18:10,N,0.0
1005,영업직원5,영업팀,2025-08-13,9:42,18:12,N,0.0
1005,영업직원5,영업팀,2025-08-14,8:46,19:17,N,0.0
1005,영업직원5,영업팀,2025-08-15,9:06,19:02,N,0.0
1005,영업직원5,영업팀,2025-08-18,8:46,18:38,N,0.0
1005,영업직원5,영업팀,2025-08-19,8:55,18:32,N,0.0
1005,영업직원5,영업팀,2025-08-20,9:06,18:00,N,0.0
1005,영업직원5,영업팀,2025-08-21,8:43,19:09,N,0.0
1005,영업직원5,영업팀,2025-08-22,9:40,16:53,N,0.0
1005,영업직원5,영업팀,2025-08-25,10:26,18:22,Y,0.0
1005,영업직원5,영업팀,2025-08-26,8:42,18:02,N,0.0
1005,영업직원5,영업팀,2025-08-27,8:42,19:04,N,0.0
1005,영업직원5,영업팀,2025-08-28,8:44,18:31,N,0.0
1005,영업직원5,영업팀,2025-08-29,8:59,18:22,N,0.0
1005,영업직원5,영업팀,2025-09-01,8:55,18:08,N,0.0
1005,영업직원5,영업팀,2025-09-02,8:48,19:26,N,0.0
1005,영업직원5,영업팀,2025-09-03,8:56,18:37,N,0.0
1005,영업직원5,영업팀,2025-09-04,8:50,18:37,N,0.0
1005,영업직원5,영업팀,2025-09-05,8:51,19:10,N,0.0
1005,영업직원5,영업팀,2025-09-08,9:05,18:54,N,0.0
1005,영업직원5,영업팀,2025-09-09,8:58,19:03,N,0.0
1005,영업직원5,영업팀,2025-09-10,8:38,19:14,N,0.0
1005,영업직원5,영업팀,2025-09-11,9:07,17:45,N,0.0
1005,영업직원5,영업팀,2025-09-12,9:22,18:53,N,0.0
1005,영업직원5,영업팀,2025-09-15,10:09,18:36,Y,0.0
1005,영업직원5,영업팀,2025-09-16,8:39,19:01,N,0.0
1005,영업직원5,영업팀,2025-09-17,8:29,19:04,N,0.0
1005,영업직원5,영업팀,2025-09-18,9:33,18:44,N,0.18
1005,영업직원5,영업팀,2025-09-19,8:38,19:15,N,0.0
1005,영업직원5,영업팀,2025-09-22,9:15,20:01,N,0.0
1005,영업직원5,영업팀,2025-09-23,8:56,18:02,N,0.0
1005,영업직원5,영업팀,2025-09-24,8:49,18:41,N,0.0
1005,영업직원5,영업팀,2025-09-25,8:41,18:49,N,0.0
1005,영업직원5,영업팀,2025-09-26,9:02,18:31,N,0.0
1005,영업직원5,영업팀,2025-09-29,9:02,17:37,N,0.0
1005,영업직원5,영업팀,2025-09-30,8:44,19:33,N,0.0
1005,영업직원5,영업팀,2025-10-01,9:06,17:45,N,0.0
1005,영업직원5,영업팀,2025-10-02,9:02,20:19,N,0.0
1005,영업직원5,영업팀,2025-10-03,8:52,19:46,N,0.0
1005,영업직원5,영업팀,2025-10-06,8:28,17:35,N,0.0
1005,영업직원5,영업팀,2025-10-07,8:58,18:48,N,0.0
1005,영업직원5,영업팀,2025-10-08,8:56,19:18,N,0.0
1005,영업직원5,영업팀,2025-10-09,8:33,19:18,N,0.0
1005,영업직원5,영업팀,2025-10-10,10:12,19:46,Y,0.0
1005,영업직원5,영업팀,2025-10-13,8:45,18:44,N,0.0
1005,영업직원5,영업팀,2025-10-14,8:55,18:18,N,0.0
1005,영업직원5,영업팀,2025-10-15,9:01,18:18,N,0.0
1005,영업직원5,영업팀,2025-10-16,8:49,18:31,N,0.0
1005,영업직원5,영업팀,2025-10-17,8:52,17:37,N,0.0
1005,영업직원5,영업팀,2025-10-20,9:00,19:27,N,0.0
1005,영업직원5,영업팀,2025-10-21,8:56,17:55,N,0.0
1005,영업직원5,영업팀,2025-10-22,8:53,17:09,N,0.0
1005,영업직원5,영업팀,2025-10-23,8:57,19:14,N,0.0
1005,영업직원5,영업팀,2025-10-24,9:00,18:15,N,0.0
1005,영업직원5,영업팀,2025-10-27,8:43,18:41,N,0.0
1005,영업직원5,영업팀,2025-10-28,8:51,17:34,N,0.0
1005,영업직원5,영업팀,2025-10-29,8:56,18:49,N,0.0
1005,영업직원5,영업팀,2025-10-30,9:01,18:37,N,0.0
1005,영업직원5,영업팀,2025-10-31,8:47,18:36,N,0.0
1005,영업직원5,영업팀,2025-11-03,9:07,17:54,N,0.0
1005,영업직원5,영업팀,2025-11-04,8:44,17:48,N,0.0
1005,영업직원5,영업팀,2025-11-05,9:18,18:15,N,0.0
1005,영업직원5,영업팀,2025-11-06,9:03,17:53,N,0.0
1005,영업직원5,영업팀,2025-11-07,8:35,17:48,N,0.0
1005,영업직원5,영업팀,2025-11-10,8:52,17:25,N,0.0
1005,영업직원5,영업팀,2025-11-11,8:47,19:16,N,0.0
1005,영업직원5,영업팀,2025-11-12,8:49,18:17,N,0.0
1005,영업직원5,영업팀,2025-11-13,9:28,18:33,N,0.0
1005,영업직원5,영업팀,2025-11-14,9:45,18:25,N,0.0
1005,영업직원5,영업팀,2025-11-17,8:40,17:32,N,0.0
1005,영업직원5,영업팀,2025-11-18,9:08,19:08,N,0.0
1005,영업직원5,영업팀,2025-11-19,9:03,18:31,N,0.0
1005,영업직원5,영업팀,2025-11-20,8:36,18:37,N,0.0
1005,영업직원5,영업팀,2025-11-21,9:06,18:37,N,0.0
1005,영업직원5,영업팀,2025-11-24,8:54,18:53,N,0.0
1005,영업직원5,영업팀,2025-11-25,9:06,16:55,N,0.0
1005,영업직원5,영업팀,2025-11-26,8:38,19:10,N,0.0
1005,영업직원5,영업팀,2025-11-27,9:09,19:08,N,0.0
1005,영업직원5,영업팀,2025-11-28,8:42,19:26,N,0.0
1005,영업직원5,영업팀,2025-12-01,8:55,18:12,N,0.0
1005,영업직원5,영업팀,2025-12-02,8:41,18:31,N,0.0
1005,영업직원5,영업팀,2025-12-03,8:36,18:05,N,0.0
1005,영업직원5,영업팀,2025-12-04,8:51,18:03,N,0.0
1005,영업직원5,영업팀,2025-12-05,8:47,17:02,N,0.0
1005,영업직원5,영업팀,2025-12-08,8:52,19:07,N,0.0
1005,영업직원5,영업팀,2025-12-09,8:58,19:06,N,0.0
1005,영업직원5,영업팀,2025-12-10,8:57,18:15,N,0.0
1005,영업직원5,영업팀,2025-12-11,8:40,18:53,N,0.0
1005,영업직원5,영업팀,2025-12-12,9:03,17:51,N,0.0
1005,영업직원5,영업팀,2025-12-15,8:39,19:12,N,0.0
1005,영업직원5,영업팀,2025-12-16,8:41,18:32,N,0.0
1005,영업직원5,영업팀,2025-12-17,8:44,17:48,N,0.0
1005,영업직원5,영업팀,2025-12-18,10:12,18:29,Y,0.0
1005,영업직원5,영업팀,2025-12-19,8:40,18:34,N,0.0
1005,영업직원5,영업팀,2025-12-22,8:50,17:31,N,0.0
1005,영업직원5,영업팀,2025-12-23,8:50,19:23,N,0.0
1005,영업직원5,영업팀,2025-12-24,9:15,18:05,N,0.0
1005,영업직원5,영업팀,2025-12-25,9:18,19:03,N,0.0
1005,영업직원5,영업팀,2025-12-26,9:17,19:11,N,0.0
1005,영업직원5,영업팀,2025-12-29,9:00,18:24,N,0.0
1005,영업직원5,영업팀,2025-12-30,8:50,17:45,N,0.0
1005,영업직원5,영업팀,2025-12-31,8:38,18:22,N,0.0
1005,영업직원5,영업팀,2026-01-01,9:09,18:20,N,0.0
1005,영업직원5,영업팀,2026-01-02,8:47,19:05,N,0.0
1005,영업직원5,영업팀,2026-01-05,8:53,18:43,N,0.0
1005,영업직원5,영업팀,2026-01-06,8:58,20:06,N,0.0
1005,영업직원5,영업팀,2026-01-07,8:45,18:49,N,0.0
1005,영업직원5,영업팀,2026-01-08,8:47,19:17,N,0.0
1005,영업직원5,영업팀,2026-01-09,9:02,17:53,N,0.0
1005,영업직원5,영업팀,2026-01-12,9:09,19:22,N,0.0
1005,영업직원5,영업팀,2026-01-13,8:54,19:15,N,0.0
1005,영업직원5,영업팀,2026-01-14,8:55,18:17,N,0.0
1005,영업직원5,영업팀,2026-01-15,8:48,18:36,N,0.0
1005,영업직원5,영업팀,2026-01-16,8:52,17:58,N,0.0
1005,영업직원5,영업팀,2026-01-19,9:04,17:37,N,0.0
1005,영업직원5,영업팀,2026-01-20,9:00,18:54,N,0.0
1005,영업직원5,영업팀,2026-01-21,9:40,17:51,N,0.0
1005,영업직원5,영업팀,2026-01-22,8:49,18:47,N,0.0
1005,영업직원5,영업팀,2026-01-23,9:13,18:52,N,0.0
1005,영업직원5,영업팀,2026-01-26,8:54,19:18,N,0.0
1005,영업직원5,영업팀,2026-01-27,8:52,20:01,N,0.0
1005,영업직원5,영업팀,2026-01-28,8:59,19:56,N,0.0
1005,영업직원5,영업팀,2026-01-29,8:46,19:19,N,0.0
1005,영업직원5,영업팀,2026-01-30,8:52,18:09,N,0.0
1005,영업직원5,영업팀,2026-02-02,8:46,19:35,N,0.0
1005,영업직원5,영업팀,2026-02-03,8:51,17:54,N,0.0
1005,영업직원5,영업팀,2026-02-04,8:36,19:02,N,0.0
1005,영업직원5,영업팀,2026-02-05,8:49,18:18,N,0.0
1005,영업직원5,영업팀,2026-02-06,8:55,18:36,N,0.0
1005,영업직원5,영업팀,2026-02-09,8:56,18:36,N,0.0
1005,영업직원5,영업팀,2026-02-10,9:06,18:09,N,0.0
1005,영업직원5,영업팀,2026-02-11,8:50,18:43,N,0.0
1005,영업직원5,영업팀,2026-02-12,8:34,19:37,N,0.0
1005,영업직원5,영업팀,2026-02-13,9:06,20:15,N,0.0
1005,영업직원5,영업팀,2026-02-16,8:46,17:35,N,0.0
1005,영업직원5,영업팀,2026-02-17,8:55,19:25,N,0.0
1005,영업직원5,영업팀,2026-02-18,9:01,18:21,N,0.0
1005,영업직원5,영업팀,2026-02-19,8:42,19:06,N,0.0
1005,영업직원5,영업팀,2026-02-20,8:55,17:41,N,0.0
1005,영업직원5,영업팀,2026-02-23,9:00,19:20,N,0.0
1005,영업직원5,영업팀,2026-02-24,8:42,18:07,N,0.0
1005,영업직원5,영업팀,2026-02-25,8:57,19:21,N,0.0
1005,영업직원5,영업팀,2026-02-26,8:43,18:57,N,0.0
1005,영업직원5,영업팀,2026-02-27,8:41,17:50,N,0.0
1005,영업직원5,영업팀,2026-03-02,9:28,17:42,N,0.0
1005,영업직원5,영업팀,2026-03-03,9:18,18:26,N,0.0
1005,영업직원5,영업팀,2026-03-04,8:55,18:26,N,0.0
1005,영업직원5,영업팀,2026-03-05,9:02,17:09,N,0.0
1005,영업직원5,영업팀,2026-03-06,8:43,18:46,N,0.0
1005,영업직원5,영업팀,2026-03-09,8:46,18:44,N,0.0
1005,영업직원5,영업팀,2026-03-10,8:45,17:24,N,0.0
1005,영업직원5,영업팀,2026-03-11,8:55,18:35,N,0.0
1005,영업직원5,영업팀,2026-03-12,8:48,17:53,N,0.0
1005,영업직원5,영업팀,2026-03-13,8:41,18:13,N,0.0
1005,영업직원5,영업팀,2026-03-16,8:46,19:17,N,0.0
1005,영업직원5,영업팀,2026-03-17,9:54,17:58,N,0.0
1005,영업직원5,영업팀,2026-03-18,8:59,18:29,N,0.0
1005,영업직원5,영업팀,2026-03-19,8:41,18:04,N,0.0
1005,영업직원5,영업팀,2026-03-20,8:45,17:57,N,0.0
1005,영업직원5,영업팀,2026-03-23,9:05,19:02,N,0.0
1005,영업직원5,영업팀,2026-03-24,8:59,18:10,N,0.0
1005,영업직원5,영업팀,2026-03-25,10:11,17:30,Y,0.0
1005,영업직원5,영업팀,2026-03-26,8:59,19:05,N,0.0
1005,영업직원5,영업팀,2026-03-27,8:58,18:42,N,0.0
1005,영업직원5,영업팀,2026-03-30,8:53,18:19,N,0.0
1005,영업직원5,영업팀,2026-03-31,8:51,17:42,N,0.0
1005,영업직원5,영업팀,2026-04-01,8:40,18:47,N,0.0
1005,영업직원5,영업팀,2026-04-02,9:04,19:10,N,0.0
1005,영업직원5,영업팀,2026-04-03,8:37,18:17,N,0.0
1005,영업직원5,영업팀,2026-04-06,8:44,18:16,N,0.0
1005,영업직원5,영업팀,2026-04-07,9:00,18:16,N,0.0
1005,영업직원5,영업팀,2026-04-08,9:15,18:50,N,0.0
1005,영업직원5,영업팀,2026-04-09,8:51,17:14,N,0.0
1005,영업직원5,영업팀,2026-04-10,8:54,17:32,N,0.0
1005,영업직원5,영업팀,2026-04-13,8:48,19:05,N,0.0
1005,영업직원5,영업팀,2026-04-14,8:39,18:43,N,0.0
1005,영업직원5,영업팀,2026-04-15,8:43,18:45,N,0.0
1005,영업직원5,영업팀,2026-04-16,9:41,18:44,N,0.05
1005,영업직원5,영업팀,2026-04-17,8:40,19:26,N,0.0
1005,영업직원5,영업팀,2026-04-20,8:38,17:50,N,0.0
1005,영업직원5,영업팀,2026-04-21,8:54,18:20,N,0.0
1005,영업직원5,영업팀,2026-04-22,8:59,19:47,N,0.0
1005,영업직원5,영업팀,2026-04-23,8:55,18:50,N,0.0
1005,영업직원5,영업팀,2026-04-24,9:11,18:59,N,0.0
1005,영업직원5,영업팀,2026-04-27,9:13,19:02,N,0.0
1005,영업직원5,영업팀,2026-04-28,9:00,18:35,N,0.0
1005,영업직원5,영업팀,2026-04-29,8:50,18:28,N,0.0
1005,영업직원5,영업팀,2026-04-30,8:54,18:44,N,0.0
1005,영업직원5,영업팀,2026-05-01,8:55,17:20,N,0.0
1005,영업직원5,영업팀,2026-05-04,9:02,19:52,N,0.0
1005,영업직원5,영업팀,2026-05-05,8:51,18:44,N,0.0
1005,영업직원5,영업팀,2026-05-06,9:22,17:55,N,0.0
1005,영업직원5,영업팀,2026-05-07,9:02,19:09,N,0.0
1005,영업직원5,영업팀,2026-05-08,8:55,19:21,N,0.0
1005,영업직원5,영업팀,2026-05-11,8:53,18:26,N,0.0
1005,영업직원5,영업팀,2026-05-12,8:58,19:00,N,0.0
1005,영업직원5,영업팀,2026-05-13,8:23,18:05,N,0.0
1005,영업직원5,영업팀,2026-05-14,8:58,19:16,N,0.0
1005,영업직원5,영업팀,2026-05-15,8:44,19:09,N,0.0
1005,영업직원5,영업팀,2026-05-18,9:02,18:23,N,0.0
1005,영업직원5,영업팀,2026-05-19,8:48,18:49,N,0.0
1005,영업직원5,영업팀,2026-05-20,9:21,19:45,N,0.0
1005,영업직원5,영업팀,2026-05-21,8:59,18:43,N,0.0
1005,영업직원5,영업팀,2026-05-22,8:50,17:40,N,0.0
1005,영업직원5,영업팀,2026-05-25,9:40,17:50,N,0.0
1005,영업직원5,영업팀,2026-05-26,8:55,18:24,N,0.0
1005,영업직원5,영업팀,2026-05-27,8:36,18:36,N,0.0
1005,영업직원5,영업팀,2026-05-28,9:07,17:19,N,0.0
1005,영업직원5,영업팀,2026-05-29,9:05,19:00,N,0.0
1005,영업직원5,영업팀,2026-06-01,8:28,19:29,N,0.0
1005,영업직원5,영업팀,2026-06-02,8:56,17:51,N,0.0
1005,영업직원5,영업팀,2026-06-03,9:03,18:59,N,0.0
1005,영업직원5,영업팀,2026-06-04,9:03,19:35,N,0.0
1005,영업직원5,영업팀,2026-06-05,8:52,18:48,N,0.0
1005,영업직원5,영업팀,2026-06-08,9:04,18:53,N,0.0
1005,영업직원5,영업팀,2026-06-09,9:17,18:34,N,0.0
1005,영업직원5,영업팀,2026-06-10,9:07,18:36,N,0.0
1005,영업직원5,영업팀,2026-06-11,8:34,18:32,N,0.0
1005,영업직원5,영업팀,2026-06-12,8:33,17:53,N,0.0
1005,영업직원5,영업팀,2026-06-15,9:08,19:17,N,0.0
1005,영업직원5,영업팀,2026-06-16,8:53,18:10,N,0.0
1005,영업직원5,영업팀,2026-06-17,8:56,18:41,N,0.0
1005,영업직원5,영업팀,2026-06-18,9:53,20:04,N,1.18
1005,영업직원5,영업팀,2026-06-19,10:03,18:20,Y,0.0
1005,영업직원5,영업팀,2026-06-22,8:55,18:01,N,0.0
1005,영업직원5,영업팀,2026-06-23,8:48,17:41,N,0.0
1005,영업직원5,영업팀,2026-06-24,8:40,17:43,N,0.0
1005,영업직원5,영업팀,2026-06-25,8:53,18:17,N,0.0
1005,영업직원5,영업팀,2026-06-26,9:08,17:19,N,0.0
1005,영업직원5,영업팀,2026-06-29,8:49,19:37,N,0.0
1005,영업직원5,영업팀,2026-06-30,8:57,18:44,N,0.0
1005,영업직원5,영업팀,2026-07-01,8:50,18:56,N,0.0
1005,영업직원5,영업팀,2026-07-02,9:35,17:55,N,0.0
1005,영업직원5,영업팀,2026-07-03,9:01,18:03,N,0.0
1005,영업직원5,영업팀,2026-07-06,8:48,18:31,N,0.0
1005,영업직원5,영업팀,2026-07-07,8:49,18:31,N,0.0
1005,영업직원5,영업팀,2026-07-08,8:45,17:38,N,0.0
1005,영업직원5,영업팀,2026-07-09,8:31,18:41,N,0.0
1005,영업직원5,영업팀,2026-07-10,8:44,18:59,N,0.0
1005,영업직원5,영업팀,2026-07-13,8:46,18:04,N,0.0
1005,영업직원5,영업팀,2026-07-14,8:53,18:38,N,0.0
1005,영업직원5,영업팀,2026-07-15,9:56,17:41,N,0.0
1005,영업직원5,영업팀,2026-07-16,9:11,18:35,N,0.0
1005,영업직원5,영업팀,2026-07-17,8:38,16:38,N,0.0
1005,영업직원5,영업팀,2026-07-20,9:11,18:58,N,0.0
1005,영업직원5,영업팀,2026-07-21,8:58,18:23,N,0.0
1005,영업직원5,영업팀,2026-07-22,8:59,18:43,N,0.0
1005,영업직원5,영업팀,2026-07-23,8:50,18:19,N,0.0
1005,영업직원5,영업팀,2026-07-24,8:54,17:47,N,0.0
1005,영업직원5,영업팀,2026-07-27,9:01,19:14,N,0.0
1005,영업직원5,영업팀,2026-07-28,9:40,18:35,N,0.0
1005,영업직원5,영업팀,2026-07-29,8:42,19:03,N,0.0
1005,영업직원5,영업팀,2026-07-30,9:09,19:05,N,0.0
1005,영업직원5,영업팀,2026-07-31,8:34,18:28,N,0.0
1006,개발직원1,개발팀,2025-01-01,8:46,18:04,N,0.0
1006,개발직원1,개발팀,2025-01-02,8:31,18:31,N,0.0
1006,개발직원1,개발팀,2025-01-03,9:02,17:48,N,0.0
1006,개발직원1,개발팀,2025-01-06,9:33,19:09,N,0.6
1006,개발직원1,개발팀,2025-01-07,8:57,19:35,N,0.0
1006,개발직원1,개발팀,2025-01-08,8:57,18:15,N,0.0
1006,개발직원1,개발팀,2025-01-09,9:14,18:59,N,0.0
1006,개발직원1,개발팀,2025-01-10,9:00,19:39,N,0.0
1006,개발직원1,개발팀,2025-01-13,8:48,19:38,N,0.0
1006,개발직원1,개발팀,2025-01-14,8:47,18:23,N,0.0
1006,개발직원1,개발팀,2025-01-15,8:45,17:58,N,0.0
1006,개발직원1,개발팀,2025-01-16,8:55,18:37,N,0.0
1006,개발직원1,개발팀,2025-01-17,9:05,17:50,N,0.0
1006,개발직원1,개발팀,2025-01-20,9:14,18:14,N,0.0
1006,개발직원1,개발팀,2025-01-21,9:08,18:11,N,0.0
1006,개발직원1,개발팀,2025-01-22,8:56,17:47,N,0.0
1006,개발직원1,개발팀,2025-01-23,8:44,17:55,N,0.0
1006,개발직원1,개발팀,2025-01-24,8:59,18:48,N,0.0
1006,개발직원1,개발팀,2025-01-27,8:51,19:10,N,0.0
1006,개발직원1,개발팀,2025-01-28,8:57,18:17,N,0.0
1006,개발직원1,개발팀,2025-01-29,8:35,19:08,N,0.0
1006,개발직원1,개발팀,2025-01-30,8:54,19:24,N,0.0
1006,개발직원1,개발팀,2025-01-31,9:00,18:47,N,0.0
1006,개발직원1,개발팀,2025-02-03,9:01,17:50,N,0.0
1006,개발직원1,개발팀,2025-02-04,8:39,18:52,N,0.0
1006,개발직원1,개발팀,2025-02-05,9:35,18:28,N,0.0
1006,개발직원1,개발팀,2025-02-06,8:57,18:21,N,0.0
1006,개발직원1,개발팀,2025-02-07,9:09,19:31,N,0.0
1006,개발직원1,개발팀,2025-02-10,9:00,19:50,N,0.0
1006,개발직원1,개발팀,2025-02-11,9:03,18:25,N,0.0
1006,개발직원1,개발팀,2025-02-12,8:59,19:17,N,0.0
1006,개발직원1,개발팀,2025-02-13,8:44,17:28,N,0.0
1006,개발직원1,개발팀,2025-02-14,9:08,18:34,N,0.0
1006,개발직원1,개발팀,2025-02-17,9:10,19:12,N,0.0
1006,개발직원1,개발팀,2025-02-18,9:07,18:37,N,0.0
1006,개발직원1,개발팀,2025-02-19,8:40,19:15,N,0.0
1006,개발직원1,개발팀,2025-02-20,9:03,18:00,N,0.0
1006,개발직원1,개발팀,2025-02-21,9:15,18:52,N,0.0
1006,개발직원1,개발팀,2025-02-24,8:36,18:33,N,0.0
1006,개발직원1,개발팀,2025-02-25,9:00,18:23,N,0.0
1006,개발직원1,개발팀,2025-02-26,9:07,19:16,N,0.0
1006,개발직원1,개발팀,2025-02-27,9:00,19:08,N,0.0
1006,개발직원1,개발팀,2025-02-28,9:04,18:30,N,0.0
1006,개발직원1,개발팀,2025-03-03,9:04,18:57,N,0.0
1006,개발직원1,개발팀,2025-03-04,9:05,18:09,N,0.0
1006,개발직원1,개발팀,2025-03-05,9:11,19:34,N,0.0
1006,개발직원1,개발팀,2025-03-06,8:59,19:54,N,0.0
1006,개발직원1,개발팀,2025-03-07,9:04,18:29,N,0.0
1006,개발직원1,개발팀,2025-03-10,9:06,18:03,N,0.0
1006,개발직원1,개발팀,2025-03-11,8:30,18:01,N,0.0
1006,개발직원1,개발팀,2025-03-12,8:53,20:11,N,0.0
1006,개발직원1,개발팀,2025-03-13,8:56,18:59,N,0.0
1006,개발직원1,개발팀,2025-03-14,8:49,18:31,N,0.0
1006,개발직원1,개발팀,2025-03-17,8:44,18:52,N,0.0
1006,개발직원1,개발팀,2025-03-18,9:05,18:51,N,0.0
1006,개발직원1,개발팀,2025-03-19,8:39,18:27,N,0.0
1006,개발직원1,개발팀,2025-03-20,8:59,17:24,N,0.0
1006,개발직원1,개발팀,2025-03-21,8:56,18:09,N,0.0
1006,개발직원1,개발팀,2025-03-24,9:05,18:49,N,0.0
1006,개발직원1,개발팀,2025-03-25,8:59,19:08,N,0.0
1006,개발직원1,개발팀,2025-03-26,9:00,17:56,N,0.0
1006,개발직원1,개발팀,2025-03-27,8:51,18:34,N,0.0
1006,개발직원1,개발팀,2025-03-28,8:37,17:36,N,0.0
1006,개발직원1,개발팀,2025-03-31,9:36,18:49,N,0.22
1006,개발직원1,개발팀,2025-04-01,8:53,18:45,N,0.0
1006,개발직원1,개발팀,2025-04-02,8:23,18:19,N,0.0
1006,개발직원1,개발팀,2025-04-03,8:56,17:12,N,0.0
1006,개발직원1,개발팀,2025-04-04,8:57,17:56,N,0.0
1006,개발직원1,개발팀,2025-04-07,8:54,17:59,N,0.0
1006,개발직원1,개발팀,2025-04-08,9:04,17:26,N,0.0
1006,개발직원1,개발팀,2025-04-09,8:48,18:42,N,0.0
1006,개발직원1,개발팀,2025-04-10,9:18,18:01,N,0.0
1006,개발직원1,개발팀,2025-04-11,9:20,18:00,N,0.0
1006,개발직원1,개발팀,2025-04-14,8:36,17:27,N,0.0
1006,개발직원1,개발팀,2025-04-15,9:00,19:28,N,0.0
1006,개발직원1,개발팀,2025-04-16,8:44,18:54,N,0.0
1006,개발직원1,개발팀,2025-04-17,9:04,18:50,N,0.0
1006,개발직원1,개발팀,2025-04-18,9:09,19:12,N,0.0
1006,개발직원1,개발팀,2025-04-21,9:06,18:08,N,0.0
1006,개발직원1,개발팀,2025-04-22,9:08,19:12,N,0.0
1006,개발직원1,개발팀,2025-04-23,9:08,17:36,N,0.0
1006,개발직원1,개발팀,2025-04-24,8:48,18:30,N,0.0
1006,개발직원1,개발팀,2025-04-25,8:23,17:13,N,0.0
1006,개발직원1,개발팀,2025-04-28,8:49,17:52,N,0.0
1006,개발직원1,개발팀,2025-04-29,9:01,18:56,N,0.0
1006,개발직원1,개발팀,2025-04-30,8:35,17:31,N,0.0
1006,개발직원1,개발팀,2025-05-01,8:49,17:49,N,0.0
1006,개발직원1,개발팀,2025-05-02,9:34,19:44,N,1.17
1006,개발직원1,개발팀,2025-05-05,8:31,18:39,N,0.0
1006,개발직원1,개발팀,2025-05-06,9:06,18:17,N,0.0
1006,개발직원1,개발팀,2025-05-07,8:52,19:57,N,0.0
1006,개발직원1,개발팀,2025-05-08,9:03,17:56,N,0.0
1006,개발직원1,개발팀,2025-05-09,9:07,18:50,N,0.0
1006,개발직원1,개발팀,2025-05-12,8:37,19:17,N,0.0
1006,개발직원1,개발팀,2025-05-13,8:55,19:29,N,0.0
1006,개발직원1,개발팀,2025-05-14,8:52,18:39,N,0.0
1006,개발직원1,개발팀,2025-05-15,8:52,18:52,N,0.0
1006,개발직원1,개발팀,2025-05-16,9:07,18:13,N,0.0
1006,개발직원1,개발팀,2025-05-19,8:56,18:01,N,0.0
1006,개발직원1,개발팀,2025-05-20,8:58,19:16,N,0.0
1006,개발직원1,개발팀,2025-05-21,8:53,18:22,N,0.0
1006,개발직원1,개발팀,2025-05-22,9:06,18:55,N,0.0
1006,개발직원1,개발팀,2025-05-23,8:49,19:13,N,0.0
1006,개발직원1,개발팀,2025-05-26,8:48,19:03,N,0.0
1006,개발직원1,개발팀,2025-05-27,9:11,19:18,N,0.0
1006,개발직원1,개발팀,2025-05-28,8:50,18:01,N,0.0
1006,개발직원1,개발팀,2025-05-29,8:45,18:53,N,0.0
1006,개발직원1,개발팀,2025-05-30,8:57,18:53,N,0.0
1006,개발직원1,개발팀,2025-06-02,9:06,19:06,N,0.0
1006,개발직원1,개발팀,2025-06-03,8:46,19:21,N,0.0
1006,개발직원1,개발팀,2025-06-04,8:53,19:18,N,0.0
1006,개발직원1,개발팀,2025-06-05,9:07,18:14,N,0.0
1006,개발직원1,개발팀,2025-06-06,9:01,19:03,N,0.0
1006,개발직원1,개발팀,2025-06-09,8:37,17:35,N,0.0
1006,개발직원1,개발팀,2025-06-10,8:48,18:33,N,0.0
1006,개발직원1,개발팀,2025-06-11,8:54,19:08,N,0.0
1006,개발직원1,개발팀,2025-06-12,9:19,18:12,N,0.0
1006,개발직원1,개발팀,2025-06-13,8:55,18:05,N,0.0
1006,개발직원1,개발팀,2025-06-16,9:28,17:25,N,0.0
1006,개발직원1,개발팀,2025-06-17,9:14,18:25,N,0.0
1006,개발직원1,개발팀,2025-06-18,8:57,18:17,N,0.0
1006,개발직원1,개발팀,2025-06-19,8:41,18:22,N,0.0
1006,개발직원1,개발팀,2025-06-20,9:12,19:23,N,0.0
1006,개발직원1,개발팀,2025-06-23,8:59,21:07,N,0.0
1006,개발직원1,개발팀,2025-06-24,8:38,18:36,N,0.0
1006,개발직원1,개발팀,2025-06-25,8:48,18:40,N,0.0
1006,개발직원1,개발팀,2025-06-26,8:45,18:28,N,0.0
1006,개발직원1,개발팀,2025-06-27,8:39,18:55,N,0.0
1006,개발직원1,개발팀,2025-06-30,9:00,18:35,N,0.0
1006,개발직원1,개발팀,2025-07-01,9:36,17:49,N,0.0
1006,개발직원1,개발팀,2025-07-02,8:56,17:57,N,0.0
1006,개발직원1,개발팀,2025-07-03,8:51,18:13,N,0.0
1006,개발직원1,개발팀,2025-07-04,8:35,18:59,N,0.0
1006,개발직원1,개발팀,2025-07-07,8:52,18:10,N,0.0
1006,개발직원1,개발팀,2025-07-08,9:02,17:48,N,0.0
1006,개발직원1,개발팀,2025-07-09,9:05,17:59,N,0.0
1006,개발직원1,개발팀,2025-07-10,8:37,19:01,N,0.0
1006,개발직원1,개발팀,2025-07-11,8:45,18:02,N,0.0
1006,개발직원1,개발팀,2025-07-14,9:05,18:39,N,0.0
1006,개발직원1,개발팀,2025-07-15,8:57,19:30,N,0.0
1006,개발직원1,개발팀,2025-07-16,8:38,18:31,N,0.0
1006,개발직원1,개발팀,2025-07-17,8:51,19:11,N,0.0
1006,개발직원1,개발팀,2025-07-18,8:48,18:33,N,0.0
1006,개발직원1,개발팀,2025-07-21,9:13,17:46,N,0.0
1006,개발직원1,개발팀,2025-07-22,8:53,18:42,N,0.0
1006,개발직원1,개발팀,2025-07-23,9:00,18:35,N,0.0
1006,개발직원1,개발팀,2025-07-24,9:09,19:02,N,0.0
1006,개발직원1,개발팀,2025-07-25,8:54,19:00,N,0.0
1006,개발직원1,개발팀,2025-07-28,8:49,18:29,N,0.0
1006,개발직원1,개발팀,2025-07-29,8:58,18:52,N,0.0
1006,개발직원1,개발팀,2025-07-30,9:16,19:10,N,0.0
1006,개발직원1,개발팀,2025-07-31,8:43,18:07,N,0.0
1006,개발직원1,개발팀,2025-08-01,8:48,18:07,N,0.0
1006,개발직원1,개발팀,2025-08-04,9:00,18:11,N,0.0
1006,개발직원1,개발팀,2025-08-05,8:54,17:35,N,0.0
1006,개발직원1,개발팀,2025-08-06,9:06,19:00,N,0.0
1006,개발직원1,개발팀,2025-08-07,9:33,19:28,N,0.92
1006,개발직원1,개발팀,2025-08-08,8:56,17:41,N,0.0
1006,개발직원1,개발팀,2025-08-11,9:04,18:24,N,0.0
1006,개발직원1,개발팀,2025-08-12,8:44,17:44,N,0.0
1006,개발직원1,개발팀,2025-08-13,8:42,17:57,N,0.0
1006,개발직원1,개발팀,2025-08-14,8:35,18:47,N,0.0
1006,개발직원1,개발팀,2025-08-15,9:00,18:21,N,0.0
1006,개발직원1,개발팀,2025-08-18,9:45,18:05,N,0.0
1006,개발직원1,개발팀,2025-08-19,8:47,17:55,N,0.0
1006,개발직원1,개발팀,2025-08-20,8:56,18:04,N,0.0
1006,개발직원1,개발팀,2025-08-21,8:41,18:40,N,0.0
1006,개발직원1,개발팀,2025-08-22,9:35,19:23,N,0.8
1006,개발직원1,개발팀,2025-08-25,8:43,18:22,N,0.0
1006,개발직원1,개발팀,2025-08-26,8:55,18:31,N,0.0
1006,개발직원1,개발팀,2025-08-27,9:05,18:01,N,0.0
1006,개발직원1,개발팀,2025-08-28,9:01,18:54,N,0.0
1006,개발직원1,개발팀,2025-08-29,8:44,17:37,N,0.0
1006,개발직원1,개발팀,2025-09-01,8:55,18:40,N,0.0
1006,개발직원1,개발팀,2025-09-02,8:54,17:25,N,0.0
1006,개발직원1,개발팀,2025-09-03,8:53,19:36,N,0.0
1006,개발직원1,개발팀,2025-09-04,8:41,18:37,N,0.0
1006,개발직원1,개발팀,2025-09-05,8:55,18:00,N,0.0
1006,개발직원1,개발팀,2025-09-08,8:51,18:45,N,0.0
1006,개발직원1,개발팀,2025-09-09,8:51,18:03,N,0.0
1006,개발직원1,개발팀,2025-09-10,8:44,19:04,N,0.0
1006,개발직원1,개발팀,2025-09-11,9:11,17:45,N,0.0
1006,개발직원1,개발팀,2025-09-12,9:00,17:54,N,0.0
1006,개발직원1,개발팀,2025-09-15,8:30,18:20,N,0.0
1006,개발직원1,개발팀,2025-09-16,8:41,18:23,N,0.0
1006,개발직원1,개발팀,2025-09-17,8:43,19:24,N,0.0
1006,개발직원1,개발팀,2025-09-18,8:48,16:45,N,0.0
1006,개발직원1,개발팀,2025-09-19,9:00,18:46,N,0.0
1006,개발직원1,개발팀,2025-09-22,9:12,18:05,N,0.0
1006,개발직원1,개발팀,2025-09-23,8:55,17:19,N,0.0
1006,개발직원1,개발팀,2025-09-24,8:56,18:00,N,0.0
1006,개발직원1,개발팀,2025-09-25,8:55,19:07,N,0.0
1006,개발직원1,개발팀,2025-09-26,8:54,18:19,N,0.0
1006,개발직원1,개발팀,2025-09-29,8:48,17:17,N,0.0
1006,개발직원1,개발팀,2025-09-30,8:54,18:51,N,0.0
1006,개발직원1,개발팀,2025-10-01,9:00,16:23,N,0.0
1006,개발직원1,개발팀,2025-10-02,8:58,18:38,N,0.0
1006,개발직원1,개발팀,2025-10-03,8:34,19:32,N,0.0
1006,개발직원1,개발팀,2025-10-06,8:40,18:15,N,0.0
1006,개발직원1,개발팀,2025-10-07,10:15,18:18,Y,0.0
1006,개발직원1,개발팀,2025-10-08,9:14,18:14,N,0.0
1006,개발직원1,개발팀,2025-10-09,8:58,17:36,N,0.0
1006,개발직원1,개발팀,2025-10-10,9:07,19:00,N,0.0
1006,개발직원1,개발팀,2025-10-13,8:57,18:47,N,0.0
1006,개발직원1,개발팀,2025-10-14,8:42,19:19,N,0.0
1006,개발직원1,개발팀,2025-10-15,8:56,17:43,N,0.0
1006,개발직원1,개발팀,2025-10-16,9:01,19:01,N,0.0
1006,개발직원1,개발팀,2025-10-17,9:00,18:48,N,0.0
1006,개발직원1,개발팀,2025-10-20,8:55,18:25,N,0.0
1006,개발직원1,개발팀,2025-10-21,8:45,18:35,N,0.0
1006,개발직원1,개발팀,2025-10-22,8:53,19:33,N,0.0
1006,개발직원1,개발팀,2025-10-23,8:48,18:08,N,0.0
1006,개발직원1,개발팀,2025-10-24,8:34,18:16,N,0.0
1006,개발직원1,개발팀,2025-10-27,8:30,19:08,N,0.0
1006,개발직원1,개발팀,2025-10-28,9:08,18:15,N,0.0
1006,개발직원1,개발팀,2025-10-29,9:07,18:15,N,0.0
1006,개발직원1,개발팀,2025-10-30,8:52,17:42,N,0.0
1006,개발직원1,개발팀,2025-10-31,10:11,17:45,Y,0.0
1006,개발직원1,개발팀,2025-11-03,9:26,19:32,N,0.0
1006,개발직원1,개발팀,2025-11-04,9:02,17:35,N,0.0
1006,개발직원1,개발팀,2025-11-05,10:21,17:22,Y,0.0
1006,개발직원1,개발팀,2025-11-06,9:02,17:12,N,0.0
1006,개발직원1,개발팀,2025-11-07,8:33,19:10,N,0.0
1006,개발직원1,개발팀,2025-11-10,9:08,17:44,N,0.0
1006,개발직원1,개발팀,2025-11-11,8:42,19:32,N,0.0
1006,개발직원1,개발팀,2025-11-12,8:49,18:15,N,0.0
1006,개발직원1,개발팀,2025-11-13,8:39,17:24,N,0.0
1006,개발직원1,개발팀,2025-11-14,8:45,18:00,N,0.0
1006,개발직원1,개발팀,2025-11-17,9:01,17:36,N,0.0
1006,개발직원1,개발팀,2025-11-18,8:58,18:18,N,0.0
1006,개발직원1,개발팀,2025-11-19,8:40,19:10,N,0.0
1006,개발직원1,개발팀,2025-11-20,8:40,18:23,N,0.0
1006,개발직원1,개발팀,2025-11-21,8:44,18:27,N,0.0
1006,개발직원1,개발팀,2025-11-24,8:53,18:23,N,0.0
1006,개발직원1,개발팀,2025-11-25,8:46,18:22,N,0.0
1006,개발직원1,개발팀,2025-11-26,8:50,19:09,N,0.0
1006,개발직원1,개발팀,2025-11-27,8:52,17:13,N,0.0
1006,개발직원1,개발팀,2025-11-28,8:48,18:29,N,0.0
1006,개발직원1,개발팀,2025-12-01,9:07,18:14,N,0.0
1006,개발직원1,개발팀,2025-12-02,9:05,18:31,N,0.0
1006,개발직원1,개발팀,2025-12-03,8:54,17:37,N,0.0
1006,개발직원1,개발팀,2025-12-04,9:11,18:07,N,0.0
1006,개발직원1,개발팀,2025-12-05,8:56,19:03,N,0.0
1006,개발직원1,개발팀,2025-12-08,9:01,17:42,N,0.0
1006,개발직원1,개발팀,2025-12-09,8:40,19:15,N,0.0
1006,개발직원1,개발팀,2025-12-10,8:47,18:27,N,0.0
1006,개발직원1,개발팀,2025-12-11,8:48,18:36,N,0.0
1006,개발직원1,개발팀,2025-12-12,8:50,18:39,N,0.0
1006,개발직원1,개발팀,2025-12-15,9:00,18:50,N,0.0
1006,개발직원1,개발팀,2025-12-16,8:49,17:53,N,0.0
1006,개발직원1,개발팀,2025-12-17,8:59,17:10,N,0.0
1006,개발직원1,개발팀,2025-12-18,8:28,16:48,N,0.0
1006,개발직원1,개발팀,2025-12-19,9:13,18:09,N,0.0
1006,개발직원1,개발팀,2025-12-22,9:02,19:10,N,0.0
1006,개발직원1,개발팀,2025-12-23,8:24,18:57,N,0.0
1006,개발직원1,개발팀,2025-12-24,8:36,18:18,N,0.0
1006,개발직원1,개발팀,2025-12-25,9:01,18:34,N,0.0
1006,개발직원1,개발팀,2025-12-26,9:00,18:20,N,0.0
1006,개발직원1,개발팀,2025-12-29,9:03,18:54,N,0.0
1006,개발직원1,개발팀,2025-12-30,8:49,18:27,N,0.0
1006,개발직원1,개발팀,2025-12-31,8:47,18:53,N,0.0
1006,개발직원1,개발팀,2026-01-01,9:34,19:03,N,0.48
1006,개발직원1,개발팀,2026-01-02,9:58,19:11,N,0.22
1006,개발직원1,개발팀,2026-01-05,8:53,18:54,N,0.0
1006,개발직원1,개발팀,2026-01-06,9:10,18:30,N,0.0
1006,개발직원1,개발팀,2026-01-07,10:02,17:44,Y,0.0
1006,개발직원1,개발팀,2026-01-08,9:02,19:26,N,0.0
1006,개발직원1,개발팀,2026-01-09,8:42,18:19,N,0.0
1006,개발직원1,개발팀,2026-01-12,8:38,17:45,N,0.0
1006,개발직원1,개발팀,2026-01-13,8:54,17:13,N,0.0
1006,개발직원1,개발팀,2026-01-14,9:02,18:48,N,0.0
1006,개발직원1,개발팀,2026-01-15,8:38,18:34,N,0.0
1006,개발직원1,개발팀,2026-01-16,9:06,19:51,N,0.0
1006,개발직원1,개발팀,2026-01-19,8:48,17:41,N,0.0
1006,개발직원1,개발팀,2026-01-20,8:35,17:25,N,0.0
1006,개발직원1,개발팀,2026-01-21,8:45,18:10,N,0.0
1006,개발직원1,개발팀,2026-01-22,8:52,18:49,N,0.0
1006,개발직원1,개발팀,2026-01-23,9:10,19:19,N,0.0
1006,개발직원1,개발팀,2026-01-26,9:00,17:05,N,0.0
1006,개발직원1,개발팀,2026-01-27,8:58,18:53,N,0.0
1006,개발직원1,개발팀,2026-01-28,9:55,18:20,N,0.0
1006,개발직원1,개발팀,2026-01-29,9:06,17:22,N,0.0
1006,개발직원1,개발팀,2026-01-30,9:07,18:55,N,0.0
1006,개발직원1,개발팀,2026-02-02,8:43,18:05,N,0.0
1006,개발직원1,개발팀,2026-02-03,8:50,18:51,N,0.0
1006,개발직원1,개발팀,2026-02-04,9:46,18:17,N,0.0
1006,개발직원1,개발팀,2026-02-05,9:03,18:49,N,0.0
1006,개발직원1,개발팀,2026-02-06,8:59,18:29,N,0.0
1006,개발직원1,개발팀,2026-02-09,9:00,18:09,N,0.0
1006,개발직원1,개발팀,2026-02-10,8:59,18:25,N,0.0
1006,개발직원1,개발팀,2026-02-11,10:13,18:38,Y,0.0
1006,개발직원1,개발팀,2026-02-12,9:10,19:35,N,0.0
1006,개발직원1,개발팀,2026-02-13,9:19,17:59,N,0.0
1006,개발직원1,개발팀,2026-02-16,10:08,18:30,Y,0.0
1006,개발직원1,개발팀,2026-02-17,8:39,18:30,N,0.0
1006,개발직원1,개발팀,2026-02-18,8:43,19:11,N,0.0
1006,개발직원1,개발팀,2026-02-19,8:59,17:49,N,0.0
1006,개발직원1,개발팀,2026-02-20,8:56,18:53,N,0.0
1006,개발직원1,개발팀,2026-02-23,8:48,18:16,N,0.0
1006,개발직원1,개발팀,2026-02-24,8:46,18:37,N,0.0
1006,개발직원1,개발팀,2026-02-25,8:45,19:19,N,0.0
1006,개발직원1,개발팀,2026-02-26,9:03,19:07,N,0.0
1006,개발직원1,개발팀,2026-02-27,8:52,18:39,N,0.0
1006,개발직원1,개발팀,2026-03-02,8:40,19:07,N,0.0
1006,개발직원1,개발팀,2026-03-03,9:44,18:06,N,0.0
1006,개발직원1,개발팀,2026-03-04,8:42,17:49,N,0.0
1006,개발직원1,개발팀,2026-03-05,9:20,19:03,N,0.0
1006,개발직원1,개발팀,2026-03-06,8:54,19:30,N,0.0
1006,개발직원1,개발팀,2026-03-09,8:59,18:06,N,0.0
1006,개발직원1,개발팀,2026-03-10,8:53,18:53,N,0.0
1006,개발직원1,개발팀,2026-03-11,8:59,18:37,N,0.0
1006,개발직원1,개발팀,2026-03-12,9:04,17:33,N,0.0
1006,개발직원1,개발팀,2026-03-13,9:00,18:10,N,0.0
1006,개발직원1,개발팀,2026-03-16,9:03,17:11,N,0.0
1006,개발직원1,개발팀,2026-03-17,8:32,17:06,N,0.0
1006,개발직원1,개발팀,2026-03-18,8:52,19:28,N,0.0
1006,개발직원1,개발팀,2026-03-19,9:02,20:08,N,0.0
1006,개발직원1,개발팀,2026-03-20,9:00,18:18,N,0.0
1006,개발직원1,개발팀,2026-03-23,8:54,18:27,N,0.0
1006,개발직원1,개발팀,2026-03-24,9:35,17:17,N,0.0
1006,개발직원1,개발팀,2026-03-25,9:08,18:33,N,0.0
1006,개발직원1,개발팀,2026-03-26,8:40,18:20,N,0.0
1006,개발직원1,개발팀,2026-03-27,9:56,18:17,N,0.0
1006,개발직원1,개발팀,2026-03-30,8:49,18:36,N,0.0
1006,개발직원1,개발팀,2026-03-31,8:43,19:08,N,0.0
1006,개발직원1,개발팀,2026-04-01,9:06,17:28,N,0.0
1006,개발직원1,개발팀,2026-04-02,9:03,18:57,N,0.0
1006,개발직원1,개발팀,2026-04-03,9:14,18:33,N,0.0
1006,개발직원1,개발팀,2026-04-06,8:47,17:33,N,0.0
1006,개발직원1,개발팀,2026-04-07,9:01,17:38,N,0.0
1006,개발직원1,개발팀,2026-04-08,9:01,20:20,N,0.0
1006,개발직원1,개발팀,2026-04-09,9:08,18:40,N,0.0
1006,개발직원1,개발팀,2026-04-10,8:53,18:27,N,0.0
1006,개발직원1,개발팀,2026-04-13,8:51,18:15,N,0.0
1006,개발직원1,개발팀,2026-04-14,8:47,18:29,N,0.0
1006,개발직원1,개발팀,2026-04-15,8:53,17:30,N,0.0
1006,개발직원1,개발팀,2026-04-16,9:02,19:17,N,0.0
1006,개발직원1,개발팀,2026-04-17,9:14,19:36,N,0.0
1006,개발직원1,개발팀,2026-04-20,9:09,17:46,N,0.0
1006,개발직원1,개발팀,2026-04-21,8:56,18:22,N,0.0
1006,개발직원1,개발팀,2026-04-22,8:47,17:40,N,0.0
1006,개발직원1,개발팀,2026-04-23,8:55,18:28,N,0.0
1006,개발직원1,개발팀,2026-04-24,8:46,17:38,N,0.0
1006,개발직원1,개발팀,2026-04-27,8:44,19:39,N,0.0
1006,개발직원1,개발팀,2026-04-28,9:05,19:03,N,0.0
1006,개발직원1,개발팀,2026-04-29,8:51,18:28,N,0.0
1006,개발직원1,개발팀,2026-04-30,9:20,18:56,N,0.0
1006,개발직원1,개발팀,2026-05-01,8:50,19:06,N,0.0
1006,개발직원1,개발팀,2026-05-04,9:10,17:40,N,0.0
1006,개발직원1,개발팀,2026-05-05,8:57,19:30,N,0.0
1006,개발직원1,개발팀,2026-05-06,9:01,18:16,N,0.0
1006,개발직원1,개발팀,2026-05-07,9:10,18:51,N,0.0
1006,개발직원1,개발팀,2026-05-08,9:43,18:49,N,0.1
1006,개발직원1,개발팀,2026-05-11,8:39,18:14,N,0.0
1006,개발직원1,개발팀,2026-05-12,9:02,18:32,N,0.0
1006,개발직원1,개발팀,2026-05-13,10:11,19:06,Y,0.0
1006,개발직원1,개발팀,2026-05-14,8:55,18:45,N,0.0
1006,개발직원1,개발팀,2026-05-15,8:50,18:36,N,0.0
1006,개발직원1,개발팀,2026-05-18,9:18,19:46,N,0.0
1006,개발직원1,개발팀,2026-05-19,8:36,19:28,N,0.0
1006,개발직원1,개발팀,2026-05-20,8:55,18:15,N,0.0
1006,개발직원1,개발팀,2026-05-21,9:10,18:48,N,0.0
1006,개발직원1,개발팀,2026-05-22,8:58,18:38,N,0.0
1006,개발직원1,개발팀,2026-05-25,10:28,18:16,Y,0.0
1006,개발직원1,개발팀,2026-05-26,8:58,18:35,N,0.0
1006,개발직원1,개발팀,2026-05-27,9:11,19:09,N,0.0
1006,개발직원1,개발팀,2026-05-28,8:55,19:10,N,0.0
1006,개발직원1,개발팀,2026-05-29,8:43,19:34,N,0.0
1006,개발직원1,개발팀,2026-06-01,8:46,18:17,N,0.0
1006,개발직원1,개발팀,2026-06-02,9:01,18:17,N,0.0
1006,개발직원1,개발팀,2026-06-03,8:52,18:48,N,0.0
1006,개발직원1,개발팀,2026-06-04,9:09,18:28,N,0.0
1006,개발직원1,개발팀,2026-06-05,9:07,18:01,N,0.0
1006,개발직원1,개발팀,2026-06-08,8:58,19:02,N,0.0
1006,개발직원1,개발팀,2026-06-09,8:58,19:34,N,0.0
1006,개발직원1,개발팀,2026-06-10,8:49,19:21,N,0.0
1006,개발직원1,개발팀,2026-06-11,8:41,18:16,N,0.0
1006,개발직원1,개발팀,2026-06-12,9:05,19:23,N,0.0
1006,개발직원1,개발팀,2026-06-15,8:55,19:14,N,0.0
1006,개발직원1,개발팀,2026-06-16,9:00,18:56,N,0.0
1006,개발직원1,개발팀,2026-06-17,8:45,18:56,N,0.0
1006,개발직원1,개발팀,2026-06-18,9:19,17:57,N,0.0
1006,개발직원1,개발팀,2026-06-19,9:09,19:23,N,0.0
1006,개발직원1,개발팀,2026-06-22,8:53,16:59,N,0.0
1006,개발직원1,개발팀,2026-06-23,8:40,18:09,N,0.0
1006,개발직원1,개발팀,2026-06-24,8:58,18:32,N,0.0
1006,개발직원1,개발팀,2026-06-25,8:51,18:58,N,0.0
1006,개발직원1,개발팀,2026-06-26,8:55,18:08,N,0.0
1006,개발직원1,개발팀,2026-06-29,8:48,19:04,N,0.0
1006,개발직원1,개발팀,2026-06-30,8:51,18:37,N,0.0
1006,개발직원1,개발팀,2026-07-01,9:02,18:19,N,0.0
1006,개발직원1,개발팀,2026-07-02,9:33,18:41,N,0.13
1006,개발직원1,개발팀,2026-07-03,8:39,18:50,N,0.0
1006,개발직원1,개발팀,2026-07-06,8:34,19:53,N,0.0
1006,개발직원1,개발팀,2026-07-07,8:53,18:57,N,0.0
1006,개발직원1,개발팀,2026-07-08,9:05,19:38,N,0.0
1006,개발직원1,개발팀,2026-07-09,8:57,18:53,N,0.0
1006,개발직원1,개발팀,2026-07-10,9:13,19:14,N,0.0
1006,개발직원1,개발팀,2026-07-13,8:40,17:21,N,0.0
1006,개발직원1,개발팀,2026-07-14,8:58,19:12,N,0.0
1006,개발직원1,개발팀,2026-07-15,8:49,18:47,N,0.0
1006,개발직원1,개발팀,2026-07-16,9:00,17:36,N,0.0
1006,개발직원1,개발팀,2026-07-17,8:53,18:10,N,0.0
1006,개발직원1,개발팀,2026-07-20,9:00,18:48,N,0.0
1006,개발직원1,개발팀,2026-07-21,8:51,17:57,N,0.0
1006,개발직원1,개발팀,2026-07-22,8:37,17:21,N,0.0
1006,개발직원1,개발팀,2026-07-23,8:34,17:49,N,0.0
1006,개발직원1,개발팀,2026-07-24,9:00,18:54,N,0.0
1006,개발직원1,개발팀,2026-07-27,8:53,18:50,N,0.0
1006,개발직원1,개발팀,2026-07-28,8:42,18:06,N,0.0
1006,개발직원1,개발팀,2026-07-29,8:59,17:20,N,0.0
1006,개발직원1,개발팀,2026-07-30,9:00,19:04,N,0.0
1006,개발직원1,개발팀,2026-07-31,8:55,17:51,N,0.0
1007,개발직원2,개발팀,2025-01-01,9:03,19:26,N,0.0
1007,개발직원2,개발팀,2025-01-02,8:25,18:40,N,0.0
1007,개발직원2,개발팀,2025-01-03,8:40,18:02,N,0.0
1007,개발직원2,개발팀,2025-01-06,8:50,18:07,N,0.0
1007,개발직원2,개발팀,2025-01-07,8:46,18:38,N,0.0
1007,개발직원2,개발팀,2025-01-08,8:44,18:47,N,0.0
1007,개발직원2,개발팀,2025-01-09,9:00,18:04,N,0.0
1007,개발직원2,개발팀,2025-01-10,8:55,17:56,N,0.0
1007,개발직원2,개발팀,2025-01-13,8:55,18:41,N,0.0
1007,개발직원2,개발팀,2025-01-14,8:48,19:07,N,0.0
1007,개발직원2,개발팀,2025-01-15,8:45,19:04,N,0.0
1007,개발직원2,개발팀,2025-01-16,9:07,18:36,N,0.0
1007,개발직원2,개발팀,2025-01-17,9:17,19:09,N,0.0
1007,개발직원2,개발팀,2025-01-20,8:39,18:29,N,0.0
1007,개발직원2,개발팀,2025-01-21,8:53,18:58,N,0.0
1007,개발직원2,개발팀,2025-01-22,8:45,19:08,N,0.0
1007,개발직원2,개발팀,2025-01-23,8:50,18:02,N,0.0
1007,개발직원2,개발팀,2025-01-24,8:57,17:13,N,0.0
1007,개발직원2,개발팀,2025-01-27,8:49,18:16,N,0.0
1007,개발직원2,개발팀,2025-01-28,8:51,17:41,N,0.0
1007,개발직원2,개발팀,2025-01-29,8:56,17:57,N,0.0
1007,개발직원2,개발팀,2025-01-30,9:23,18:28,N,0.0
1007,개발직원2,개발팀,2025-01-31,8:55,18:23,N,0.0
1007,개발직원2,개발팀,2025-02-03,9:24,18:23,N,0.0
1007,개발직원2,개발팀,2025-02-04,8:57,19:33,N,0.0
1007,개발직원2,개발팀,2025-02-05,8:56,19:22,N,0.0
1007,개발직원2,개발팀,2025-02-06,8:33,18:44,N,0.0
1007,개발직원2,개발팀,2025-02-07,9:14,19:09,N,0.0
1007,개발직원2,개발팀,2025-02-10,9:06,18:15,N,0.0
1007,개발직원2,개발팀,2025-02-11,8:56,18:22,N,0.0
1007,개발직원2,개발팀,2025-02-12,9:02,18:05,N,0.0
1007,개발직원2,개발팀,2025-02-13,8:37,18:30,N,0.0
1007,개발직원2,개발팀,2025-02-14,8:56,19:11,N,0.0
1007,개발직원2,개발팀,2025-02-17,8:56,17:28,N,0.0
1007,개발직원2,개발팀,2025-02-18,8:41,18:03,N,0.0
1007,개발직원2,개발팀,2025-02-19,9:34,19:26,N,0.87
1007,개발직원2,개발팀,2025-02-20,9:19,17:52,N,0.0
1007,개발직원2,개발팀,2025-02-21,8:43,19:45,N,0.0
1007,개발직원2,개발팀,2025-02-24,8:30,17:51,N,0.0
1007,개발직원2,개발팀,2025-02-25,9:04,19:10,N,0.0
1007,개발직원2,개발팀,2025-02-26,9:04,18:43,N,0.0
1007,개발직원2,개발팀,2025-02-27,8:51,18:20,N,0.0
1007,개발직원2,개발팀,2025-02-28,8:54,18:04,N,0.0
1007,개발직원2,개발팀,2025-03-03,10:13,18:31,Y,0.0
1007,개발직원2,개발팀,2025-03-04,8:56,19:28,N,0.0
1007,개발직원2,개발팀,2025-03-05,10:02,18:25,Y,0.0
1007,개발직원2,개발팀,2025-03-06,8:56,19:03,N,0.0
1007,개발직원2,개발팀,2025-03-07,8:48,18:58,N,0.0
1007,개발직원2,개발팀,2025-03-10,9:04,17:23,N,0.0
1007,개발직원2,개발팀,2025-03-11,9:11,18:53,N,0.0
1007,개발직원2,개발팀,2025-03-12,8:47,18:17,N,0.0
1007,개발직원2,개발팀,2025-03-13,8:48,18:20,N,0.0
1007,개발직원2,개발팀,2025-03-14,9:02,18:04,N,0.0
1007,개발직원2,개발팀,2025-03-17,8:57,17:19,N,0.0
1007,개발직원2,개발팀,2025-03-18,9:02,18:30,N,0.0
1007,개발직원2,개발팀,2025-03-19,9:05,17:45,N,0.0
1007,개발직원2,개발팀,2025-03-20,9:32,18:32,N,0.0
1007,개발직원2,개발팀,2025-03-21,9:04,17:59,N,0.0
1007,개발직원2,개발팀,2025-03-24,8:52,17:57,N,0.0
1007,개발직원2,개발팀,2025-03-25,8:57,18:06,N,0.0
1007,개발직원2,개발팀,2025-03-26,9:10,17:51,N,0.0
1007,개발직원2,개발팀,2025-03-27,9:01,18:16,N,0.0
1007,개발직원2,개발팀,2025-03-28,8:32,19:29,N,0.0
1007,개발직원2,개발팀,2025-03-31,9:01,18:06,N,0.0
1007,개발직원2,개발팀,2025-04-01,8:48,19:56,N,0.0
1007,개발직원2,개발팀,2025-04-02,8:53,18:02,N,0.0
1007,개발직원2,개발팀,2025-04-03,9:10,18:27,N,0.0
1007,개발직원2,개발팀,2025-04-04,9:00,18:38,N,0.0
1007,개발직원2,개발팀,2025-04-07,8:48,19:08,N,0.0
1007,개발직원2,개발팀,2025-04-08,8:41,18:28,N,0.0
1007,개발직원2,개발팀,2025-04-09,8:48,17:27,N,0.0
1007,개발직원2,개발팀,2025-04-10,8:54,17:11,N,0.0
1007,개발직원2,개발팀,2025-04-11,9:00,18:31,N,0.0
1007,개발직원2,개발팀,2025-04-14,8:45,19:28,N,0.0
1007,개발직원2,개발팀,2025-04-15,9:08,18:50,N,0.0
1007,개발직원2,개발팀,2025-04-16,9:01,18:23,N,0.0
1007,개발직원2,개발팀,2025-04-17,8:58,18:09,N,0.0
1007,개발직원2,개발팀,2025-04-18,9:33,18:39,N,0.1
1007,개발직원2,개발팀,2025-04-21,9:00,18:59,N,0.0
1007,개발직원2,개발팀,2025-04-22,9:38,19:22,N,0.73
1007,개발직원2,개발팀,2025-04-23,8:49,18:51,N,0.0
1007,개발직원2,개발팀,2025-04-24,9:51,17:47,N,0.0
1007,개발직원2,개발팀,2025-04-25,9:50,18:21,N,0.0
1007,개발직원2,개발팀,2025-04-28,8:42,17:40,N,0.0
1007,개발직원2,개발팀,2025-04-29,8:47,18:51,N,0.0
1007,개발직원2,개발팀,2025-04-30,10:01,19:07,Y,0.0
1007,개발직원2,개발팀,2025-05-01,8:58,18:30,N,0.0
1007,개발직원2,개발팀,2025-05-02,9:21,18:39,N,0.0
1007,개발직원2,개발팀,2025-05-05,9:56,18:30,N,0.0
1007,개발직원2,개발팀,2025-05-06,8:50,18:05,N,0.0
1007,개발직원2,개발팀,2025-05-07,9:01,17:17,N,0.0
1007,개발직원2,개발팀,2025-05-08,9:01,19:05,N,0.0
1007,개발직원2,개발팀,2025-05-09,8:47,19:15,N,0.0
1007,개발직원2,개발팀,2025-05-12,8:58,19:18,N,0.0
1007,개발직원2,개발팀,2025-05-13,9:01,18:49,N,0.0
1007,개발직원2,개발팀,2025-05-14,9:00,19:05,N,0.0
1007,개발직원2,개발팀,2025-05-15,8:44,18:58,N,0.0
1007,개발직원2,개발팀,2025-05-16,10:27,18:20,Y,0.0
1007,개발직원2,개발팀,2025-05-19,9:58,19:25,N,0.45
1007,개발직원2,개발팀,2025-05-20,8:49,19:21,N,0.0
1007,개발직원2,개발팀,2025-05-21,9:06,18:59,N,0.0
1007,개발직원2,개발팀,2025-05-22,8:59,18:10,N,0.0
1007,개발직원2,개발팀,2025-05-23,8:27,17:23,N,0.0
1007,개발직원2,개발팀,2025-05-26,8:40,16:53,N,0.0
1007,개발직원2,개발팀,2025-05-27,8:46,19:19,N,0.0
1007,개발직원2,개발팀,2025-05-28,8:45,19:41,N,0.0
1007,개발직원2,개발팀,2025-05-29,8:46,19:17,N,0.0
1007,개발직원2,개발팀,2025-05-30,8:42,19:08,N,0.0
1007,개발직원2,개발팀,2025-06-02,8:24,17:27,N,0.0
1007,개발직원2,개발팀,2025-06-03,8:35,17:33,N,0.0
1007,개발직원2,개발팀,2025-06-04,8:53,17:22,N,0.0
1007,개발직원2,개발팀,2025-06-05,9:05,18:44,N,0.0
1007,개발직원2,개발팀,2025-06-06,8:59,18:52,N,0.0
1007,개발직원2,개발팀,2025-06-09,9:59,18:11,N,0.0
1007,개발직원2,개발팀,2025-06-10,8:19,18:45,N,0.0
1007,개발직원2,개발팀,2025-06-11,8:50,18:32,N,0.0
1007,개발직원2,개발팀,2025-06-12,8:51,17:27,N,0.0
1007,개발직원2,개발팀,2025-06-13,9:06,18:38,N,0.0
1007,개발직원2,개발팀,2025-06-16,9:14,18:33,N,0.0
1007,개발직원2,개발팀,2025-06-17,8:58,19:41,N,0.0
1007,개발직원2,개발팀,2025-06-18,8:53,18:43,N,0.0
1007,개발직원2,개발팀,2025-06-19,9:19,18:52,N,0.0
1007,개발직원2,개발팀,2025-06-20,10:16,19:21,Y,0.0
1007,개발직원2,개발팀,2025-06-23,10:07,20:27,Y,0.0
1007,개발직원2,개발팀,2025-06-24,9:06,18:47,N,0.0
1007,개발직원2,개발팀,2025-06-25,9:00,18:37,N,0.0
1007,개발직원2,개발팀,2025-06-26,8:47,17:49,N,0.0
1007,개발직원2,개발팀,2025-06-27,9:01,18:43,N,0.0
1007,개발직원2,개발팀,2025-06-30,9:06,18:12,N,0.0
1007,개발직원2,개발팀,2025-07-01,9:09,18:53,N,0.0
1007,개발직원2,개발팀,2025-07-02,9:17,19:05,N,0.0
1007,개발직원2,개발팀,2025-07-03,8:51,17:48,N,0.0
1007,개발직원2,개발팀,2025-07-04,8:57,18:08,N,0.0
1007,개발직원2,개발팀,2025-07-07,8:57,17:22,N,0.0
1007,개발직원2,개발팀,2025-07-08,8:57,19:45,N,0.0
1007,개발직원2,개발팀,2025-07-09,9:08,17:40,N,0.0
1007,개발직원2,개발팀,2025-07-10,8:51,18:05,N,0.0
1007,개발직원2,개발팀,2025-07-11,9:01,17:47,N,0.0
1007,개발직원2,개발팀,2025-07-14,8:49,18:24,N,0.0
1007,개발직원2,개발팀,2025-07-15,8:47,19:49,N,0.0
1007,개발직원2,개발팀,2025-07-16,8:55,18:01,N,0.0
1007,개발직원2,개발팀,2025-07-17,9:03,17:38,N,0.0
1007,개발직원2,개발팀,2025-07-18,9:07,17:47,N,0.0
1007,개발직원2,개발팀,2025-07-21,9:28,20:03,N,0.0
1007,개발직원2,개발팀,2025-07-22,8:30,18:51,N,0.0
1007,개발직원2,개발팀,2025-07-23,8:52,19:36,N,0.0
1007,개발직원2,개발팀,2025-07-24,8:49,17:53,N,0.0
1007,개발직원2,개발팀,2025-07-25,9:10,18:20,N,0.0
1007,개발직원2,개발팀,2025-07-28,8:58,18:03,N,0.0
1007,개발직원2,개발팀,2025-07-29,8:59,19:03,N,0.0
1007,개발직원2,개발팀,2025-07-30,8:49,19:28,N,0.0
1007,개발직원2,개발팀,2025-07-31,8:58,17:14,N,0.0
1007,개발직원2,개발팀,2025-08-01,8:37,18:30,N,0.0
1007,개발직원2,개발팀,2025-08-04,9:10,18:40,N,0.0
1007,개발직원2,개발팀,2025-08-05,9:00,18:20,N,0.0
1007,개발직원2,개발팀,2025-08-06,8:43,18:46,N,0.0
1007,개발직원2,개발팀,2025-08-07,8:54,18:47,N,0.0
1007,개발직원2,개발팀,2025-08-08,8:49,18:13,N,0.0
1007,개발직원2,개발팀,2025-08-11,8:41,19:10,N,0.0
1007,개발직원2,개발팀,2025-08-12,8:44,18:31,N,0.0
1007,개발직원2,개발팀,2025-08-13,8:27,19:10,N,0.0
1007,개발직원2,개발팀,2025-08-14,9:04,18:42,N,0.0
1007,개발직원2,개발팀,2025-08-15,8:46,18:29,N,0.0
1007,개발직원2,개발팀,2025-08-18,9:35,17:28,N,0.0
1007,개발직원2,개발팀,2025-08-19,8:59,18:30,N,0.0
1007,개발직원2,개발팀,2025-08-20,8:37,18:20,N,0.0
1007,개발직원2,개발팀,2025-08-21,9:00,19:04,N,0.0
1007,개발직원2,개발팀,2025-08-22,8:57,18:54,N,0.0
1007,개발직원2,개발팀,2025-08-25,8:34,18:52,N,0.0
1007,개발직원2,개발팀,2025-08-26,9:02,18:39,N,0.0
1007,개발직원2,개발팀,2025-08-27,8:53,19:56,N,0.0
1007,개발직원2,개발팀,2025-08-28,8:43,17:49,N,0.0
1007,개발직원2,개발팀,2025-08-29,9:00,18:58,N,0.0
1007,개발직원2,개발팀,2025-09-01,8:53,19:06,N,0.0
1007,개발직원2,개발팀,2025-09-02,8:37,18:38,N,0.0
1007,개발직원2,개발팀,2025-09-03,9:13,18:54,N,0.0
1007,개발직원2,개발팀,2025-09-04,9:48,18:32,N,0.0
1007,개발직원2,개발팀,2025-09-05,8:51,18:40,N,0.0
1007,개발직원2,개발팀,2025-09-08,8:43,19:00,N,0.0
1007,개발직원2,개발팀,2025-09-09,8:52,18:32,N,0.0
1007,개발직원2,개발팀,2025-09-10,8:38,18:14,N,0.0
1007,개발직원2,개발팀,2025-09-11,8:44,18:32,N,0.0
1007,개발직원2,개발팀,2025-09-12,9:06,17:06,N,0.0
1007,개발직원2,개발팀,2025-09-15,8:34,18:31,N,0.0
1007,개발직원2,개발팀,2025-09-16,8:54,17:28,N,0.0
1007,개발직원2,개발팀,2025-09-17,9:08,18:50,N,0.0
1007,개발직원2,개발팀,2025-09-18,8:55,19:33,N,0.0
1007,개발직원2,개발팀,2025-09-19,8:48,17:31,N,0.0
1007,개발직원2,개발팀,2025-09-22,9:00,17:31,N,0.0
1007,개발직원2,개발팀,2025-09-23,9:50,18:24,N,0.0
1007,개발직원2,개발팀,2025-09-24,8:55,18:23,N,0.0
1007,개발직원2,개발팀,2025-09-25,9:15,18:50,N,0.0
1007,개발직원2,개발팀,2025-09-26,8:39,18:48,N,0.0
1007,개발직원2,개발팀,2025-09-29,8:51,18:19,N,0.0
1007,개발직원2,개발팀,2025-09-30,9:20,17:51,N,0.0
1007,개발직원2,개발팀,2025-10-01,9:11,17:22,N,0.0
1007,개발직원2,개발팀,2025-10-02,8:52,18:55,N,0.0
1007,개발직원2,개발팀,2025-10-03,8:39,18:23,N,0.0
1007,개발직원2,개발팀,2025-10-06,8:48,18:29,N,0.0
1007,개발직원2,개발팀,2025-10-07,8:49,19:26,N,0.0
1007,개발직원2,개발팀,2025-10-08,9:00,18:12,N,0.0
1007,개발직원2,개발팀,2025-10-09,9:08,19:09,N,0.0
1007,개발직원2,개발팀,2025-10-10,8:59,19:34,N,0.0
1007,개발직원2,개발팀,2025-10-13,9:05,18:52,N,0.0
1007,개발직원2,개발팀,2025-10-14,9:09,19:47,N,0.0
1007,개발직원2,개발팀,2025-10-15,8:55,18:01,N,0.0
1007,개발직원2,개발팀,2025-10-16,8:29,18:42,N,0.0
1007,개발직원2,개발팀,2025-10-17,9:04,19:07,N,0.0
1007,개발직원2,개발팀,2025-10-20,9:10,19:03,N,0.0
1007,개발직원2,개발팀,2025-10-21,9:13,18:01,N,0.0
1007,개발직원2,개발팀,2025-10-22,8:47,17:59,N,0.0
1007,개발직원2,개발팀,2025-10-23,8:53,17:50,N,0.0
1007,개발직원2,개발팀,2025-10-24,8:33,18:00,N,0.0
1007,개발직원2,개발팀,2025-10-27,8:55,18:49,N,0.0
1007,개발직원2,개발팀,2025-10-28,9:11,19:04,N,0.0
1007,개발직원2,개발팀,2025-10-29,8:54,18:10,N,0.0
1007,개발직원2,개발팀,2025-10-30,9:13,17:10,N,0.0
1007,개발직원2,개발팀,2025-10-31,8:59,18:30,N,0.0
1007,개발직원2,개발팀,2025-11-03,9:14,16:58,N,0.0
1007,개발직원2,개발팀,2025-11-04,8:43,19:15,N,0.0
1007,개발직원2,개발팀,2025-11-05,8:38,18:23,N,0.0
1007,개발직원2,개발팀,2025-11-06,8:43,19:00,N,0.0
1007,개발직원2,개발팀,2025-11-07,9:12,19:45,N,0.0
1007,개발직원2,개발팀,2025-11-10,8:41,18:30,N,0.0
1007,개발직원2,개발팀,2025-11-11,9:05,19:16,N,0.0
1007,개발직원2,개발팀,2025-11-12,8:50,17:38,N,0.0
1007,개발직원2,개발팀,2025-11-13,9:01,18:28,N,0.0
1007,개발직원2,개발팀,2025-11-14,8:51,17:46,N,0.0
1007,개발직원2,개발팀,2025-11-17,8:36,18:31,N,0.0
1007,개발직원2,개발팀,2025-11-18,9:05,18:25,N,0.0
1007,개발직원2,개발팀,2025-11-19,8:59,19:32,N,0.0
1007,개발직원2,개발팀,2025-11-20,8:53,18:17,N,0.0
1007,개발직원2,개발팀,2025-11-21,9:00,19:11,N,0.0
1007,개발직원2,개발팀,2025-11-24,9:12,18:24,N,0.0
1007,개발직원2,개발팀,2025-11-25,9:10,18:27,N,0.0
1007,개발직원2,개발팀,2025-11-26,8:39,16:40,N,0.0
1007,개발직원2,개발팀,2025-11-27,8:43,19:00,N,0.0
1007,개발직원2,개발팀,2025-11-28,8:52,18:05,N,0.0
1007,개발직원2,개발팀,2025-12-01,8:50,18:43,N,0.0
1007,개발직원2,개발팀,2025-12-02,8:36,17:54,N,0.0
1007,개발직원2,개발팀,2025-12-03,8:51,17:47,N,0.0
1007,개발직원2,개발팀,2025-12-04,9:07,19:16,N,0.0
1007,개발직원2,개발팀,2025-12-05,9:00,18:52,N,0.0
1007,개발직원2,개발팀,2025-12-08,8:54,18:24,N,0.0
1007,개발직원2,개발팀,2025-12-09,8:38,18:02,N,0.0
1007,개발직원2,개발팀,2025-12-10,9:12,19:48,N,0.0
1007,개발직원2,개발팀,2025-12-11,9:09,17:13,N,0.0
1007,개발직원2,개발팀,2025-12-12,9:02,18:25,N,0.0
1007,개발직원2,개발팀,2025-12-15,10:17,17:58,Y,0.0
1007,개발직원2,개발팀,2025-12-16,8:41,18:01,N,0.0
1007,개발직원2,개발팀,2025-12-17,9:37,18:00,N,0.0
1007,개발직원2,개발팀,2025-12-18,8:49,19:20,N,0.0
1007,개발직원2,개발팀,2025-12-19,8:54,17:20,N,0.0
1007,개발직원2,개발팀,2025-12-22,8:52,18:14,N,0.0
1007,개발직원2,개발팀,2025-12-23,8:59,17:54,N,0.0
1007,개발직원2,개발팀,2025-12-24,8:53,18:32,N,0.0
1007,개발직원2,개발팀,2025-12-25,9:07,19:09,N,0.0
1007,개발직원2,개발팀,2025-12-26,8:57,19:22,N,0.0
1007,개발직원2,개발팀,2025-12-29,8:36,18:37,N,0.0
1007,개발직원2,개발팀,2025-12-30,8:45,18:08,N,0.0
1007,개발직원2,개발팀,2025-12-31,8:52,17:57,N,0.0
1007,개발직원2,개발팀,2026-01-01,8:46,19:26,N,0.0
1007,개발직원2,개발팀,2026-01-02,8:43,18:20,N,0.0
1007,개발직원2,개발팀,2026-01-05,8:37,19:15,N,0.0
1007,개발직원2,개발팀,2026-01-06,8:50,18:27,N,0.0
1007,개발직원2,개발팀,2026-01-07,8:33,18:12,N,0.0
1007,개발직원2,개발팀,2026-01-08,8:55,18:02,N,0.0
1007,개발직원2,개발팀,2026-01-09,9:12,19:23,N,0.0
1007,개발직원2,개발팀,2026-01-12,9:08,18:31,N,0.0
1007,개발직원2,개발팀,2026-01-13,9:10,18:42,N,0.0
1007,개발직원2,개발팀,2026-01-14,9:02,18:46,N,0.0
1007,개발직원2,개발팀,2026-01-15,9:00,18:40,N,0.0
1007,개발직원2,개발팀,2026-01-16,9:02,18:24,N,0.0
1007,개발직원2,개발팀,2026-01-19,8:50,18:04,N,0.0
1007,개발직원2,개발팀,2026-01-20,10:00,17:20,N,0.0
1007,개발직원2,개발팀,2026-01-21,8:52,17:40,N,0.0
1007,개발직원2,개발팀,2026-01-22,9:00,16:34,N,0.0
1007,개발직원2,개발팀,2026-01-23,8:50,18:03,N,0.0
1007,개발직원2,개발팀,2026-01-26,8:53,18:42,N,0.0
1007,개발직원2,개발팀,2026-01-27,8:47,18:06,N,0.0
1007,개발직원2,개발팀,2026-01-28,9:16,18:07,N,0.0
1007,개발직원2,개발팀,2026-01-29,8:49,19:08,N,0.0
1007,개발직원2,개발팀,2026-01-30,9:07,18:28,N,0.0
1007,개발직원2,개발팀,2026-02-02,9:06,18:16,N,0.0
1007,개발직원2,개발팀,2026-02-03,8:57,17:35,N,0.0
1007,개발직원2,개발팀,2026-02-04,9:03,19:28,N,0.0
1007,개발직원2,개발팀,2026-02-05,9:03,18:21,N,0.0
1007,개발직원2,개발팀,2026-02-06,8:47,17:49,N,0.0
1007,개발직원2,개발팀,2026-02-09,8:36,18:09,N,0.0
1007,개발직원2,개발팀,2026-02-10,8:58,18:21,N,0.0
1007,개발직원2,개발팀,2026-02-11,8:56,18:48,N,0.0
1007,개발직원2,개발팀,2026-02-12,8:57,18:15,N,0.0
1007,개발직원2,개발팀,2026-02-13,8:53,18:06,N,0.0
1007,개발직원2,개발팀,2026-02-16,9:03,18:49,N,0.0
1007,개발직원2,개발팀,2026-02-17,9:42,18:09,N,0.0
1007,개발직원2,개발팀,2026-02-18,9:00,20:07,N,0.0
1007,개발직원2,개발팀,2026-02-19,9:05,19:04,N,0.0
1007,개발직원2,개발팀,2026-02-20,8:36,17:51,N,0.0
1007,개발직원2,개발팀,2026-02-23,8:45,19:12,N,0.0
1007,개발직원2,개발팀,2026-02-24,8:54,18:48,N,0.0
1007,개발직원2,개발팀,2026-02-25,9:40,19:07,N,0.45
1007,개발직원2,개발팀,2026-02-26,8:51,18:24,N,0.0
1007,개발직원2,개발팀,2026-02-27,8:23,17:25,N,0.0
1007,개발직원2,개발팀,2026-03-02,8:41,18:33,N,0.0
1007,개발직원2,개발팀,2026-03-03,8:56,18:41,N,0.0
1007,개발직원2,개발팀,2026-03-04,9:00,18:28,N,0.0
1007,개발직원2,개발팀,2026-03-05,8:51,19:31,N,0.0
1007,개발직원2,개발팀,2026-03-06,8:51,17:41,N,0.0
1007,개발직원2,개발팀,2026-03-09,8:43,19:41,N,0.0
1007,개발직원2,개발팀,2026-03-10,8:53,18:23,N,0.0
1007,개발직원2,개발팀,2026-03-11,9:07,19:23,N,0.0
1007,개발직원2,개발팀,2026-03-12,8:40,19:30,N,0.0
1007,개발직원2,개발팀,2026-03-13,8:32,18:23,N,0.0
1007,개발직원2,개발팀,2026-03-16,8:59,18:17,N,0.0
1007,개발직원2,개발팀,2026-03-17,8:26,19:31,N,0.0
1007,개발직원2,개발팀,2026-03-18,9:01,17:08,N,0.0
1007,개발직원2,개발팀,2026-03-19,8:56,17:47,N,0.0
1007,개발직원2,개발팀,2026-03-20,9:01,17:42,N,0.0
1007,개발직원2,개발팀,2026-03-23,8:56,19:17,N,0.0
1007,개발직원2,개발팀,2026-03-24,8:42,17:24,N,0.0
1007,개발직원2,개발팀,2026-03-25,8:37,18:16,N,0.0
1007,개발직원2,개발팀,2026-03-26,8:36,18:32,N,0.0
1007,개발직원2,개발팀,2026-03-27,9:14,19:06,N,0.0
1007,개발직원2,개발팀,2026-03-30,8:32,17:47,N,0.0
1007,개발직원2,개발팀,2026-03-31,8:44,17:52,N,0.0
1007,개발직원2,개발팀,2026-04-01,8:32,18:32,N,0.0
1007,개발직원2,개발팀,2026-04-02,8:59,16:51,N,0.0
1007,개발직원2,개발팀,2026-04-03,8:52,18:01,N,0.0
1007,개발직원2,개발팀,2026-04-06,9:02,18:56,N,0.0
1007,개발직원2,개발팀,2026-04-07,8:50,18:32,N,0.0
1007,개발직원2,개발팀,2026-04-08,8:49,18:22,N,0.0
1007,개발직원2,개발팀,2026-04-09,9:02,18:04,N,0.0
1007,개발직원2,개발팀,2026-04-10,8:51,19:22,N,0.0
1007,개발직원2,개발팀,2026-04-13,8:47,19:13,N,0.0
1007,개발직원2,개발팀,2026-04-14,8:57,17:52,N,0.0
1007,개발직원2,개발팀,2026-04-15,8:55,18:12,N,0.0
1007,개발직원2,개발팀,2026-04-16,9:58,19:02,N,0.07
1007,개발직원2,개발팀,2026-04-17,8:53,18:33,N,0.0
1007,개발직원2,개발팀,2026-04-20,8:59,19:16,N,0.0
1007,개발직원2,개발팀,2026-04-21,8:32,19:17,N,0.0
1007,개발직원2,개발팀,2026-04-22,9:54,18:14,N,0.0
1007,개발직원2,개발팀,2026-04-23,8:47,18:17,N,0.0
1007,개발직원2,개발팀,2026-04-24,9:07,18:37,N,0.0
1007,개발직원2,개발팀,2026-04-27,8:49,18:42,N,0.0
1007,개발직원2,개발팀,2026-04-28,8:48,17:55,N,0.0
1007,개발직원2,개발팀,2026-04-29,8:59,18:38,N,0.0
1007,개발직원2,개발팀,2026-04-30,9:42,18:54,N,0.2
1007,개발직원2,개발팀,2026-05-01,8:53,18:38,N,0.0
1007,개발직원2,개발팀,2026-05-04,9:23,17:57,N,0.0
1007,개발직원2,개발팀,2026-05-05,9:05,19:01,N,0.0
1007,개발직원2,개발팀,2026-05-06,8:52,18:11,N,0.0
1007,개발직원2,개발팀,2026-05-07,8:57,17:50,N,0.0
1007,개발직원2,개발팀,2026-05-08,8:53,17:15,N,0.0
1007,개발직원2,개발팀,2026-05-11,9:15,18:11,N,0.0
1007,개발직원2,개발팀,2026-05-12,8:53,18:35,N,0.0
1007,개발직원2,개발팀,2026-05-13,9:16,18:54,N,0.0
1007,개발직원2,개발팀,2026-05-14,8:53,18:27,N,0.0
1007,개발직원2,개발팀,2026-05-15,8:53,18:46,N,0.0
1007,개발직원2,개발팀,2026-05-18,8:40,17:46,N,0.0
1007,개발직원2,개발팀,2026-05-19,8:53,18:49,N,0.0
1007,개발직원2,개발팀,2026-05-20,8:49,17:33,N,0.0
1007,개발직원2,개발팀,2026-05-21,8:34,18:41,N,0.0
1007,개발직원2,개발팀,2026-05-22,8:52,17:35,N,0.0
1007,개발직원2,개발팀,2026-05-25,9:05,17:45,N,0.0
1007,개발직원2,개발팀,2026-05-26,9:03,18:57,N,0.0
1007,개발직원2,개발팀,2026-05-27,8:57,18:51,N,0.0
1007,개발직원2,개발팀,2026-05-28,9:36,18:40,N,0.07
1007,개발직원2,개발팀,2026-05-29,8:57,18:10,N,0.0
1007,개발직원2,개발팀,2026-06-01,9:10,18:06,N,0.0
1007,개발직원2,개발팀,2026-06-02,9:06,18:08,N,0.0
1007,개발직원2,개발팀,2026-06-03,8:46,18:22,N,0.0
1007,개발직원2,개발팀,2026-06-04,9:05,18:24,N,0.0
1007,개발직원2,개발팀,2026-06-05,9:31,18:41,N,0.17
1007,개발직원2,개발팀,2026-06-08,8:50,18:59,N,0.0
1007,개발직원2,개발팀,2026-06-09,8:45,18:03,N,0.0
1007,개발직원2,개발팀,2026-06-10,8:44,18:31,N,0.0
1007,개발직원2,개발팀,2026-06-11,8:46,17:37,N,0.0
1007,개발직원2,개발팀,2026-06-12,9:02,18:57,N,0.0
1007,개발직원2,개발팀,2026-06-15,8:54,17:36,N,0.0
1007,개발직원2,개발팀,2026-06-16,8:55,19:02,N,0.0
1007,개발직원2,개발팀,2026-06-17,8:59,18:39,N,0.0
1007,개발직원2,개발팀,2026-06-18,8:52,18:23,N,0.0
1007,개발직원2,개발팀,2026-06-19,9:11,17:40,N,0.0
1007,개발직원2,개발팀,2026-06-22,8:49,18:36,N,0.0
1007,개발직원2,개발팀,2026-06-23,8:47,18:06,N,0.0
1007,개발직원2,개발팀,2026-06-24,8:56,17:40,N,0.0
1007,개발직원2,개발팀,2026-06-25,9:03,18:59,N,0.0
1007,개발직원2,개발팀,2026-06-26,9:10,17:47,N,0.0
1007,개발직원2,개발팀,2026-06-29,8:44,18:16,N,0.0
1007,개발직원2,개발팀,2026-06-30,8:50,18:15,N,0.0
1007,개발직원2,개발팀,2026-07-01,8:40,18:35,N,0.0
1007,개발직원2,개발팀,2026-07-02,8:59,18:57,N,0.0
1007,개발직원2,개발팀,2026-07-03,8:59,18:26,N,0.0
1007,개발직원2,개발팀,2026-07-06,10:33,18:57,Y,0.0
1007,개발직원2,개발팀,2026-07-07,10:18,19:14,Y,0.0
1007,개발직원2,개발팀,2026-07-08,10:01,19:18,Y,0.0
1007,개발직원2,개발팀,2026-07-09,10:15,18:04,Y,0.0
1007,개발직원2,개발팀,2026-07-10,10:35,18:40,Y,0.0
1007,개발직원2,개발팀,2026-07-13,10:04,17:54,Y,0.0
1007,개발직원2,개발팀,2026-07-14,10:01,18:14,Y,0.0
1007,개발직원2,개발팀,2026-07-15,8:41,17:46,N,0.0
1007,개발직원2,개발팀,2026-07-16,10:04,19:27,Y,0.0
1007,개발직원2,개발팀,2026-07-17,9:06,18:32,N,0.0
1007,개발직원2,개발팀,2026-07-20,8:54,18:37,N,0.0
1007,개발직원2,개발팀,2026-07-21,9:09,18:10,N,0.0
1007,개발직원2,개발팀,2026-07-22,9:03,18:19,N,0.0
1007,개발직원2,개발팀,2026-07-23,10:14,17:52,Y,0.0
1007,개발직원2,개발팀,2026-07-24,8:44,18:46,N,0.0
1007,개발직원2,개발팀,2026-07-27,10:12,18:32,Y,0.0
1007,개발직원2,개발팀,2026-07-28,9:01,19:16,N,0.0
1007,개발직원2,개발팀,2026-07-29,8:52,19:03,N,0.0
1007,개발직원2,개발팀,2026-07-30,10:28,18:41,Y,0.0
1007,개발직원2,개발팀,2026-07-31,9:21,19:09,N,0.0
1008,개발직원3,개발팀,2025-01-01,9:03,17:58,N,0.0
1008,개발직원3,개발팀,2025-01-02,9:56,18:06,N,0.0
1008,개발직원3,개발팀,2025-01-03,9:56,18:22,N,0.0
1008,개발직원3,개발팀,2025-01-06,8:52,18:49,N,0.0
1008,개발직원3,개발팀,2025-01-07,8:58,20:13,N,0.0
1008,개발직원3,개발팀,2025-01-08,8:57,19:21,N,0.0
1008,개발직원3,개발팀,2025-01-09,9:07,18:22,N,0.0
1008,개발직원3,개발팀,2025-01-10,8:47,17:49,N,0.0
1008,개발직원3,개발팀,2025-01-13,8:49,18:18,N,0.0
1008,개발직원3,개발팀,2025-01-14,10:23,18:50,Y,0.0
1008,개발직원3,개발팀,2025-01-15,8:52,18:27,N,0.0
1008,개발직원3,개발팀,2025-01-16,9:47,18:16,N,0.0
1008,개발직원3,개발팀,2025-01-17,9:08,19:25,N,0.0
1008,개발직원3,개발팀,2025-01-20,9:43,19:38,N,0.92
1008,개발직원3,개발팀,2025-01-21,8:49,18:56,N,0.0
1008,개발직원3,개발팀,2025-01-22,8:47,17:34,N,0.0
1008,개발직원3,개발팀,2025-01-23,9:06,18:03,N,0.0
1008,개발직원3,개발팀,2025-01-24,8:59,20:08,N,0.0
1008,개발직원3,개발팀,2025-01-27,9:04,18:46,N,0.0
1008,개발직원3,개발팀,2025-01-28,8:59,18:22,N,0.0
1008,개발직원3,개발팀,2025-01-29,9:34,18:51,N,0.28
1008,개발직원3,개발팀,2025-01-30,9:08,18:20,N,0.0
1008,개발직원3,개발팀,2025-01-31,8:48,18:06,N,0.0
1008,개발직원3,개발팀,2025-02-03,9:15,19:40,N,0.0
1008,개발직원3,개발팀,2025-02-04,9:11,19:36,N,0.0
1008,개발직원3,개발팀,2025-02-05,8:46,18:32,N,0.0
1008,개발직원3,개발팀,2025-02-06,8:55,19:04,N,0.0
1008,개발직원3,개발팀,2025-02-07,9:09,17:40,N,0.0
1008,개발직원3,개발팀,2025-02-10,9:07,18:15,N,0.0
1008,개발직원3,개발팀,2025-02-11,8:55,19:01,N,0.0
1008,개발직원3,개발팀,2025-02-12,8:52,18:55,N,0.0
1008,개발직원3,개발팀,2025-02-13,8:54,18:12,N,0.0
1008,개발직원3,개발팀,2025-02-14,9:06,17:29,N,0.0
1008,개발직원3,개발팀,2025-02-17,9:05,18:48,N,0.0
1008,개발직원3,개발팀,2025-02-18,8:38,17:49,N,0.0
1008,개발직원3,개발팀,2025-02-19,9:01,17:17,N,0.0
1008,개발직원3,개발팀,2025-02-20,8:50,17:53,N,0.0
1008,개발직원3,개발팀,2025-02-21,8:48,18:06,N,0.0
1008,개발직원3,개발팀,2025-02-24,8:36,18:30,N,0.0
1008,개발직원3,개발팀,2025-02-25,8:55,19:20,N,0.0
1008,개발직원3,개발팀,2025-02-26,8:56,18:42,N,0.0
1008,개발직원3,개발팀,2025-02-27,8:52,19:16,N,0.0
1008,개발직원3,개발팀,2025-02-28,8:35,18:23,N,0.0
1008,개발직원3,개발팀,2025-03-03,9:01,19:57,N,0.0
1008,개발직원3,개발팀,2025-03-04,8:50,18:36,N,0.0
1008,개발직원3,개발팀,2025-03-05,8:51,19:30,N,0.0
1008,개발직원3,개발팀,2025-03-06,8:50,20:12,N,0.0
1008,개발직원3,개발팀,2025-03-07,9:00,18:12,N,0.0
1008,개발직원3,개발팀,2025-03-10,8:38,19:12,N,0.0
1008,개발직원3,개발팀,2025-03-11,9:41,17:21,N,0.0
1008,개발직원3,개발팀,2025-03-12,8:55,18:36,N,0.0
1008,개발직원3,개발팀,2025-03-13,8:37,19:04,N,0.0
1008,개발직원3,개발팀,2025-03-14,9:04,19:07,N,0.0
1008,개발직원3,개발팀,2025-03-17,8:36,18:41,N,0.0
1008,개발직원3,개발팀,2025-03-18,8:53,18:24,N,0.0
1008,개발직원3,개발팀,2025-03-19,9:11,18:51,N,0.0
1008,개발직원3,개발팀,2025-03-20,8:58,18:50,N,0.0
1008,개발직원3,개발팀,2025-03-21,8:29,19:14,N,0.0
1008,개발직원3,개발팀,2025-03-24,8:52,17:59,N,0.0
1008,개발직원3,개발팀,2025-03-25,8:52,18:56,N,0.0
1008,개발직원3,개발팀,2025-03-26,8:54,18:47,N,0.0
1008,개발직원3,개발팀,2025-03-27,9:13,18:10,N,0.0
1008,개발직원3,개발팀,2025-03-28,9:06,18:43,N,0.0
1008,개발직원3,개발팀,2025-03-31,9:11,18:21,N,0.0
1008,개발직원3,개발팀,2025-04-01,8:50,17:47,N,0.0
1008,개발직원3,개발팀,2025-04-02,8:45,18:51,N,0.0
1008,개발직원3,개발팀,2025-04-03,10:12,18:14,Y,0.0
1008,개발직원3,개발팀,2025-04-04,8:48,19:18,N,0.0
1008,개발직원3,개발팀,2025-04-07,9:02,19:02,N,0.0
1008,개발직원3,개발팀,2025-04-08,8:56,19:19,N,0.0
1008,개발직원3,개발팀,2025-04-09,9:01,18:11,N,0.0
1008,개발직원3,개발팀,2025-04-10,9:09,19:01,N,0.0
1008,개발직원3,개발팀,2025-04-11,8:56,17:42,N,0.0
1008,개발직원3,개발팀,2025-04-14,8:48,19:03,N,0.0
1008,개발직원3,개발팀,2025-04-15,8:57,19:07,N,0.0
1008,개발직원3,개발팀,2025-04-16,8:55,18:08,N,0.0
1008,개발직원3,개발팀,2025-04-17,8:59,18:13,N,0.0
1008,개발직원3,개발팀,2025-04-18,8:22,19:03,N,0.0
1008,개발직원3,개발팀,2025-04-21,9:02,19:28,N,0.0
1008,개발직원3,개발팀,2025-04-22,9:07,17:56,N,0.0
1008,개발직원3,개발팀,2025-04-23,8:48,18:49,N,0.0
1008,개발직원3,개발팀,2025-04-24,8:47,17:08,N,0.0
1008,개발직원3,개발팀,2025-04-25,9:00,18:13,N,0.0
1008,개발직원3,개발팀,2025-04-28,8:30,17:51,N,0.0
1008,개발직원3,개발팀,2025-04-29,8:38,19:16,N,0.0
1008,개발직원3,개발팀,2025-04-30,8:51,17:36,N,0.0
1008,개발직원3,개발팀,2025-05-01,8:32,18:38,N,0.0
1008,개발직원3,개발팀,2025-05-02,8:44,18:56,N,0.0
1008,개발직원3,개발팀,2025-05-05,8:44,18:35,N,0.0
1008,개발직원3,개발팀,2025-05-06,8:43,18:17,N,0.0
1008,개발직원3,개발팀,2025-05-07,8:51,17:57,N,0.0
1008,개발직원3,개발팀,2025-05-08,8:44,19:20,N,0.0
1008,개발직원3,개발팀,2025-05-09,9:13,19:38,N,0.0
1008,개발직원3,개발팀,2025-05-12,8:50,18:58,N,0.0
1008,개발직원3,개발팀,2025-05-13,9:00,18:47,N,0.0
1008,개발직원3,개발팀,2025-05-14,9:03,18:51,N,0.0
1008,개발직원3,개발팀,2025-05-15,8:59,18:27,N,0.0
1008,개발직원3,개발팀,2025-05-16,9:08,19:11,N,0.0
1008,개발직원3,개발팀,2025-05-19,8:42,19:06,N,0.0
1008,개발직원3,개발팀,2025-05-20,9:57,19:06,N,0.15
1008,개발직원3,개발팀,2025-05-21,8:40,19:00,N,0.0
1008,개발직원3,개발팀,2025-05-22,8:41,18:47,N,0.0
1008,개발직원3,개발팀,2025-05-23,8:53,18:45,N,0.0
1008,개발직원3,개발팀,2025-05-26,8:31,18:55,N,0.0
1008,개발직원3,개발팀,2025-05-27,9:26,18:59,N,0.0
1008,개발직원3,개발팀,2025-05-28,10:26,18:32,Y,0.0
1008,개발직원3,개발팀,2025-05-29,9:57,19:44,N,0.78
1008,개발직원3,개발팀,2025-05-30,8:43,19:06,N,0.0
1008,개발직원3,개발팀,2025-06-02,8:59,19:50,N,0.0
1008,개발직원3,개발팀,2025-06-03,8:47,19:06,N,0.0
1008,개발직원3,개발팀,2025-06-04,8:57,18:12,N,0.0
1008,개발직원3,개발팀,2025-06-05,9:18,19:33,N,0.0
1008,개발직원3,개발팀,2025-06-06,8:43,18:46,N,0.0
1008,개발직원3,개발팀,2025-06-09,10:11,19:16,Y,0.0
1008,개발직원3,개발팀,2025-06-10,8:54,17:58,N,0.0
1008,개발직원3,개발팀,2025-06-11,9:34,18:34,N,0.0
1008,개발직원3,개발팀,2025-06-12,9:00,18:51,N,0.0
1008,개발직원3,개발팀,2025-06-13,9:15,18:24,N,0.0
1008,개발직원3,개발팀,2025-06-16,10:26,18:02,Y,0.0
1008,개발직원3,개발팀,2025-06-17,9:04,19:45,N,0.0
1008,개발직원3,개발팀,2025-06-18,9:03,18:17,N,0.0
1008,개발직원3,개발팀,2025-06-19,8:46,18:43,N,0.0
1008,개발직원3,개발팀,2025-06-20,8:57,18:11,N,0.0
1008,개발직원3,개발팀,2025-06-23,9:13,17:31,N,0.0
1008,개발직원3,개발팀,2025-06-24,8:52,18:38,N,0.0
1008,개발직원3,개발팀,2025-06-25,8:50,17:53,N,0.0
1008,개발직원3,개발팀,2025-06-26,9:11,18:05,N,0.0
1008,개발직원3,개발팀,2025-06-27,9:05,18:21,N,0.0
1008,개발직원3,개발팀,2025-06-30,8:48,17:52,N,0.0
1008,개발직원3,개발팀,2025-07-01,9:09,19:39,N,0.0
1008,개발직원3,개발팀,2025-07-02,8:56,19:22,N,0.0
1008,개발직원3,개발팀,2025-07-03,9:03,17:37,N,0.0
1008,개발직원3,개발팀,2025-07-04,9:26,18:27,N,0.0
1008,개발직원3,개발팀,2025-07-07,8:35,18:55,N,0.0
1008,개발직원3,개발팀,2025-07-08,9:05,18:42,N,0.0
1008,개발직원3,개발팀,2025-07-09,8:50,17:49,N,0.0
1008,개발직원3,개발팀,2025-07-10,9:44,18:56,N,0.2
1008,개발직원3,개발팀,2025-07-11,9:05,17:45,N,0.0
1008,개발직원3,개발팀,2025-07-14,8:52,18:24,N,0.0
1008,개발직원3,개발팀,2025-07-15,9:02,19:27,N,0.0
1008,개발직원3,개발팀,2025-07-16,8:48,18:13,N,0.0
1008,개발직원3,개발팀,2025-07-17,9:01,19:26,N,0.0
1008,개발직원3,개발팀,2025-07-18,8:47,18:57,N,0.0
1008,개발직원3,개발팀,2025-07-21,8:47,19:39,N,0.0
1008,개발직원3,개발팀,2025-07-22,8:10,18:30,N,0.0
1008,개발직원3,개발팀,2025-07-23,8:41,19:30,N,0.0
1008,개발직원3,개발팀,2025-07-24,9:05,18:24,N,0.0
1008,개발직원3,개발팀,2025-07-25,8:43,18:39,N,0.0
1008,개발직원3,개발팀,2025-07-28,9:01,19:06,N,0.0
1008,개발직원3,개발팀,2025-07-29,8:45,17:39,N,0.0
1008,개발직원3,개발팀,2025-07-30,8:46,16:59,N,0.0
1008,개발직원3,개발팀,2025-07-31,8:59,18:40,N,0.0
1008,개발직원3,개발팀,2025-08-01,8:56,18:33,N,0.0
1008,개발직원3,개발팀,2025-08-04,9:10,19:10,N,0.0
1008,개발직원3,개발팀,2025-08-05,8:38,18:14,N,0.0
1008,개발직원3,개발팀,2025-08-06,9:01,17:34,N,0.0
1008,개발직원3,개발팀,2025-08-07,8:59,19:37,N,0.0
1008,개발직원3,개발팀,2025-08-08,9:12,19:21,N,0.0
1008,개발직원3,개발팀,2025-08-11,8:42,19:27,N,0.0
1008,개발직원3,개발팀,2025-08-12,9:09,17:58,N,0.0
1008,개발직원3,개발팀,2025-08-13,8:32,19:27,N,0.0
1008,개발직원3,개발팀,2025-08-14,8:45,18:28,N,0.0
1008,개발직원3,개발팀,2025-08-15,8:45,19:50,N,0.0
1008,개발직원3,개발팀,2025-08-18,8:54,18:26,N,0.0
1008,개발직원3,개발팀,2025-08-19,8:57,18:31,N,0.0
1008,개발직원3,개발팀,2025-08-20,9:02,17:49,N,0.0
1008,개발직원3,개발팀,2025-08-21,8:51,18:52,N,0.0
1008,개발직원3,개발팀,2025-08-22,8:41,18:51,N,0.0
1008,개발직원3,개발팀,2025-08-25,8:46,18:03,N,0.0
1008,개발직원3,개발팀,2025-08-26,10:30,18:11,Y,0.0
1008,개발직원3,개발팀,2025-08-27,8:52,18:54,N,0.0
1008,개발직원3,개발팀,2025-08-28,8:53,17:47,N,0.0
1008,개발직원3,개발팀,2025-08-29,8:53,18:44,N,0.0
1008,개발직원3,개발팀,2025-09-01,8:41,18:46,N,0.0
1008,개발직원3,개발팀,2025-09-02,8:32,18:26,N,0.0
1008,개발직원3,개발팀,2025-09-03,9:10,18:35,N,0.0
1008,개발직원3,개발팀,2025-09-04,9:00,17:52,N,0.0
1008,개발직원3,개발팀,2025-09-05,9:52,17:51,N,0.0
1008,개발직원3,개발팀,2025-09-08,9:10,18:21,N,0.0
1008,개발직원3,개발팀,2025-09-09,9:53,18:59,N,0.1
1008,개발직원3,개발팀,2025-09-10,9:04,18:11,N,0.0
1008,개발직원3,개발팀,2025-09-11,9:01,18:15,N,0.0
1008,개발직원3,개발팀,2025-09-12,9:09,18:43,N,0.0
1008,개발직원3,개발팀,2025-09-15,8:34,18:12,N,0.0
1008,개발직원3,개발팀,2025-09-16,8:46,17:50,N,0.0
1008,개발직원3,개발팀,2025-09-17,8:42,19:05,N,0.0
1008,개발직원3,개발팀,2025-09-18,9:03,18:55,N,0.0
1008,개발직원3,개발팀,2025-09-19,9:01,19:08,N,0.0
1008,개발직원3,개발팀,2025-09-22,9:02,18:50,N,0.0
1008,개발직원3,개발팀,2025-09-23,8:44,18:45,N,0.0
1008,개발직원3,개발팀,2025-09-24,8:55,19:24,N,0.0
1008,개발직원3,개발팀,2025-09-25,9:03,17:55,N,0.0
1008,개발직원3,개발팀,2025-09-26,9:19,18:32,N,0.0
1008,개발직원3,개발팀,2025-09-29,8:56,17:40,N,0.0
1008,개발직원3,개발팀,2025-09-30,9:40,18:07,N,0.0
1008,개발직원3,개발팀,2025-10-01,8:38,18:35,N,0.0
1008,개발직원3,개발팀,2025-10-02,9:05,19:25,N,0.0
1008,개발직원3,개발팀,2025-10-03,8:56,18:39,N,0.0
1008,개발직원3,개발팀,2025-10-06,9:46,18:31,N,0.0
1008,개발직원3,개발팀,2025-10-07,8:46,18:37,N,0.0
1008,개발직원3,개발팀,2025-10-08,8:53,19:23,N,0.0
1008,개발직원3,개발팀,2025-10-09,9:04,18:26,N,0.0
1008,개발직원3,개발팀,2025-10-10,9:02,18:14,N,0.0
1008,개발직원3,개발팀,2025-10-13,8:38,18:45,N,0.0
1008,개발직원3,개발팀,2025-10-14,8:43,18:56,N,0.0
1008,개발직원3,개발팀,2025-10-15,8:50,19:06,N,0.0
1008,개발직원3,개발팀,2025-10-16,8:39,19:26,N,0.0
1008,개발직원3,개발팀,2025-10-17,9:07,18:43,N,0.0
1008,개발직원3,개발팀,2025-10-20,9:02,17:50,N,0.0
1008,개발직원3,개발팀,2025-10-21,9:00,18:25,N,0.0
1008,개발직원3,개발팀,2025-10-22,9:05,18:10,N,0.0
1008,개발직원3,개발팀,2025-10-23,9:00,19:29,N,0.0
1008,개발직원3,개발팀,2025-10-24,8:41,19:47,N,0.0
1008,개발직원3,개발팀,2025-10-27,8:35,17:44,N,0.0
1008,개발직원3,개발팀,2025-10-28,9:03,19:16,N,0.0
1008,개발직원3,개발팀,2025-10-29,8:50,19:24,N,0.0
1008,개발직원3,개발팀,2025-10-30,9:09,18:41,N,0.0
1008,개발직원3,개발팀,2025-10-31,9:03,18:14,N,0.0
1008,개발직원3,개발팀,2025-11-03,8:59,19:30,N,0.0
1008,개발직원3,개발팀,2025-11-04,8:56,18:41,N,0.0
1008,개발직원3,개발팀,2025-11-05,9:10,18:31,N,0.0
1008,개발직원3,개발팀,2025-11-06,8:59,18:36,N,0.0
1008,개발직원3,개발팀,2025-11-07,9:03,18:09,N,0.0
1008,개발직원3,개발팀,2025-11-10,8:26,18:05,N,0.0
1008,개발직원3,개발팀,2025-11-11,8:41,18:12,N,0.0
1008,개발직원3,개발팀,2025-11-12,8:43,18:34,N,0.0
1008,개발직원3,개발팀,2025-11-13,8:58,19:00,N,0.0
1008,개발직원3,개발팀,2025-11-14,8:57,17:38,N,0.0
1008,개발직원3,개발팀,2025-11-17,8:59,18:30,N,0.0
1008,개발직원3,개발팀,2025-11-18,9:55,18:38,N,0.0
1008,개발직원3,개발팀,2025-11-19,9:21,18:23,N,0.0
1008,개발직원3,개발팀,2025-11-20,9:01,17:55,N,0.0
1008,개발직원3,개발팀,2025-11-21,8:57,18:24,N,0.0
1008,개발직원3,개발팀,2025-11-24,8:59,18:37,N,0.0
1008,개발직원3,개발팀,2025-11-25,8:53,17:58,N,0.0
1008,개발직원3,개발팀,2025-11-26,8:42,18:59,N,0.0
1008,개발직원3,개발팀,2025-11-27,8:45,18:04,N,0.0
1008,개발직원3,개발팀,2025-11-28,8:32,18:51,N,0.0
1008,개발직원3,개발팀,2025-12-01,9:03,18:56,N,0.0
1008,개발직원3,개발팀,2025-12-02,8:58,18:32,N,0.0
1008,개발직원3,개발팀,2025-12-03,9:33,19:49,N,1.27
1008,개발직원3,개발팀,2025-12-04,8:54,18:32,N,0.0
1008,개발직원3,개발팀,2025-12-05,9:00,18:58,N,0.0
1008,개발직원3,개발팀,2025-12-08,8:34,19:31,N,0.0
1008,개발직원3,개발팀,2025-12-09,10:29,18:31,Y,0.0
1008,개발직원3,개발팀,2025-12-10,9:17,19:32,N,0.0
1008,개발직원3,개발팀,2025-12-11,8:47,19:18,N,0.0
1008,개발직원3,개발팀,2025-12-12,8:54,18:54,N,0.0
1008,개발직원3,개발팀,2025-12-15,8:48,18:35,N,0.0
1008,개발직원3,개발팀,2025-12-16,8:55,17:06,N,0.0
1008,개발직원3,개발팀,2025-12-17,8:43,18:52,N,0.0
1008,개발직원3,개발팀,2025-12-18,8:39,18:20,N,0.0
1008,개발직원3,개발팀,2025-12-19,9:05,18:24,N,0.0
1008,개발직원3,개발팀,2025-12-22,8:56,19:00,N,0.0
1008,개발직원3,개발팀,2025-12-23,9:08,18:55,N,0.0
1008,개발직원3,개발팀,2025-12-24,8:44,17:35,N,0.0
1008,개발직원3,개발팀,2025-12-25,9:23,19:20,N,0.0
1008,개발직원3,개발팀,2025-12-26,10:01,18:08,Y,0.0
1008,개발직원3,개발팀,2025-12-29,8:43,17:53,N,0.0
1008,개발직원3,개발팀,2025-12-30,8:55,18:33,N,0.0
1008,개발직원3,개발팀,2025-12-31,8:40,19:29,N,0.0
1008,개발직원3,개발팀,2026-01-01,8:48,18:40,N,0.0
1008,개발직원3,개발팀,2026-01-02,8:50,19:04,N,0.0
1008,개발직원3,개발팀,2026-01-05,8:49,18:10,N,0.0
1008,개발직원3,개발팀,2026-01-06,8:49,19:08,N,0.0
1008,개발직원3,개발팀,2026-01-07,9:00,19:20,N,0.0
1008,개발직원3,개발팀,2026-01-08,8:50,18:11,N,0.0
1008,개발직원3,개발팀,2026-01-09,8:56,19:14,N,0.0
1008,개발직원3,개발팀,2026-01-12,8:56,17:41,N,0.0
1008,개발직원3,개발팀,2026-01-13,8:57,19:07,N,0.0
1008,개발직원3,개발팀,2026-01-14,9:05,18:39,N,0.0
1008,개발직원3,개발팀,2026-01-15,9:06,18:08,N,0.0
1008,개발직원3,개발팀,2026-01-16,9:06,19:07,N,0.0
1008,개발직원3,개발팀,2026-01-19,8:58,18:38,N,0.0
1008,개발직원3,개발팀,2026-01-20,9:02,18:21,N,0.0
1008,개발직원3,개발팀,2026-01-21,9:11,18:39,N,0.0
1008,개발직원3,개발팀,2026-01-22,8:57,18:45,N,0.0
1008,개발직원3,개발팀,2026-01-23,8:58,18:03,N,0.0
1008,개발직원3,개발팀,2026-01-26,8:50,18:16,N,0.0
1008,개발직원3,개발팀,2026-01-27,9:19,17:57,N,0.0
1008,개발직원3,개발팀,2026-01-28,9:01,18:57,N,0.0
1008,개발직원3,개발팀,2026-01-29,8:38,18:42,N,0.0
1008,개발직원3,개발팀,2026-01-30,9:02,18:20,N,0.0
1008,개발직원3,개발팀,2026-02-02,9:35,17:58,N,0.0
1008,개발직원3,개발팀,2026-02-03,8:50,17:46,N,0.0
1008,개발직원3,개발팀,2026-02-04,9:02,18:13,N,0.0
1008,개발직원3,개발팀,2026-02-05,9:02,18:40,N,0.0
1008,개발직원3,개발팀,2026-02-06,8:56,18:34,N,0.0
1008,개발직원3,개발팀,2026-02-09,8:51,18:51,N,0.0
1008,개발직원3,개발팀,2026-02-10,9:11,18:58,N,0.0
1008,개발직원3,개발팀,2026-02-11,8:28,17:31,N,0.0
1008,개발직원3,개발팀,2026-02-12,8:45,18:32,N,0.0
1008,개발직원3,개발팀,2026-02-13,9:01,17:43,N,0.0
1008,개발직원3,개발팀,2026-02-16,9:02,17:48,N,0.0
1008,개발직원3,개발팀,2026-02-17,8:58,18:44,N,0.0
1008,개발직원3,개발팀,2026-02-18,8:53,17:46,N,0.0
1008,개발직원3,개발팀,2026-02-19,9:04,18:28,N,0.0
1008,개발직원3,개발팀,2026-02-20,8:53,18:34,N,0.0
1008,개발직원3,개발팀,2026-02-23,8:48,17:08,N,0.0
1008,개발직원3,개발팀,2026-02-24,9:11,17:22,N,0.0
1008,개발직원3,개발팀,2026-02-25,9:08,19:09,N,0.0
1008,개발직원3,개발팀,2026-02-26,9:28,18:44,N,0.0
1008,개발직원3,개발팀,2026-02-27,8:51,18:11,N,0.0
1008,개발직원3,개발팀,2026-03-02,8:55,19:35,N,0.0
1008,개발직원3,개발팀,2026-03-03,8:42,19:21,N,0.0
1008,개발직원3,개발팀,2026-03-04,9:11,18:14,N,0.0
1008,개발직원3,개발팀,2026-03-05,9:07,17:47,N,0.0
1008,개발직원3,개발팀,2026-03-06,8:26,19:01,N,0.0
1008,개발직원3,개발팀,2026-03-09,8:53,19:30,N,0.0
1008,개발직원3,개발팀,2026-03-10,8:45,18:56,N,0.0
1008,개발직원3,개발팀,2026-03-11,8:53,18:40,N,0.0
1008,개발직원3,개발팀,2026-03-12,8:45,19:15,N,0.0
1008,개발직원3,개발팀,2026-03-13,8:24,18:59,N,0.0
1008,개발직원3,개발팀,2026-03-16,8:47,20:12,N,0.0
1008,개발직원3,개발팀,2026-03-17,8:49,17:48,N,0.0
1008,개발직원3,개발팀,2026-03-18,9:11,18:18,N,0.0
1008,개발직원3,개발팀,2026-03-19,8:51,19:01,N,0.0
1008,개발직원3,개발팀,2026-03-20,8:58,18:31,N,0.0
1008,개발직원3,개발팀,2026-03-23,8:51,18:22,N,0.0
1008,개발직원3,개발팀,2026-03-24,8:39,18:54,N,0.0
1008,개발직원3,개발팀,2026-03-25,9:38,19:23,N,0.75
1008,개발직원3,개발팀,2026-03-26,9:13,16:49,N,0.0
1008,개발직원3,개발팀,2026-03-27,8:54,19:30,N,0.0
1008,개발직원3,개발팀,2026-03-30,8:49,18:25,N,0.0
1008,개발직원3,개발팀,2026-03-31,8:42,18:27,N,0.0
1008,개발직원3,개발팀,2026-04-01,8:57,18:30,N,0.0
1008,개발직원3,개발팀,2026-04-02,9:13,17:20,N,0.0
1008,개발직원3,개발팀,2026-04-03,9:10,19:17,N,0.0
1008,개발직원3,개발팀,2026-04-06,8:47,17:14,N,0.0
1008,개발직원3,개발팀,2026-04-07,9:04,19:13,N,0.0
1008,개발직원3,개발팀,2026-04-08,9:10,18:06,N,0.0
1008,개발직원3,개발팀,2026-04-09,8:59,18:03,N,0.0
1008,개발직원3,개발팀,2026-04-10,9:21,18:58,N,0.0
1008,개발직원3,개발팀,2026-04-13,9:14,19:10,N,0.0
1008,개발직원3,개발팀,2026-04-14,9:03,17:29,N,0.0
1008,개발직원3,개발팀,2026-04-15,8:54,18:02,N,0.0
1008,개발직원3,개발팀,2026-04-16,9:05,17:04,N,0.0
1008,개발직원3,개발팀,2026-04-17,9:54,18:51,N,0.0
1008,개발직원3,개발팀,2026-04-20,8:55,17:34,N,0.0
1008,개발직원3,개발팀,2026-04-21,8:55,19:17,N,0.0
1008,개발직원3,개발팀,2026-04-22,8:40,18:16,N,0.0
1008,개발직원3,개발팀,2026-04-23,8:55,17:50,N,0.0
1008,개발직원3,개발팀,2026-04-24,9:16,18:32,N,0.0
1008,개발직원3,개발팀,2026-04-27,8:51,18:33,N,0.0
1008,개발직원3,개발팀,2026-04-28,10:27,18:48,Y,0.0
1008,개발직원3,개발팀,2026-04-29,8:54,18:52,N,0.0
1008,개발직원3,개발팀,2026-04-30,8:41,18:43,N,0.0
1008,개발직원3,개발팀,2026-05-01,8:50,17:26,N,0.0
1008,개발직원3,개발팀,2026-05-04,8:53,17:38,N,0.0
1008,개발직원3,개발팀,2026-05-05,8:53,19:25,N,0.0
1008,개발직원3,개발팀,2026-05-06,9:14,19:01,N,0.0
1008,개발직원3,개발팀,2026-05-07,9:08,19:36,N,0.0
1008,개발직원3,개발팀,2026-05-08,8:46,18:34,N,0.0
1008,개발직원3,개발팀,2026-05-11,8:59,19:05,N,0.0
1008,개발직원3,개발팀,2026-05-12,8:45,18:37,N,0.0
1008,개발직원3,개발팀,2026-05-13,8:56,17:19,N,0.0
1008,개발직원3,개발팀,2026-05-14,9:12,18:04,N,0.0
1008,개발직원3,개발팀,2026-05-15,8:55,18:47,N,0.0
1008,개발직원3,개발팀,2026-05-18,8:47,17:35,N,0.0
1008,개발직원3,개발팀,2026-05-19,9:01,18:35,N,0.0
1008,개발직원3,개발팀,2026-05-20,8:56,18:28,N,0.0
1008,개발직원3,개발팀,2026-05-21,8:46,18:21,N,0.0
1008,개발직원3,개발팀,2026-05-22,8:47,18:25,N,0.0
1008,개발직원3,개발팀,2026-05-25,9:00,18:08,N,0.0
1008,개발직원3,개발팀,2026-05-26,9:02,18:43,N,0.0
1008,개발직원3,개발팀,2026-05-27,8:42,18:49,N,0.0
1008,개발직원3,개발팀,2026-05-28,9:02,17:49,N,0.0
1008,개발직원3,개발팀,2026-05-29,9:50,19:03,N,0.22
1008,개발직원3,개발팀,2026-06-01,8:52,18:21,N,0.0
1008,개발직원3,개발팀,2026-06-02,9:08,18:19,N,0.0
1008,개발직원3,개발팀,2026-06-03,8:49,20:21,N,0.0
1008,개발직원3,개발팀,2026-06-04,9:03,17:52,N,0.0
1008,개발직원3,개발팀,2026-06-05,8:51,17:51,N,0.0
1008,개발직원3,개발팀,2026-06-08,10:21,19:03,Y,0.0
1008,개발직원3,개발팀,2026-06-09,9:09,17:13,N,0.0
1008,개발직원3,개발팀,2026-06-10,9:00,18:42,N,0.0
1008,개발직원3,개발팀,2026-06-11,8:37,19:39,N,0.0
1008,개발직원3,개발팀,2026-06-12,9:04,19:23,N,0.0
1008,개발직원3,개발팀,2026-06-15,8:51,18:17,N,0.0
1008,개발직원3,개발팀,2026-06-16,8:41,18:26,N,0.0
1008,개발직원3,개발팀,2026-06-17,9:13,17:43,N,0.0
1008,개발직원3,개발팀,2026-06-18,8:47,18:38,N,0.0
1008,개발직원3,개발팀,2026-06-19,8:56,18:36,N,0.0
1008,개발직원3,개발팀,2026-06-22,9:12,18:14,N,0.0
1008,개발직원3,개발팀,2026-06-23,8:45,18:42,N,0.0
1008,개발직원3,개발팀,2026-06-24,8:28,19:35,N,0.0
1008,개발직원3,개발팀,2026-06-25,9:10,17:09,N,0.0
1008,개발직원3,개발팀,2026-06-26,9:16,18:58,N,0.0
1008,개발직원3,개발팀,2026-06-29,9:53,18:41,N,0.0
1008,개발직원3,개발팀,2026-06-30,8:56,17:35,N,0.0
1008,개발직원3,개발팀,2026-07-01,9:04,18:13,N,0.0
1008,개발직원3,개발팀,2026-07-02,8:29,19:53,N,0.0
1008,개발직원3,개발팀,2026-07-03,8:57,18:59,N,0.0
1008,개발직원3,개발팀,2026-07-06,8:53,18:56,N,0.0
1008,개발직원3,개발팀,2026-07-07,9:03,17:23,N,0.0
1008,개발직원3,개발팀,2026-07-08,8:40,18:02,N,0.0
1008,개발직원3,개발팀,2026-07-09,9:01,19:39,N,0.0
1008,개발직원3,개발팀,2026-07-10,8:47,19:01,N,0.0
1008,개발직원3,개발팀,2026-07-13,9:01,18:41,N,0.0
1008,개발직원3,개발팀,2026-07-14,9:09,17:59,N,0.0
1008,개발직원3,개발팀,2026-07-15,9:02,17:44,N,0.0
1008,개발직원3,개발팀,2026-07-16,8:45,19:14,N,0.0
1008,개발직원3,개발팀,2026-07-17,8:57,18:41,N,0.0
1008,개발직원3,개발팀,2026-07-20,8:51,18:40,N,0.0
1008,개발직원3,개발팀,2026-07-21,8:57,17:57,N,0.0
1008,개발직원3,개발팀,2026-07-22,8:56,19:23,N,0.0
1008,개발직원3,개발팀,2026-07-23,8:59,20:03,N,0.0
1008,개발직원3,개발팀,2026-07-24,8:54,19:32,N,0.0
1008,개발직원3,개발팀,2026-07-27,10:28,18:48,Y,0.0
1008,개발직원3,개발팀,2026-07-28,9:03,18:32,N,0.0
1008,개발직원3,개발팀,2026-07-29,9:09,18:08,N,0.0
1008,개발직원3,개발팀,2026-07-30,9:10,19:11,N,0.0
1008,개발직원3,개발팀,2026-07-31,8:45,19:27,N,0.0
1009,개발직원4,개발팀,2025-01-01,9:43,18:24,N,0.0
1009,개발직원4,개발팀,2025-01-02,8:44,19:28,N,0.0
1009,개발직원4,개발팀,2025-01-03,8:36,18:11,N,0.0
1009,개발직원4,개발팀,2025-01-06,8:42,17:19,N,0.0
1009,개발직원4,개발팀,2025-01-07,9:21,19:13,N,0.0
1009,개발직원4,개발팀,2025-01-08,8:49,17:24,N,0.0
1009,개발직원4,개발팀,2025-01-09,9:32,19:21,N,0.82
1009,개발직원4,개발팀,2025-01-10,8:49,19:14,N,0.0
1009,개발직원4,개발팀,2025-01-13,9:02,18:28,N,0.0
1009,개발직원4,개발팀,2025-01-14,9:46,18:41,N,0.0
1009,개발직원4,개발팀,2025-01-15,8:46,19:06,N,0.0
1009,개발직원4,개발팀,2025-01-16,9:01,18:09,N,0.0
1009,개발직원4,개발팀,2025-01-17,9:15,18:41,N,0.0
1009,개발직원4,개발팀,2025-01-20,8:45,18:05,N,0.0
1009,개발직원4,개발팀,2025-01-21,9:08,18:35,N,0.0
1009,개발직원4,개발팀,2025-01-22,8:50,18:44,N,0.0
1009,개발직원4,개발팀,2025-01-23,8:49,18:23,N,0.0
1009,개발직원4,개발팀,2025-01-24,8:35,17:32,N,0.0
1009,개발직원4,개발팀,2025-01-27,8:40,19:44,N,0.0
1009,개발직원4,개발팀,2025-01-28,8:56,18:33,N,0.0
1009,개발직원4,개발팀,2025-01-29,8:55,17:17,N,0.0
1009,개발직원4,개발팀,2025-01-30,9:15,18:50,N,0.0
1009,개발직원4,개발팀,2025-01-31,8:55,18:43,N,0.0
1009,개발직원4,개발팀,2025-02-03,10:15,18:35,Y,0.0
1009,개발직원4,개발팀,2025-02-04,8:58,18:13,N,0.0
1009,개발직원4,개발팀,2025-02-05,8:47,17:54,N,0.0
1009,개발직원4,개발팀,2025-02-06,8:46,18:56,N,0.0
1009,개발직원4,개발팀,2025-02-07,8:59,17:24,N,0.0
1009,개발직원4,개발팀,2025-02-10,8:55,18:54,N,0.0
1009,개발직원4,개발팀,2025-02-11,8:50,19:34,N,0.0
1009,개발직원4,개발팀,2025-02-12,8:47,18:02,N,0.0
1009,개발직원4,개발팀,2025-02-13,8:42,18:14,N,0.0
1009,개발직원4,개발팀,2025-02-14,10:29,17:45,Y,0.0
1009,개발직원4,개발팀,2025-02-17,9:08,18:15,N,0.0
1009,개발직원4,개발팀,2025-02-18,9:14,17:49,N,0.0
1009,개발직원4,개발팀,2025-02-19,8:49,19:17,N,0.0
1009,개발직원4,개발팀,2025-02-20,8:51,17:20,N,0.0
1009,개발직원4,개발팀,2025-02-21,9:37,18:11,N,0.0
1009,개발직원4,개발팀,2025-02-24,8:38,19:05,N,0.0
1009,개발직원4,개발팀,2025-02-25,9:38,19:00,N,0.37
1009,개발직원4,개발팀,2025-02-26,8:45,20:08,N,0.0
1009,개발직원4,개발팀,2025-02-27,10:28,17:53,Y,0.0
1009,개발직원4,개발팀,2025-02-28,8:46,18:20,N,0.0
1009,개발직원4,개발팀,2025-03-03,8:57,18:47,N,0.0
1009,개발직원4,개발팀,2025-03-04,10:10,19:08,Y,0.0
1009,개발직원4,개발팀,2025-03-05,9:54,18:24,N,0.0
1009,개발직원4,개발팀,2025-03-06,8:57,19:40,N,0.0
1009,개발직원4,개발팀,2025-03-07,8:38,18:49,N,0.0
1009,개발직원4,개발팀,2025-03-10,8:40,17:49,N,0.0
1009,개발직원4,개발팀,2025-03-11,9:13,17:31,N,0.0
1009,개발직원4,개발팀,2025-03-12,9:03,18:48,N,0.0
1009,개발직원4,개발팀,2025-03-13,8:57,18:19,N,0.0
1009,개발직원4,개발팀,2025-03-14,8:37,19:11,N,0.0
1009,개발직원4,개발팀,2025-03-17,8:49,17:45,N,0.0
1009,개발직원4,개발팀,2025-03-18,8:48,17:41,N,0.0
1009,개발직원4,개발팀,2025-03-19,9:08,18:34,N,0.0
1009,개발직원4,개발팀,2025-03-20,8:56,18:46,N,0.0
1009,개발직원4,개발팀,2025-03-21,8:53,17:55,N,0.0
1009,개발직원4,개발팀,2025-03-24,8:52,18:01,N,0.0
1009,개발직원4,개발팀,2025-03-25,8:47,18:44,N,0.0
1009,개발직원4,개발팀,2025-03-26,8:33,19:06,N,0.0
1009,개발직원4,개발팀,2025-03-27,9:05,18:27,N,0.0
1009,개발직원4,개발팀,2025-03-28,9:02,17:48,N,0.0
1009,개발직원4,개발팀,2025-03-31,8:59,17:13,N,0.0
1009,개발직원4,개발팀,2025-04-01,8:57,19:58,N,0.0
1009,개발직원4,개발팀,2025-04-02,9:05,18:03,N,0.0
1009,개발직원4,개발팀,2025-04-03,10:06,18:07,Y,0.0
1009,개발직원4,개발팀,2025-04-04,8:57,17:59,N,0.0
1009,개발직원4,개발팀,2025-04-07,8:56,18:54,N,0.0
1009,개발직원4,개발팀,2025-04-08,8:50,18:05,N,0.0
1009,개발직원4,개발팀,2025-04-09,9:00,19:13,N,0.0
1009,개발직원4,개발팀,2025-04-10,8:48,19:16,N,0.0
1009,개발직원4,개발팀,2025-04-11,9:30,17:52,N,0.0
1009,개발직원4,개발팀,2025-04-14,9:18,18:37,N,0.0
1009,개발직원4,개발팀,2025-04-15,8:51,18:26,N,0.0
1009,개발직원4,개발팀,2025-04-16,9:06,19:00,N,0.0
1009,개발직원4,개발팀,2025-04-17,9:02,18:42,N,0.0
1009,개발직원4,개발팀,2025-04-18,9:03,17:36,N,0.0
1009,개발직원4,개발팀,2025-04-21,8:46,18:44,N,0.0
1009,개발직원4,개발팀,2025-04-22,9:49,18:38,N,0.0
1009,개발직원4,개발팀,2025-04-23,8:44,18:03,N,0.0
1009,개발직원4,개발팀,2025-04-24,8:43,18:12,N,0.0
1009,개발직원4,개발팀,2025-04-25,9:59,18:13,N,0.0
1009,개발직원4,개발팀,2025-04-28,8:50,18:19,N,0.0
1009,개발직원4,개발팀,2025-04-29,8:47,19:28,N,0.0
1009,개발직원4,개발팀,2025-04-30,8:58,17:28,N,0.0
1009,개발직원4,개발팀,2025-05-01,8:43,19:06,N,0.0
1009,개발직원4,개발팀,2025-05-02,9:06,19:24,N,0.0
1009,개발직원4,개발팀,2025-05-05,9:24,18:01,N,0.0
1009,개발직원4,개발팀,2025-05-06,8:16,17:34,N,0.0
1009,개발직원4,개발팀,2025-05-07,8:53,17:40,N,0.0
1009,개발직원4,개발팀,2025-05-08,9:10,17:40,N,0.0
1009,개발직원4,개발팀,2025-05-09,8:47,17:49,N,0.0
1009,개발직원4,개발팀,2025-05-12,9:00,19:19,N,0.0
1009,개발직원4,개발팀,2025-05-13,8:44,19:33,N,0.0
1009,개발직원4,개발팀,2025-05-14,8:56,19:04,N,0.0
1009,개발직원4,개발팀,2025-05-15,8:50,17:49,N,0.0
1009,개발직원4,개발팀,2025-05-16,8:50,18:38,N,0.0
1009,개발직원4,개발팀,2025-05-19,9:05,18:47,N,0.0
1009,개발직원4,개발팀,2025-05-20,8:57,19:39,N,0.0
1009,개발직원4,개발팀,2025-05-21,9:11,16:46,N,0.0
1009,개발직원4,개발팀,2025-05-22,8:55,19:57,N,0.0
1009,개발직원4,개발팀,2025-05-23,8:46,17:42,N,0.0
1009,개발직원4,개발팀,2025-05-26,8:51,18:46,N,0.0
1009,개발직원4,개발팀,2025-05-27,8:48,18:29,N,0.0
1009,개발직원4,개발팀,2025-05-28,9:00,18:11,N,0.0
1009,개발직원4,개발팀,2025-05-29,8:48,18:36,N,0.0
1009,개발직원4,개발팀,2025-05-30,8:56,17:27,N,0.0
1009,개발직원4,개발팀,2025-06-02,9:14,19:17,N,0.0
1009,개발직원4,개발팀,2025-06-03,9:02,18:33,N,0.0
1009,개발직원4,개발팀,2025-06-04,8:40,18:25,N,0.0
1009,개발직원4,개발팀,2025-06-05,8:49,18:39,N,0.0
1009,개발직원4,개발팀,2025-06-06,8:55,19:03,N,0.0
1009,개발직원4,개발팀,2025-06-09,8:59,17:57,N,0.0
1009,개발직원4,개발팀,2025-06-10,9:09,19:10,N,0.0
1009,개발직원4,개발팀,2025-06-11,9:20,17:43,N,0.0
1009,개발직원4,개발팀,2025-06-12,8:41,17:41,N,0.0
1009,개발직원4,개발팀,2025-06-13,8:55,17:27,N,0.0
1009,개발직원4,개발팀,2025-06-16,8:52,17:37,N,0.0
1009,개발직원4,개발팀,2025-06-17,8:48,18:28,N,0.0
1009,개발직원4,개발팀,2025-06-18,9:48,17:50,N,0.0
1009,개발직원4,개발팀,2025-06-19,9:07,17:45,N,0.0
1009,개발직원4,개발팀,2025-06-20,9:00,18:46,N,0.0
1009,개발직원4,개발팀,2025-06-23,8:53,18:02,N,0.0
1009,개발직원4,개발팀,2025-06-24,9:07,17:22,N,0.0
1009,개발직원4,개발팀,2025-06-25,8:43,18:14,N,0.0
1009,개발직원4,개발팀,2025-06-26,9:04,19:15,N,0.0
1009,개발직원4,개발팀,2025-06-27,9:12,18:57,N,0.0
1009,개발직원4,개발팀,2025-06-30,8:54,17:40,N,0.0
1009,개발직원4,개발팀,2025-07-01,8:47,18:25,N,0.0
1009,개발직원4,개발팀,2025-07-02,9:00,17:12,N,0.0
1009,개발직원4,개발팀,2025-07-03,9:04,20:14,N,0.0
1009,개발직원4,개발팀,2025-07-04,8:37,19:22,N,0.0
1009,개발직원4,개발팀,2025-07-07,8:46,18:50,N,0.0
1009,개발직원4,개발팀,2025-07-08,9:17,19:55,N,0.0
1009,개발직원4,개발팀,2025-07-09,8:59,17:20,N,0.0
1009,개발직원4,개발팀,2025-07-10,9:56,18:12,N,0.0
1009,개발직원4,개발팀,2025-07-11,8:48,18:53,N,0.0
1009,개발직원4,개발팀,2025-07-14,8:43,18:49,N,0.0
1009,개발직원4,개발팀,2025-07-15,8:29,18:55,N,0.0
1009,개발직원4,개발팀,2025-07-16,9:00,18:20,N,0.0
1009,개발직원4,개발팀,2025-07-17,8:49,18:30,N,0.0
1009,개발직원4,개발팀,2025-07-18,8:51,19:28,N,0.0
1009,개발직원4,개발팀,2025-07-21,9:01,17:27,N,0.0
1009,개발직원4,개발팀,2025-07-22,9:01,18:40,N,0.0
1009,개발직원4,개발팀,2025-07-23,8:36,18:48,N,0.0
1009,개발직원4,개발팀,2025-07-24,9:11,18:57,N,0.0
1009,개발직원4,개발팀,2025-07-25,9:00,18:34,N,0.0
1009,개발직원4,개발팀,2025-07-28,8:47,18:26,N,0.0
1009,개발직원4,개발팀,2025-07-29,9:03,17:42,N,0.0
1009,개발직원4,개발팀,2025-07-30,8:48,18:08,N,0.0
1009,개발직원4,개발팀,2025-07-31,9:00,18:09,N,0.0
1009,개발직원4,개발팀,2025-08-01,8:41,18:38,N,0.0
1009,개발직원4,개발팀,2025-08-04,8:48,18:30,N,0.0
1009,개발직원4,개발팀,2025-08-05,9:07,18:55,N,0.0
1009,개발직원4,개발팀,2025-08-06,8:57,19:11,N,0.0
1009,개발직원4,개발팀,2025-08-07,8:40,17:49,N,0.0
1009,개발직원4,개발팀,2025-08-08,9:52,18:26,N,0.0
1009,개발직원4,개발팀,2025-08-11,9:06,18:00,N,0.0
1009,개발직원4,개발팀,2025-08-12,8:44,18:44,N,0.0
1009,개발직원4,개발팀,2025-08-13,9:04,18:17,N,0.0
1009,개발직원4,개발팀,2025-08-14,9:08,18:00,N,0.0
1009,개발직원4,개발팀,2025-08-15,9:02,18:46,N,0.0
1009,개발직원4,개발팀,2025-08-18,8:58,18:31,N,0.0
1009,개발직원4,개발팀,2025-08-19,8:45,18:03,N,0.0
1009,개발직원4,개발팀,2025-08-20,9:10,17:55,N,0.0
1009,개발직원4,개발팀,2025-08-21,8:57,18:09,N,0.0
1009,개발직원4,개발팀,2025-08-22,8:37,17:18,N,0.0
1009,개발직원4,개발팀,2025-08-25,8:57,18:05,N,0.0
1009,개발직원4,개발팀,2025-08-26,8:59,17:06,N,0.0
1009,개발직원4,개발팀,2025-08-27,8:53,19:33,N,0.0
1009,개발직원4,개발팀,2025-08-28,9:02,18:13,N,0.0
1009,개발직원4,개발팀,2025-08-29,9:05,17:19,N,0.0
1009,개발직원4,개발팀,2025-09-01,9:10,18:25,N,0.0
1009,개발직원4,개발팀,2025-09-02,8:44,18:15,N,0.0
1009,개발직원4,개발팀,2025-09-03,9:06,18:43,N,0.0
1009,개발직원4,개발팀,2025-09-04,9:02,19:22,N,0.0
1009,개발직원4,개발팀,2025-09-05,8:49,18:23,N,0.0
1009,개발직원4,개발팀,2025-09-08,8:53,18:35,N,0.0
1009,개발직원4,개발팀,2025-09-09,8:50,19:28,N,0.0
1009,개발직원4,개발팀,2025-09-10,8:44,18:02,N,0.0
1009,개발직원4,개발팀,2025-09-11,8:43,18:37,N,0.0
1009,개발직원4,개발팀,2025-09-12,9:01,18:48,N,0.0
1009,개발직원4,개발팀,2025-09-15,8:48,19:00,N,0.0
1009,개발직원4,개발팀,2025-09-16,8:49,18:20,N,0.0
1009,개발직원4,개발팀,2025-09-17,9:30,16:55,N,0.0
1009,개발직원4,개발팀,2025-09-18,8:41,18:22,N,0.0
1009,개발직원4,개발팀,2025-09-19,9:04,18:38,N,0.0
1009,개발직원4,개발팀,2025-09-22,9:50,18:34,N,0.0
1009,개발직원4,개발팀,2025-09-23,8:46,19:19,N,0.0
1009,개발직원4,개발팀,2025-09-24,9:09,19:14,N,0.0
1009,개발직원4,개발팀,2025-09-25,9:09,18:43,N,0.0
1009,개발직원4,개발팀,2025-09-26,8:57,18:33,N,0.0
1009,개발직원4,개발팀,2025-09-29,9:56,17:48,N,0.0
1009,개발직원4,개발팀,2025-09-30,8:59,18:21,N,0.0
1009,개발직원4,개발팀,2025-10-01,8:37,19:17,N,0.0
1009,개발직원4,개발팀,2025-10-02,8:57,17:48,N,0.0
1009,개발직원4,개발팀,2025-10-03,8:50,19:11,N,0.0
1009,개발직원4,개발팀,2025-10-06,9:10,18:19,N,0.0
1009,개발직원4,개발팀,2025-10-07,8:47,18:42,N,0.0
1009,개발직원4,개발팀,2025-10-08,8:53,19:02,N,0.0
1009,개발직원4,개발팀,2025-10-09,8:43,18:28,N,0.0
1009,개발직원4,개발팀,2025-10-10,8:50,16:52,N,0.0
1009,개발직원4,개발팀,2025-10-13,8:52,17:47,N,0.0
1009,개발직원4,개발팀,2025-10-14,9:15,18:40,N,0.0
1009,개발직원4,개발팀,2025-10-15,8:49,18:32,N,0.0
1009,개발직원4,개발팀,2025-10-16,9:05,19:14,N,0.0
1009,개발직원4,개발팀,2025-10-17,8:47,18:19,N,0.0
1009,개발직원4,개발팀,2025-10-20,8:50,18:20,N,0.0
1009,개발직원4,개발팀,2025-10-21,9:02,17:48,N,0.0
1009,개발직원4,개발팀,2025-10-22,8:55,18:16,N,0.0
1009,개발직원4,개발팀,2025-10-23,8:38,19:04,N,0.0
1009,개발직원4,개발팀,2025-10-24,9:12,18:43,N,0.0
1009,개발직원4,개발팀,2025-10-27,9:01,18:07,N,0.0
1009,개발직원4,개발팀,2025-10-28,8:42,18:12,N,0.0
1009,개발직원4,개발팀,2025-10-29,9:03,18:22,N,0.0
1009,개발직원4,개발팀,2025-10-30,8:39,18:35,N,0.0
1009,개발직원4,개발팀,2025-10-31,8:52,17:00,N,0.0
1009,개발직원4,개발팀,2025-11-03,9:00,18:39,N,0.0
1009,개발직원4,개발팀,2025-11-04,9:46,18:29,N,0.0
1009,개발직원4,개발팀,2025-11-05,8:47,18:41,N,0.0
1009,개발직원4,개발팀,2025-11-06,8:54,19:04,N,0.0
1009,개발직원4,개발팀,2025-11-07,9:14,18:29,N,0.0
1009,개발직원4,개발팀,2025-11-10,8:39,18:17,N,0.0
1009,개발직원4,개발팀,2025-11-11,9:07,19:23,N,0.0
1009,개발직원4,개발팀,2025-11-12,8:46,18:01,N,0.0
1009,개발직원4,개발팀,2025-11-13,8:47,19:00,N,0.0
1009,개발직원4,개발팀,2025-11-14,9:06,17:42,N,0.0
1009,개발직원4,개발팀,2025-11-17,8:42,18:29,N,0.0
1009,개발직원4,개발팀,2025-11-18,9:08,19:27,N,0.0
1009,개발직원4,개발팀,2025-11-19,8:46,19:02,N,0.0
1009,개발직원4,개발팀,2025-11-20,9:05,19:11,N,0.0
1009,개발직원4,개발팀,2025-11-21,8:55,20:10,N,0.0
1009,개발직원4,개발팀,2025-11-24,9:08,18:53,N,0.0
1009,개발직원4,개발팀,2025-11-25,9:12,18:23,N,0.0
1009,개발직원4,개발팀,2025-11-26,8:58,18:50,N,0.0
1009,개발직원4,개발팀,2025-11-27,9:04,18:38,N,0.0
1009,개발직원4,개발팀,2025-11-28,9:11,18:18,N,0.0
1009,개발직원4,개발팀,2025-12-01,9:16,18:00,N,0.0
1009,개발직원4,개발팀,2025-12-02,8:49,18:04,N,0.0
1009,개발직원4,개발팀,2025-12-03,9:00,18:21,N,0.0
1009,개발직원4,개발팀,2025-12-04,8:50,18:26,N,0.0
1009,개발직원4,개발팀,2025-12-05,8:45,19:27,N,0.0
1009,개발직원4,개발팀,2025-12-08,9:07,18:33,N,0.0
1009,개발직원4,개발팀,2025-12-09,8:44,18:03,N,0.0
1009,개발직원4,개발팀,2025-12-10,8:49,19:11,N,0.0
1009,개발직원4,개발팀,2025-12-11,8:42,19:04,N,0.0
1009,개발직원4,개발팀,2025-12-12,9:13,19:30,N,0.0
1009,개발직원4,개발팀,2025-12-15,9:06,19:11,N,0.0
1009,개발직원4,개발팀,2025-12-16,9:16,18:40,N,0.0
1009,개발직원4,개발팀,2025-12-17,8:52,17:35,N,0.0
1009,개발직원4,개발팀,2025-12-18,9:01,18:10,N,0.0
1009,개발직원4,개발팀,2025-12-19,8:54,18:01,N,0.0
1009,개발직원4,개발팀,2025-12-22,9:03,18:11,N,0.0
1009,개발직원4,개발팀,2025-12-23,9:08,19:27,N,0.0
1009,개발직원4,개발팀,2025-12-24,8:39,19:41,N,0.0
1009,개발직원4,개발팀,2025-12-25,8:47,18:57,N,0.0
1009,개발직원4,개발팀,2025-12-26,8:42,18:44,N,0.0
1009,개발직원4,개발팀,2025-12-29,8:37,17:55,N,0.0
1009,개발직원4,개발팀,2025-12-30,9:41,18:44,N,0.05
1009,개발직원4,개발팀,2025-12-31,8:56,17:53,N,0.0
1009,개발직원4,개발팀,2026-01-01,8:36,17:35,N,0.0
1009,개발직원4,개발팀,2026-01-02,8:59,19:06,N,0.0
1009,개발직원4,개발팀,2026-01-05,9:02,18:29,N,0.0
1009,개발직원4,개발팀,2026-01-06,9:00,19:19,N,0.0
1009,개발직원4,개발팀,2026-01-07,9:17,17:42,N,0.0
1009,개발직원4,개발팀,2026-01-08,9:04,18:32,N,0.0
1009,개발직원4,개발팀,2026-01-09,8:47,17:58,N,0.0
1009,개발직원4,개발팀,2026-01-12,8:52,17:59,N,0.0
1009,개발직원4,개발팀,2026-01-13,10:19,19:05,Y,0.0
1009,개발직원4,개발팀,2026-01-14,8:33,19:26,N,0.0
1009,개발직원4,개발팀,2026-01-15,8:54,17:09,N,0.0
1009,개발직원4,개발팀,2026-01-16,8:59,18:33,N,0.0
1009,개발직원4,개발팀,2026-01-19,9:58,18:19,N,0.0
1009,개발직원4,개발팀,2026-01-20,8:52,18:06,N,0.0
1009,개발직원4,개발팀,2026-01-21,9:14,19:07,N,0.0
1009,개발직원4,개발팀,2026-01-22,8:37,18:51,N,0.0
1009,개발직원4,개발팀,2026-01-23,9:01,18:04,N,0.0
1009,개발직원4,개발팀,2026-01-26,8:43,17:35,N,0.0
1009,개발직원4,개발팀,2026-01-27,8:42,17:14,N,0.0
1009,개발직원4,개발팀,2026-01-28,9:12,20:12,N,0.0
1009,개발직원4,개발팀,2026-01-29,8:53,18:35,N,0.0
1009,개발직원4,개발팀,2026-01-30,8:39,18:59,N,0.0
1009,개발직원4,개발팀,2026-02-02,10:07,18:51,Y,0.0
1009,개발직원4,개발팀,2026-02-03,8:42,19:07,N,0.0
1009,개발직원4,개발팀,2026-02-04,9:01,18:45,N,0.0
1009,개발직원4,개발팀,2026-02-05,9:08,18:28,N,0.0
1009,개발직원4,개발팀,2026-02-06,9:38,17:13,N,0.0
1009,개발직원4,개발팀,2026-02-09,9:04,19:00,N,0.0
1009,개발직원4,개발팀,2026-02-10,9:18,19:17,N,0.0
1009,개발직원4,개발팀,2026-02-11,9:01,18:17,N,0.0
1009,개발직원4,개발팀,2026-02-12,8:48,19:21,N,0.0
1009,개발직원4,개발팀,2026-02-13,9:35,18:36,N,0.02
1009,개발직원4,개발팀,2026-02-16,8:46,19:26,N,0.0
1009,개발직원4,개발팀,2026-02-17,9:04,18:59,N,0.0
1009,개발직원4,개발팀,2026-02-18,8:40,18:54,N,0.0
1009,개발직원4,개발팀,2026-02-19,9:13,19:29,N,0.0
1009,개발직원4,개발팀,2026-02-20,9:01,18:52,N,0.0
1009,개발직원4,개발팀,2026-02-23,9:03,19:01,N,0.0
1009,개발직원4,개발팀,2026-02-24,9:18,18:12,N,0.0
1009,개발직원4,개발팀,2026-02-25,9:12,17:37,N,0.0
1009,개발직원4,개발팀,2026-02-26,8:56,18:02,N,0.0
1009,개발직원4,개발팀,2026-02-27,8:44,18:35,N,0.0
1009,개발직원4,개발팀,2026-03-02,8:52,17:52,N,0.0
1009,개발직원4,개발팀,2026-03-03,9:04,18:19,N,0.0
1009,개발직원4,개발팀,2026-03-04,8:44,18:37,N,0.0
1009,개발직원4,개발팀,2026-03-05,8:47,17:14,N,0.0
1009,개발직원4,개발팀,2026-03-06,8:54,19:28,N,0.0
1009,개발직원4,개발팀,2026-03-09,9:06,18:20,N,0.0
1009,개발직원4,개발팀,2026-03-10,8:55,18:16,N,0.0
1009,개발직원4,개발팀,2026-03-11,8:48,17:57,N,0.0
1009,개발직원4,개발팀,2026-03-12,8:48,18:21,N,0.0
1009,개발직원4,개발팀,2026-03-13,8:53,17:34,N,0.0
1009,개발직원4,개발팀,2026-03-16,9:43,17:31,N,0.0
1009,개발직원4,개발팀,2026-03-17,8:41,19:43,N,0.0
1009,개발직원4,개발팀,2026-03-18,8:50,18:48,N,0.0
1009,개발직원4,개발팀,2026-03-19,8:55,17:46,N,0.0
1009,개발직원4,개발팀,2026-03-20,8:39,17:55,N,0.0
1009,개발직원4,개발팀,2026-03-23,8:46,18:34,N,0.0
1009,개발직원4,개발팀,2026-03-24,8:43,18:02,N,0.0
1009,개발직원4,개발팀,2026-03-25,9:21,18:52,N,0.0
1009,개발직원4,개발팀,2026-03-26,9:20,17:53,N,0.0
1009,개발직원4,개발팀,2026-03-27,8:46,18:44,N,0.0
1009,개발직원4,개발팀,2026-03-30,8:49,18:16,N,0.0
1009,개발직원4,개발팀,2026-03-31,8:49,19:21,N,0.0
1009,개발직원4,개발팀,2026-04-01,8:25,18:15,N,0.0
1009,개발직원4,개발팀,2026-04-02,9:06,19:15,N,0.0
1009,개발직원4,개발팀,2026-04-03,8:59,18:35,N,0.0
1009,개발직원4,개발팀,2026-04-06,9:01,18:58,N,0.0
1009,개발직원4,개발팀,2026-04-07,8:37,18:44,N,0.0
1009,개발직원4,개발팀,2026-04-08,8:59,19:00,N,0.0
1009,개발직원4,개발팀,2026-04-09,9:03,17:56,N,0.0
1009,개발직원4,개발팀,2026-04-10,9:03,19:11,N,0.0
1009,개발직원4,개발팀,2026-04-13,9:02,18:30,N,0.0
1009,개발직원4,개발팀,2026-04-14,8:43,18:17,N,0.0
1009,개발직원4,개발팀,2026-04-15,8:43,18:36,N,0.0
1009,개발직원4,개발팀,2026-04-16,8:56,19:59,N,0.0
1009,개발직원4,개발팀,2026-04-17,8:43,19:55,N,0.0
1009,개발직원4,개발팀,2026-04-20,8:50,18:58,N,0.0
1009,개발직원4,개발팀,2026-04-21,9:06,17:51,N,0.0
1009,개발직원4,개발팀,2026-04-22,8:44,19:18,N,0.0
1009,개발직원4,개발팀,2026-04-23,9:19,18:44,N,0.0
1009,개발직원4,개발팀,2026-04-24,8:56,19:07,N,0.0
1009,개발직원4,개발팀,2026-04-27,9:11,18:30,N,0.0
1009,개발직원4,개발팀,2026-04-28,9:02,18:43,N,0.0
1009,개발직원4,개발팀,2026-04-29,9:04,18:39,N,0.0
1009,개발직원4,개발팀,2026-04-30,8:49,18:46,N,0.0
1009,개발직원4,개발팀,2026-05-01,8:48,19:25,N,0.0
1009,개발직원4,개발팀,2026-05-04,8:52,20:09,N,0.0
1009,개발직원4,개발팀,2026-05-05,8:43,18:58,N,0.0
1009,개발직원4,개발팀,2026-05-06,8:58,17:55,N,0.0
1009,개발직원4,개발팀,2026-05-07,8:48,17:56,N,0.0
1009,개발직원4,개발팀,2026-05-08,8:58,18:47,N,0.0
1009,개발직원4,개발팀,2026-05-11,9:30,24:11,N,5.68
1009,개발직원4,개발팀,2026-05-12,9:30,24:22,N,5.87
1009,개발직원4,개발팀,2026-05-13,9:31,24:06,N,5.58
1009,개발직원4,개발팀,2026-05-14,9:31,24:44,N,6.22
1009,개발직원4,개발팀,2026-05-15,9:35,24:31,N,5.93
1009,개발직원4,개발팀,2026-05-18,9:30,24:09,N,5.65
1009,개발직원4,개발팀,2026-05-19,9:32,24:17,N,5.75
1009,개발직원4,개발팀,2026-05-20,9:30,24:23,N,5.88
1009,개발직원4,개발팀,2026-05-21,9:30,24:28,N,5.97
1009,개발직원4,개발팀,2026-05-22,9:30,24:27,N,5.95
1009,개발직원4,개발팀,2026-05-25,9:31,24:50,N,6.32
1009,개발직원4,개발팀,2026-05-26,9:31,24:52,N,6.35
1009,개발직원4,개발팀,2026-05-27,9:30,24:28,N,5.97
1009,개발직원4,개발팀,2026-05-28,9:31,24:54,N,6.38
1009,개발직원4,개발팀,2026-05-29,9:30,24:36,N,6.1
1009,개발직원4,개발팀,2026-06-01,9:30,25:06,N,6.6
1009,개발직원4,개발팀,2026-06-02,9:30,24:38,N,6.13
1009,개발직원4,개발팀,2026-06-03,9:32,24:24,N,5.87
1009,개발직원4,개발팀,2026-06-04,9:34,24:18,N,5.73
1009,개발직원4,개발팀,2026-06-05,9:32,24:32,N,6.0
1009,개발직원4,개발팀,2026-06-08,9:30,24:24,N,5.9
1009,개발직원4,개발팀,2026-06-09,9:31,24:38,N,6.12
1009,개발직원4,개발팀,2026-06-10,9:30,24:30,N,6.0
1009,개발직원4,개발팀,2026-06-11,9:31,24:23,N,5.87
1009,개발직원4,개발팀,2026-06-12,9:30,24:03,N,5.55
1009,개발직원4,개발팀,2026-06-15,9:30,24:55,N,6.42
1009,개발직원4,개발팀,2026-06-16,9:30,24:28,N,5.97
1009,개발직원4,개발팀,2026-06-17,9:30,24:27,N,5.95
1009,개발직원4,개발팀,2026-06-18,9:30,24:11,N,5.68
1009,개발직원4,개발팀,2026-06-19,9:30,24:31,N,6.02
1009,개발직원4,개발팀,2026-06-22,9:30,24:42,N,6.2
1009,개발직원4,개발팀,2026-06-23,9:32,24:29,N,5.95
1009,개발직원4,개발팀,2026-06-24,9:32,24:40,N,6.13
1009,개발직원4,개발팀,2026-06-25,9:33,24:10,N,5.62
1009,개발직원4,개발팀,2026-06-26,9:30,24:38,N,6.13
1009,개발직원4,개발팀,2026-06-29,9:30,24:13,N,5.72
1009,개발직원4,개발팀,2026-06-30,9:30,24:29,N,5.98
1009,개발직원4,개발팀,2026-07-01,9:30,25:03,N,6.55
1009,개발직원4,개발팀,2026-07-02,9:34,24:30,N,5.93
1009,개발직원4,개발팀,2026-07-03,9:33,24:41,N,6.13
1009,개발직원4,개발팀,2026-07-06,9:32,24:31,N,5.98
1009,개발직원4,개발팀,2026-07-07,9:30,24:23,N,5.88
1009,개발직원4,개발팀,2026-07-08,9:33,24:23,N,5.83
1009,개발직원4,개발팀,2026-07-09,9:30,24:19,N,5.82
1009,개발직원4,개발팀,2026-07-10,9:30,24:09,N,5.65
1009,개발직원4,개발팀,2026-07-13,9:30,24:24,N,5.9
1009,개발직원4,개발팀,2026-07-14,9:33,24:30,N,5.95
1009,개발직원4,개발팀,2026-07-15,9:30,24:22,N,5.87
1009,개발직원4,개발팀,2026-07-16,9:34,24:39,N,6.08
1009,개발직원4,개발팀,2026-07-17,9:31,24:16,N,5.75
1009,개발직원4,개발팀,2026-07-20,9:30,24:19,N,5.82
1009,개발직원4,개발팀,2026-07-21,9:33,24:18,N,5.75
1009,개발직원4,개발팀,2026-07-22,9:31,24:25,N,5.9
1009,개발직원4,개발팀,2026-07-23,9:32,24:33,N,6.02
1009,개발직원4,개발팀,2026-07-24,9:31,24:23,N,5.87
1009,개발직원4,개발팀,2026-07-27,9:31,24:06,N,5.58
1009,개발직원4,개발팀,2026-07-28,9:31,24:47,N,6.27
1009,개발직원4,개발팀,2026-07-29,9:30,24:36,N,6.1
1009,개발직원4,개발팀,2026-07-30,9:30,24:17,N,5.78
1009,개발직원4,개발팀,2026-07-31,9:32,24:31,N,5.98
1010,개발직원5,개발팀,2025-01-01,9:19,18:43,N,0.0
1010,개발직원5,개발팀,2025-01-02,8:52,17:56,N,0.0
1010,개발직원5,개발팀,2025-01-03,8:45,18:15,N,0.0
1010,개발직원5,개발팀,2025-01-06,8:51,18:09,N,0.0
1010,개발직원5,개발팀,2025-01-07,9:06,19:09,N,0.0
1010,개발직원5,개발팀,2025-01-08,8:54,18:58,N,0.0
1010,개발직원5,개발팀,2025-01-09,8:49,18:18,N,0.0
1010,개발직원5,개발팀,2025-01-10,9:41,18:18,N,0.0
1010,개발직원5,개발팀,2025-01-13,8:35,17:43,N,0.0
1010,개발직원5,개발팀,2025-01-14,9:04,18:17,N,0.0
1010,개발직원5,개발팀,2025-01-15,9:00,18:14,N,0.0
1010,개발직원5,개발팀,2025-01-16,9:05,18:05,N,0.0
1010,개발직원5,개발팀,2025-01-17,8:55,19:08,N,0.0
1010,개발직원5,개발팀,2025-01-20,10:00,19:46,N,0.77
1010,개발직원5,개발팀,2025-01-21,10:08,18:19,Y,0.0
1010,개발직원5,개발팀,2025-01-22,9:02,18:42,N,0.0
1010,개발직원5,개발팀,2025-01-23,8:34,18:02,N,0.0
1010,개발직원5,개발팀,2025-01-24,9:05,19:33,N,0.0
1010,개발직원5,개발팀,2025-01-27,8:42,18:40,N,0.0
1010,개발직원5,개발팀,2025-01-28,8:40,18:47,N,0.0
1010,개발직원5,개발팀,2025-01-29,9:11,18:59,N,0.0
1010,개발직원5,개발팀,2025-01-30,10:18,18:50,Y,0.0
1010,개발직원5,개발팀,2025-01-31,9:03,17:49,N,0.0
1010,개발직원5,개발팀,2025-02-03,8:58,17:48,N,0.0
1010,개발직원5,개발팀,2025-02-04,8:55,19:41,N,0.0
1010,개발직원5,개발팀,2025-02-05,9:16,17:59,N,0.0
1010,개발직원5,개발팀,2025-02-06,8:53,18:05,N,0.0
1010,개발직원5,개발팀,2025-02-07,8:54,19:02,N,0.0
1010,개발직원5,개발팀,2025-02-10,8:52,17:01,N,0.0
1010,개발직원5,개발팀,2025-02-11,9:01,18:55,N,0.0
1010,개발직원5,개발팀,2025-02-12,8:55,19:37,N,0.0
1010,개발직원5,개발팀,2025-02-13,9:15,19:17,N,0.0
1010,개발직원5,개발팀,2025-02-14,10:26,18:12,Y,0.0
1010,개발직원5,개발팀,2025-02-17,8:49,18:52,N,0.0
1010,개발직원5,개발팀,2025-02-18,8:58,18:40,N,0.0
1010,개발직원5,개발팀,2025-02-19,9:08,17:20,N,0.0
1010,개발직원5,개발팀,2025-02-20,8:43,19:22,N,0.0
1010,개발직원5,개발팀,2025-02-21,8:41,18:48,N,0.0
1010,개발직원5,개발팀,2025-02-24,8:39,19:37,N,0.0
1010,개발직원5,개발팀,2025-02-25,8:55,18:05,N,0.0
1010,개발직원5,개발팀,2025-02-26,8:55,16:52,N,0.0
1010,개발직원5,개발팀,2025-02-27,8:52,18:50,N,0.0
1010,개발직원5,개발팀,2025-02-28,8:48,17:58,N,0.0
1010,개발직원5,개발팀,2025-03-03,8:51,20:05,N,0.0
1010,개발직원5,개발팀,2025-03-04,8:50,17:44,N,0.0
1010,개발직원5,개발팀,2025-03-05,9:24,18:37,N,0.0
1010,개발직원5,개발팀,2025-03-06,8:58,17:59,N,0.0
1010,개발직원5,개발팀,2025-03-07,9:20,17:57,N,0.0
1010,개발직원5,개발팀,2025-03-10,8:43,18:42,N,0.0
1010,개발직원5,개발팀,2025-03-11,8:34,17:54,N,0.0
1010,개발직원5,개발팀,2025-03-12,8:54,18:56,N,0.0
1010,개발직원5,개발팀,2025-03-13,9:01,18:09,N,0.0
1010,개발직원5,개발팀,2025-03-14,8:51,18:37,N,0.0
1010,개발직원5,개발팀,2025-03-17,8:34,18:11,N,0.0
1010,개발직원5,개발팀,2025-03-18,8:50,19:27,N,0.0
1010,개발직원5,개발팀,2025-03-19,8:52,18:35,N,0.0
1010,개발직원5,개발팀,2025-03-20,8:45,17:12,N,0.0
1010,개발직원5,개발팀,2025-03-21,8:59,18:52,N,0.0
1010,개발직원5,개발팀,2025-03-24,9:03,18:28,N,0.0
1010,개발직원5,개발팀,2025-03-25,8:41,17:57,N,0.0
1010,개발직원5,개발팀,2025-03-26,9:02,17:03,N,0.0
1010,개발직원5,개발팀,2025-03-27,9:12,19:07,N,0.0
1010,개발직원5,개발팀,2025-03-28,8:24,19:31,N,0.0
1010,개발직원5,개발팀,2025-03-31,8:57,18:23,N,0.0
1010,개발직원5,개발팀,2025-04-01,8:45,17:59,N,0.0
1010,개발직원5,개발팀,2025-04-02,9:14,18:05,N,0.0
1010,개발직원5,개발팀,2025-04-03,8:52,17:11,N,0.0
1010,개발직원5,개발팀,2025-04-04,8:54,18:31,N,0.0
1010,개발직원5,개발팀,2025-04-07,9:05,18:21,N,0.0
1010,개발직원5,개발팀,2025-04-08,8:41,19:26,N,0.0
1010,개발직원5,개발팀,2025-04-09,9:00,19:08,N,0.0
1010,개발직원5,개발팀,2025-04-10,8:47,17:59,N,0.0
1010,개발직원5,개발팀,2025-04-11,8:47,18:09,N,0.0
1010,개발직원5,개발팀,2025-04-14,8:47,18:47,N,0.0
1010,개발직원5,개발팀,2025-04-15,8:52,18:29,N,0.0
1010,개발직원5,개발팀,2025-04-16,8:44,18:10,N,0.0
1010,개발직원5,개발팀,2025-04-17,8:58,18:21,N,0.0
1010,개발직원5,개발팀,2025-04-18,9:02,18:31,N,0.0
1010,개발직원5,개발팀,2025-04-21,9:10,18:26,N,0.0
1010,개발직원5,개발팀,2025-04-22,9:09,19:38,N,0.0
1010,개발직원5,개발팀,2025-04-23,10:26,18:39,Y,0.0
1010,개발직원5,개발팀,2025-04-24,8:52,16:49,N,0.0
1010,개발직원5,개발팀,2025-04-25,8:57,17:24,N,0.0
1010,개발직원5,개발팀,2025-04-28,8:51,18:55,N,0.0
1010,개발직원5,개발팀,2025-04-29,9:05,20:11,N,0.0
1010,개발직원5,개발팀,2025-04-30,8:32,17:33,N,0.0
1010,개발직원5,개발팀,2025-05-01,8:47,17:57,N,0.0
1010,개발직원5,개발팀,2025-05-02,9:01,17:17,N,0.0
1010,개발직원5,개발팀,2025-05-05,10:17,17:53,Y,0.0
1010,개발직원5,개발팀,2025-05-06,9:06,19:48,N,0.0
1010,개발직원5,개발팀,2025-05-07,8:48,17:58,N,0.0
1010,개발직원5,개발팀,2025-05-08,8:52,18:44,N,0.0
1010,개발직원5,개발팀,2025-05-09,8:56,18:11,N,0.0
1010,개발직원5,개발팀,2025-05-12,8:52,17:12,N,0.0
1010,개발직원5,개발팀,2025-05-13,8:53,17:33,N,0.0
1010,개발직원5,개발팀,2025-05-14,8:58,19:24,N,0.0
1010,개발직원5,개발팀,2025-05-15,9:03,17:08,N,0.0
1010,개발직원5,개발팀,2025-05-16,9:00,18:50,N,0.0
1010,개발직원5,개발팀,2025-05-19,9:03,17:50,N,0.0
1010,개발직원5,개발팀,2025-05-20,8:48,18:23,N,0.0
1010,개발직원5,개발팀,2025-05-21,8:25,18:02,N,0.0
1010,개발직원5,개발팀,2025-05-22,9:00,18:25,N,0.0
1010,개발직원5,개발팀,2025-05-23,8:56,19:16,N,0.0
1010,개발직원5,개발팀,2025-05-26,9:14,18:35,N,0.0
1010,개발직원5,개발팀,2025-05-27,8:40,18:52,N,0.0
1010,개발직원5,개발팀,2025-05-28,9:16,19:19,N,0.0
1010,개발직원5,개발팀,2025-05-29,8:43,18:38,N,0.0
1010,개발직원5,개발팀,2025-05-30,9:01,19:09,N,0.0
1010,개발직원5,개발팀,2025-06-02,9:03,18:50,N,0.0
1010,개발직원5,개발팀,2025-06-03,8:56,19:43,N,0.0
1010,개발직원5,개발팀,2025-06-04,9:05,18:15,N,0.0
1010,개발직원5,개발팀,2025-06-05,8:48,18:59,N,0.0
1010,개발직원5,개발팀,2025-06-06,8:54,18:31,N,0.0
1010,개발직원5,개발팀,2025-06-09,8:52,18:49,N,0.0
1010,개발직원5,개발팀,2025-06-10,8:52,19:49,N,0.0
1010,개발직원5,개발팀,2025-06-11,8:58,18:33,N,0.0
1010,개발직원5,개발팀,2025-06-12,8:58,18:51,N,0.0
1010,개발직원5,개발팀,2025-06-13,9:14,19:44,N,0.0
1010,개발직원5,개발팀,2025-06-16,9:17,17:47,N,0.0
1010,개발직원5,개발팀,2025-06-17,8:48,18:53,N,0.0
1010,개발직원5,개발팀,2025-06-18,9:22,17:07,N,0.0
1010,개발직원5,개발팀,2025-06-19,9:25,18:34,N,0.0
1010,개발직원5,개발팀,2025-06-20,9:00,17:42,N,0.0
1010,개발직원5,개발팀,2025-06-23,8:56,19:08,N,0.0
1010,개발직원5,개발팀,2025-06-24,8:56,18:47,N,0.0
1010,개발직원5,개발팀,2025-06-25,8:53,18:24,N,0.0
1010,개발직원5,개발팀,2025-06-26,8:59,18:13,N,0.0
1010,개발직원5,개발팀,2025-06-27,8:47,17:47,N,0.0
1010,개발직원5,개발팀,2025-06-30,8:37,20:12,N,0.0
1010,개발직원5,개발팀,2025-07-01,8:58,18:39,N,0.0
1010,개발직원5,개발팀,2025-07-02,8:52,18:32,N,0.0
1010,개발직원5,개발팀,2025-07-03,8:56,18:58,N,0.0
1010,개발직원5,개발팀,2025-07-04,9:49,19:04,N,0.25
1010,개발직원5,개발팀,2025-07-07,9:06,17:46,N,0.0
1010,개발직원5,개발팀,2025-07-08,8:48,18:41,N,0.0
1010,개발직원5,개발팀,2025-07-09,9:23,17:49,N,0.0
1010,개발직원5,개발팀,2025-07-10,8:57,18:06,N,0.0
1010,개발직원5,개발팀,2025-07-11,9:00,18:45,N,0.0
1010,개발직원5,개발팀,2025-07-14,8:49,19:22,N,0.0
1010,개발직원5,개발팀,2025-07-15,8:53,19:05,N,0.0
1010,개발직원5,개발팀,2025-07-16,8:42,19:43,N,0.0
1010,개발직원5,개발팀,2025-07-17,9:57,18:55,N,0.0
1010,개발직원5,개발팀,2025-07-18,9:04,18:35,N,0.0
1010,개발직원5,개발팀,2025-07-21,8:35,18:59,N,0.0
1010,개발직원5,개발팀,2025-07-22,9:01,18:17,N,0.0
1010,개발직원5,개발팀,2025-07-23,8:57,17:49,N,0.0
1010,개발직원5,개발팀,2025-07-24,8:57,17:16,N,0.0
1010,개발직원5,개발팀,2025-07-25,9:03,19:15,N,0.0
1010,개발직원5,개발팀,2025-07-28,8:55,18:28,N,0.0
1010,개발직원5,개발팀,2025-07-29,9:05,19:27,N,0.0
1010,개발직원5,개발팀,2025-07-30,8:50,17:14,N,0.0
1010,개발직원5,개발팀,2025-07-31,8:56,19:03,N,0.0
1010,개발직원5,개발팀,2025-08-01,9:05,19:06,N,0.0
1010,개발직원5,개발팀,2025-08-04,9:08,18:23,N,0.0
1010,개발직원5,개발팀,2025-08-05,8:45,18:30,N,0.0
1010,개발직원5,개발팀,2025-08-06,9:04,18:10,N,0.0
1010,개발직원5,개발팀,2025-08-07,9:12,17:49,N,0.0
1010,개발직원5,개발팀,2025-08-08,8:47,18:21,N,0.0
1010,개발직원5,개발팀,2025-08-11,9:20,18:14,N,0.0
1010,개발직원5,개발팀,2025-08-12,8:59,19:09,N,0.0
1010,개발직원5,개발팀,2025-08-13,8:38,17:41,N,0.0
1010,개발직원5,개발팀,2025-08-14,8:39,19:26,N,0.0
1010,개발직원5,개발팀,2025-08-15,8:56,18:33,N,0.0
1010,개발직원5,개발팀,2025-08-18,9:45,19:10,N,0.42
1010,개발직원5,개발팀,2025-08-19,8:45,19:16,N,0.0
1010,개발직원5,개발팀,2025-08-20,8:43,18:09,N,0.0
1010,개발직원5,개발팀,2025-08-21,8:44,17:55,N,0.0
1010,개발직원5,개발팀,2025-08-22,8:51,19:37,N,0.0
1010,개발직원5,개발팀,2025-08-25,8:41,19:42,N,0.0
1010,개발직원5,개발팀,2025-08-26,8:59,17:46,N,0.0
1010,개발직원5,개발팀,2025-08-27,8:45,17:39,N,0.0
1010,개발직원5,개발팀,2025-08-28,8:50,18:28,N,0.0
1010,개발직원5,개발팀,2025-08-29,8:35,17:09,N,0.0
1010,개발직원5,개발팀,2025-09-01,8:56,19:13,N,0.0
1010,개발직원5,개발팀,2025-09-02,8:45,18:19,N,0.0
1010,개발직원5,개발팀,2025-09-03,8:50,19:10,N,0.0
1010,개발직원5,개발팀,2025-09-04,9:15,19:10,N,0.0
1010,개발직원5,개발팀,2025-09-05,8:32,19:27,N,0.0
1010,개발직원5,개발팀,2025-09-08,9:02,19:42,N,0.0
1010,개발직원5,개발팀,2025-09-09,9:14,18:36,N,0.0
1010,개발직원5,개발팀,2025-09-10,8:49,18:16,N,0.0
1010,개발직원5,개발팀,2025-09-11,8:33,18:18,N,0.0
1010,개발직원5,개발팀,2025-09-12,8:58,20:06,N,0.0
1010,개발직원5,개발팀,2025-09-15,8:51,18:43,N,0.0
1010,개발직원5,개발팀,2025-09-16,8:43,17:48,N,0.0
1010,개발직원5,개발팀,2025-09-17,8:55,18:07,N,0.0
1010,개발직원5,개발팀,2025-09-18,8:36,17:39,N,0.0
1010,개발직원5,개발팀,2025-09-19,9:23,18:05,N,0.0
1010,개발직원5,개발팀,2025-09-22,9:21,17:27,N,0.0
1010,개발직원5,개발팀,2025-09-23,8:48,18:34,N,0.0
1010,개발직원5,개발팀,2025-09-24,9:04,18:30,N,0.0
1010,개발직원5,개발팀,2025-09-25,8:44,19:53,N,0.0
1010,개발직원5,개발팀,2025-09-26,8:59,18:26,N,0.0
1010,개발직원5,개발팀,2025-09-29,9:08,19:28,N,0.0
1010,개발직원5,개발팀,2025-09-30,9:05,16:58,N,0.0
1010,개발직원5,개발팀,2025-10-01,8:58,17:33,N,0.0
1010,개발직원5,개발팀,2025-10-02,9:02,19:41,N,0.0
1010,개발직원5,개발팀,2025-10-03,9:04,18:22,N,0.0
1010,개발직원5,개발팀,2025-10-06,9:09,19:15,N,0.0
1010,개발직원5,개발팀,2025-10-07,9:02,19:05,N,0.0
1010,개발직원5,개발팀,2025-10-08,8:55,18:24,N,0.0
1010,개발직원5,개발팀,2025-10-09,8:52,18:47,N,0.0
1010,개발직원5,개발팀,2025-10-10,8:37,18:40,N,0.0
1010,개발직원5,개발팀,2025-10-13,9:08,19:16,N,0.0
1010,개발직원5,개발팀,2025-10-14,9:25,19:17,N,0.0
1010,개발직원5,개발팀,2025-10-15,8:49,18:56,N,0.0
1010,개발직원5,개발팀,2025-10-16,8:36,19:27,N,0.0
1010,개발직원5,개발팀,2025-10-17,8:39,18:41,N,0.0
1010,개발직원5,개발팀,2025-10-20,8:47,17:23,N,0.0
1010,개발직원5,개발팀,2025-10-21,8:55,18:48,N,0.0
1010,개발직원5,개발팀,2025-10-22,8:42,17:57,N,0.0
1010,개발직원5,개발팀,2025-10-23,9:07,17:46,N,0.0
1010,개발직원5,개발팀,2025-10-24,9:07,18:20,N,0.0
1010,개발직원5,개발팀,2025-10-27,9:01,18:05,N,0.0
1010,개발직원5,개발팀,2025-10-28,8:53,19:00,N,0.0
1010,개발직원5,개발팀,2025-10-29,8:35,19:06,N,0.0
1010,개발직원5,개발팀,2025-10-30,8:59,18:39,N,0.0
1010,개발직원5,개발팀,2025-10-31,8:55,19:16,N,0.0
1010,개발직원5,개발팀,2025-11-03,8:52,18:13,N,0.0
1010,개발직원5,개발팀,2025-11-04,8:51,17:40,N,0.0
1010,개발직원5,개발팀,2025-11-05,8:44,19:04,N,0.0
1010,개발직원5,개발팀,2025-11-06,8:42,19:06,N,0.0
1010,개발직원5,개발팀,2025-11-07,9:03,16:54,N,0.0
1010,개발직원5,개발팀,2025-11-10,9:10,19:15,N,0.0
1010,개발직원5,개발팀,2025-11-11,8:42,17:13,N,0.0
1010,개발직원5,개발팀,2025-11-12,8:39,19:10,N,0.0
1010,개발직원5,개발팀,2025-11-13,9:00,17:14,N,0.0
1010,개발직원5,개발팀,2025-11-14,8:26,18:16,N,0.0
1010,개발직원5,개발팀,2025-11-17,8:40,17:40,N,0.0
1010,개발직원5,개발팀,2025-11-18,9:10,18:38,N,0.0
1010,개발직원5,개발팀,2025-11-19,10:00,18:14,N,0.0
1010,개발직원5,개발팀,2025-11-20,9:03,19:13,N,0.0
1010,개발직원5,개발팀,2025-11-21,8:57,17:51,N,0.0
1010,개발직원5,개발팀,2025-11-24,9:09,19:01,N,0.0
1010,개발직원5,개발팀,2025-11-25,8:52,18:02,N,0.0
1010,개발직원5,개발팀,2025-11-26,9:11,18:32,N,0.0
1010,개발직원5,개발팀,2025-11-27,8:47,19:07,N,0.0
1010,개발직원5,개발팀,2025-11-28,8:41,18:31,N,0.0
1010,개발직원5,개발팀,2025-12-01,8:34,18:12,N,0.0
1010,개발직원5,개발팀,2025-12-02,8:55,17:19,N,0.0
1010,개발직원5,개발팀,2025-12-03,8:49,18:16,N,0.0
1010,개발직원5,개발팀,2025-12-04,9:04,19:04,N,0.0
1010,개발직원5,개발팀,2025-12-05,9:01,17:46,N,0.0
1010,개발직원5,개발팀,2025-12-08,8:39,18:58,N,0.0
1010,개발직원5,개발팀,2025-12-09,8:44,17:54,N,0.0
1010,개발직원5,개발팀,2025-12-10,8:59,18:33,N,0.0
1010,개발직원5,개발팀,2025-12-11,8:56,18:12,N,0.0
1010,개발직원5,개발팀,2025-12-12,9:08,18:15,N,0.0
1010,개발직원5,개발팀,2025-12-15,9:09,18:18,N,0.0
1010,개발직원5,개발팀,2025-12-16,8:51,18:08,N,0.0
1010,개발직원5,개발팀,2025-12-17,8:29,18:43,N,0.0
1010,개발직원5,개발팀,2025-12-18,8:49,18:17,N,0.0
1010,개발직원5,개발팀,2025-12-19,9:00,19:06,N,0.0
1010,개발직원5,개발팀,2025-12-22,8:38,18:46,N,0.0
1010,개발직원5,개발팀,2025-12-23,8:39,18:17,N,0.0
1010,개발직원5,개발팀,2025-12-24,9:02,18:30,N,0.0
1010,개발직원5,개발팀,2025-12-25,9:01,18:58,N,0.0
1010,개발직원5,개발팀,2025-12-26,8:56,18:45,N,0.0
1010,개발직원5,개발팀,2025-12-29,9:19,18:38,N,0.0
1010,개발직원5,개발팀,2025-12-30,8:48,19:47,N,0.0
1010,개발직원5,개발팀,2025-12-31,8:49,17:42,N,0.0
1010,개발직원5,개발팀,2026-01-01,9:00,18:39,N,0.0
1010,개발직원5,개발팀,2026-01-02,9:02,17:47,N,0.0
1010,개발직원5,개발팀,2026-01-05,9:04,18:06,N,0.0
1010,개발직원5,개발팀,2026-01-06,9:01,17:42,N,0.0
1010,개발직원5,개발팀,2026-01-07,9:11,17:29,N,0.0
1010,개발직원5,개발팀,2026-01-08,9:15,18:14,N,0.0
1010,개발직원5,개발팀,2026-01-09,8:53,17:57,N,0.0
1010,개발직원5,개발팀,2026-01-12,9:15,18:44,N,0.0
1010,개발직원5,개발팀,2026-01-13,8:39,20:11,N,0.0
1010,개발직원5,개발팀,2026-01-14,8:37,18:11,N,0.0
1010,개발직원5,개발팀,2026-01-15,8:53,18:35,N,0.0
1010,개발직원5,개발팀,2026-01-16,9:05,19:43,N,0.0
1010,개발직원5,개발팀,2026-01-19,8:51,18:20,N,0.0
1010,개발직원5,개발팀,2026-01-20,9:17,17:40,N,0.0
1010,개발직원5,개발팀,2026-01-21,10:06,18:50,Y,0.0
1010,개발직원5,개발팀,2026-01-22,9:44,18:17,N,0.0
1010,개발직원5,개발팀,2026-01-23,8:53,18:45,N,0.0
1010,개발직원5,개발팀,2026-01-26,8:49,19:28,N,0.0
1010,개발직원5,개발팀,2026-01-27,9:02,19:31,N,0.0
1010,개발직원5,개발팀,2026-01-28,8:48,17:27,N,0.0
1010,개발직원5,개발팀,2026-01-29,8:56,18:57,N,0.0
1010,개발직원5,개발팀,2026-01-30,8:54,17:31,N,0.0
1010,개발직원5,개발팀,2026-02-02,8:50,17:16,N,0.0
1010,개발직원5,개발팀,2026-02-03,8:44,19:00,N,0.0
1010,개발직원5,개발팀,2026-02-04,9:06,18:28,N,0.0
1010,개발직원5,개발팀,2026-02-05,8:56,18:21,N,0.0
1010,개발직원5,개발팀,2026-02-06,8:44,19:24,N,0.0
1010,개발직원5,개발팀,2026-02-09,8:52,18:22,N,0.0
1010,개발직원5,개발팀,2026-02-10,8:35,17:35,N,0.0
1010,개발직원5,개발팀,2026-02-11,8:42,18:54,N,0.0
1010,개발직원5,개발팀,2026-02-12,9:10,18:42,N,0.0
1010,개발직원5,개발팀,2026-02-13,8:58,17:02,N,0.0
1010,개발직원5,개발팀,2026-02-16,8:41,17:38,N,0.0
1010,개발직원5,개발팀,2026-02-17,9:05,18:20,N,0.0
1010,개발직원5,개발팀,2026-02-18,8:59,18:08,N,0.0
1010,개발직원5,개발팀,2026-02-19,8:31,18:46,N,0.0
1010,개발직원5,개발팀,2026-02-20,9:06,19:26,N,0.0
1010,개발직원5,개발팀,2026-02-23,8:53,18:30,N,0.0
1010,개발직원5,개발팀,2026-02-24,9:49,17:41,N,0.0
1010,개발직원5,개발팀,2026-02-25,10:18,19:06,Y,0.0
1010,개발직원5,개발팀,2026-02-26,8:59,19:17,N,0.0
1010,개발직원5,개발팀,2026-02-27,9:42,18:18,N,0.0
1010,개발직원5,개발팀,2026-03-02,8:59,17:40,N,0.0
1010,개발직원5,개발팀,2026-03-03,9:01,18:40,N,0.0
1010,개발직원5,개발팀,2026-03-04,8:40,18:30,N,0.0
1010,개발직원5,개발팀,2026-03-05,9:09,19:04,N,0.0
1010,개발직원5,개발팀,2026-03-06,8:49,18:47,N,0.0
1010,개발직원5,개발팀,2026-03-09,9:06,17:33,N,0.0
1010,개발직원5,개발팀,2026-03-10,9:00,17:50,N,0.0
1010,개발직원5,개발팀,2026-03-11,9:18,17:56,N,0.0
1010,개발직원5,개발팀,2026-03-12,9:15,19:34,N,0.0
1010,개발직원5,개발팀,2026-03-13,9:09,19:07,N,0.0
1010,개발직원5,개발팀,2026-03-16,8:57,18:45,N,0.0
1010,개발직원5,개발팀,2026-03-17,9:04,19:15,N,0.0
1010,개발직원5,개발팀,2026-03-18,8:38,18:46,N,0.0
1010,개발직원5,개발팀,2026-03-19,9:01,16:56,N,0.0
1010,개발직원5,개발팀,2026-03-20,9:03,18:42,N,0.0
1010,개발직원5,개발팀,2026-03-23,9:08,18:18,N,0.0
1010,개발직원5,개발팀,2026-03-24,8:59,18:33,N,0.0
1010,개발직원5,개발팀,2026-03-25,8:32,18:39,N,0.0
1010,개발직원5,개발팀,2026-03-26,8:55,17:36,N,0.0
1010,개발직원5,개발팀,2026-03-27,9:09,19:01,N,0.0
1010,개발직원5,개발팀,2026-03-30,8:37,18:05,N,0.0
1010,개발직원5,개발팀,2026-03-31,8:55,17:32,N,0.0
1010,개발직원5,개발팀,2026-04-01,9:08,19:21,N,0.0
1010,개발직원5,개발팀,2026-04-02,8:46,18:00,N,0.0
1010,개발직원5,개발팀,2026-04-03,8:41,18:32,N,0.0
1010,개발직원5,개발팀,2026-04-06,8:43,18:33,N,0.0
1010,개발직원5,개발팀,2026-04-07,8:57,17:57,N,0.0
1010,개발직원5,개발팀,2026-04-08,9:16,18:55,N,0.0
1010,개발직원5,개발팀,2026-04-09,9:16,19:14,N,0.0
1010,개발직원5,개발팀,2026-04-10,8:48,18:19,N,0.0
1010,개발직원5,개발팀,2026-04-13,8:57,18:32,N,0.0
1010,개발직원5,개발팀,2026-04-14,8:46,18:54,N,0.0
1010,개발직원5,개발팀,2026-04-15,9:03,17:35,N,0.0
1010,개발직원5,개발팀,2026-04-16,8:31,18:25,N,0.0
1010,개발직원5,개발팀,2026-04-17,8:53,18:19,N,0.0
1010,개발직원5,개발팀,2026-04-20,8:47,18:36,N,0.0
1010,개발직원5,개발팀,2026-04-21,8:46,19:27,N,0.0
1010,개발직원5,개발팀,2026-04-22,8:40,18:06,N,0.0
1010,개발직원5,개발팀,2026-04-23,9:42,18:46,N,0.07
1010,개발직원5,개발팀,2026-04-24,9:12,18:59,N,0.0
1010,개발직원5,개발팀,2026-04-27,8:55,19:26,N,0.0
1010,개발직원5,개발팀,2026-04-28,8:24,18:47,N,0.0
1010,개발직원5,개발팀,2026-04-29,8:44,18:51,N,0.0
1010,개발직원5,개발팀,2026-04-30,8:56,17:49,N,0.0
1010,개발직원5,개발팀,2026-05-01,8:33,17:17,N,0.0
1010,개발직원5,개발팀,2026-05-04,8:44,18:52,N,0.0
1010,개발직원5,개발팀,2026-05-05,9:18,18:21,N,0.0
1010,개발직원5,개발팀,2026-05-06,9:13,18:02,N,0.0
1010,개발직원5,개발팀,2026-05-07,9:00,18:48,N,0.0
1010,개발직원5,개발팀,2026-05-08,8:42,18:01,N,0.0
1010,개발직원5,개발팀,2026-05-11,9:37,22:52,N,4.25
1010,개발직원5,개발팀,2026-05-12,9:33,22:54,N,4.35
1010,개발직원5,개발팀,2026-05-13,9:40,23:00,N,4.33
1010,개발직원5,개발팀,2026-05-14,9:39,22:54,N,4.25
1010,개발직원5,개발팀,2026-05-15,9:31,22:36,N,4.08
1010,개발직원5,개발팀,2026-05-18,9:35,22:56,N,4.35
1010,개발직원5,개발팀,2026-05-19,9:40,22:53,N,4.22
1010,개발직원5,개발팀,2026-05-20,9:36,22:47,N,4.18
1010,개발직원5,개발팀,2026-05-21,9:34,22:52,N,4.3
1010,개발직원5,개발팀,2026-05-22,9:35,23:15,N,4.67
1010,개발직원5,개발팀,2026-05-25,9:40,22:44,N,4.07
1010,개발직원5,개발팀,2026-05-26,9:36,22:56,N,4.33
1010,개발직원5,개발팀,2026-05-27,9:35,22:50,N,4.25
1010,개발직원5,개발팀,2026-05-28,9:42,23:07,N,4.42
1010,개발직원5,개발팀,2026-05-29,9:35,23:03,N,4.47
1010,개발직원5,개발팀,2026-06-01,9:37,22:51,N,4.23
1010,개발직원5,개발팀,2026-06-02,9:31,22:56,N,4.42
1010,개발직원5,개발팀,2026-06-03,9:35,22:34,N,3.98
1010,개발직원5,개발팀,2026-06-04,9:34,22:40,N,4.1
1010,개발직원5,개발팀,2026-06-05,9:32,22:29,N,3.95
1010,개발직원5,개발팀,2026-06-08,9:35,22:38,N,4.05
1010,개발직원5,개발팀,2026-06-09,9:34,23:34,N,5.0
1010,개발직원5,개발팀,2026-06-10,9:36,22:52,N,4.27
1010,개발직원5,개발팀,2026-06-11,9:32,22:51,N,4.32
1010,개발직원5,개발팀,2026-06-12,9:41,22:39,N,3.97
1010,개발직원5,개발팀,2026-06-15,9:37,22:43,N,4.1
1010,개발직원5,개발팀,2026-06-16,9:33,22:51,N,4.3
1010,개발직원5,개발팀,2026-06-17,9:32,22:31,N,3.98
1010,개발직원5,개발팀,2026-06-18,9:32,22:44,N,4.2
1010,개발직원5,개발팀,2026-06-19,9:38,22:42,N,4.07
1010,개발직원5,개발팀,2026-06-22,9:35,22:53,N,4.3
1010,개발직원5,개발팀,2026-06-23,9:38,22:55,N,4.28
1010,개발직원5,개발팀,2026-06-24,9:38,22:47,N,4.15
1010,개발직원5,개발팀,2026-06-25,9:38,22:51,N,4.22
1010,개발직원5,개발팀,2026-06-26,9:37,23:08,N,4.52
1010,개발직원5,개발팀,2026-06-29,9:34,22:47,N,4.22
1010,개발직원5,개발팀,2026-06-30,9:34,23:13,N,4.65
1010,개발직원5,개발팀,2026-07-01,9:41,23:04,N,4.38
1010,개발직원5,개발팀,2026-07-02,9:35,22:54,N,4.32
1010,개발직원5,개발팀,2026-07-03,9:33,22:53,N,4.33
1010,개발직원5,개발팀,2026-07-06,9:39,23:10,N,4.52
1010,개발직원5,개발팀,2026-07-07,9:32,22:58,N,4.43
1010,개발직원5,개발팀,2026-07-08,9:37,22:42,N,4.08
1010,개발직원5,개발팀,2026-07-09,9:36,22:51,N,4.25
1010,개발직원5,개발팀,2026-07-10,9:36,22:34,N,3.97
1010,개발직원5,개발팀,2026-07-13,9:33,22:44,N,4.18
1010,개발직원5,개발팀,2026-07-14,9:34,23:16,N,4.7
1010,개발직원5,개발팀,2026-07-15,9:36,22:46,N,4.17
1010,개발직원5,개발팀,2026-07-16,9:35,22:35,N,4.0
1010,개발직원5,개발팀,2026-07-17,9:30,23:04,N,4.57
1010,개발직원5,개발팀,2026-07-20,9:36,22:43,N,4.12
1010,개발직원5,개발팀,2026-07-21,9:38,22:23,N,3.75
1010,개발직원5,개발팀,2026-07-22,9:35,22:50,N,4.25
1010,개발직원5,개발팀,2026-07-23,9:36,22:49,N,4.22
1010,개발직원5,개발팀,2026-07-24,9:37,23:12,N,4.58
1010,개발직원5,개발팀,2026-07-27,9:35,22:30,N,3.92
1010,개발직원5,개발팀,2026-07-28,9:37,22:46,N,4.15
1010,개발직원5,개발팀,2026-07-29,9:31,22:40,N,4.15
1010,개발직원5,개발팀,2026-07-30,9:32,22:40,N,4.13
1010,개발직원5,개발팀,2026-07-31,9:35,22:44,N,4.15
1011,경영직원1,경영지원팀,2025-01-01,8:45,19:25,N,0.0
1011,경영직원1,경영지원팀,2025-01-02,9:09,18:42,N,0.0
1011,경영직원1,경영지원팀,2025-01-03,8:57,19:10,N,0.0
1011,경영직원1,경영지원팀,2025-01-06,9:12,18:33,N,0.0
1011,경영직원1,경영지원팀,2025-01-07,9:55,18:25,N,0.0
1011,경영직원1,경영지원팀,2025-01-08,8:58,18:21,N,0.0
1011,경영직원1,경영지원팀,2025-01-09,9:25,18:07,N,0.0
1011,경영직원1,경영지원팀,2025-01-10,8:46,19:21,N,0.0
1011,경영직원1,경영지원팀,2025-01-13,9:01,18:37,N,0.0
1011,경영직원1,경영지원팀,2025-01-14,9:01,18:18,N,0.0
1011,경영직원1,경영지원팀,2025-01-15,9:05,18:53,N,0.0
1011,경영직원1,경영지원팀,2025-01-16,8:59,19:31,N,0.0
1011,경영직원1,경영지원팀,2025-01-17,8:49,18:11,N,0.0
1011,경영직원1,경영지원팀,2025-01-20,8:51,17:44,N,0.0
1011,경영직원1,경영지원팀,2025-01-21,8:35,18:42,N,0.0
1011,경영직원1,경영지원팀,2025-01-22,9:03,17:56,N,0.0
1011,경영직원1,경영지원팀,2025-01-23,9:23,19:21,N,0.0
1011,경영직원1,경영지원팀,2025-01-24,9:06,17:53,N,0.0
1011,경영직원1,경영지원팀,2025-01-27,9:09,19:17,N,0.0
1011,경영직원1,경영지원팀,2025-01-28,9:06,17:35,N,0.0
1011,경영직원1,경영지원팀,2025-01-29,8:36,19:16,N,0.0
1011,경영직원1,경영지원팀,2025-01-30,8:40,18:59,N,0.0
1011,경영직원1,경영지원팀,2025-01-31,8:54,19:06,N,0.0
1011,경영직원1,경영지원팀,2025-02-03,9:20,18:33,N,0.0
1011,경영직원1,경영지원팀,2025-02-04,8:53,18:53,N,0.0
1011,경영직원1,경영지원팀,2025-02-05,10:16,17:53,Y,0.0
1011,경영직원1,경영지원팀,2025-02-06,9:11,18:36,N,0.0
1011,경영직원1,경영지원팀,2025-02-07,8:50,18:28,N,0.0
1011,경영직원1,경영지원팀,2025-02-10,8:53,19:15,N,0.0
1011,경영직원1,경영지원팀,2025-02-11,9:03,17:51,N,0.0
1011,경영직원1,경영지원팀,2025-02-12,9:08,18:58,N,0.0
1011,경영직원1,경영지원팀,2025-02-13,8:58,17:27,N,0.0
1011,경영직원1,경영지원팀,2025-02-14,9:01,17:22,N,0.0
1011,경영직원1,경영지원팀,2025-02-17,8:55,18:55,N,0.0
1011,경영직원1,경영지원팀,2025-02-18,8:54,19:05,N,0.0
1011,경영직원1,경영지원팀,2025-02-19,8:57,17:01,N,0.0
1011,경영직원1,경영지원팀,2025-02-20,9:01,19:13,N,0.0
1011,경영직원1,경영지원팀,2025-02-21,8:52,18:08,N,0.0
1011,경영직원1,경영지원팀,2025-02-24,8:56,18:22,N,0.0
1011,경영직원1,경영지원팀,2025-02-25,8:56,17:40,N,0.0
1011,경영직원1,경영지원팀,2025-02-26,9:28,18:24,N,0.0
1011,경영직원1,경영지원팀,2025-02-27,8:56,18:17,N,0.0
1011,경영직원1,경영지원팀,2025-02-28,8:48,18:37,N,0.0
1011,경영직원1,경영지원팀,2025-03-03,8:59,18:51,N,0.0
1011,경영직원1,경영지원팀,2025-03-04,9:42,18:59,N,0.28
1011,경영직원1,경영지원팀,2025-03-05,9:06,17:21,N,0.0
1011,경영직원1,경영지원팀,2025-03-06,9:01,19:20,N,0.0
1011,경영직원1,경영지원팀,2025-03-07,8:33,19:00,N,0.0
1011,경영직원1,경영지원팀,2025-03-10,8:49,17:57,N,0.0
1011,경영직원1,경영지원팀,2025-03-11,9:12,18:11,N,0.0
1011,경영직원1,경영지원팀,2025-03-12,9:04,19:07,N,0.0
1011,경영직원1,경영지원팀,2025-03-13,8:57,19:15,N,0.0
1011,경영직원1,경영지원팀,2025-03-14,8:47,18:03,N,0.0
1011,경영직원1,경영지원팀,2025-03-17,8:42,17:52,N,0.0
1011,경영직원1,경영지원팀,2025-03-18,8:44,18:23,N,0.0
1011,경영직원1,경영지원팀,2025-03-19,8:52,18:10,N,0.0
1011,경영직원1,경영지원팀,2025-03-20,8:52,18:31,N,0.0
1011,경영직원1,경영지원팀,2025-03-21,8:55,20:06,N,0.0
1011,경영직원1,경영지원팀,2025-03-24,9:16,17:43,N,0.0
1011,경영직원1,경영지원팀,2025-03-25,9:06,18:03,N,0.0
1011,경영직원1,경영지원팀,2025-03-26,8:43,19:29,N,0.0
1011,경영직원1,경영지원팀,2025-03-27,9:20,17:29,N,0.0
1011,경영직원1,경영지원팀,2025-03-28,8:31,17:51,N,0.0
1011,경영직원1,경영지원팀,2025-03-31,8:38,17:43,N,0.0
1011,경영직원1,경영지원팀,2025-04-01,8:31,17:57,N,0.0
1011,경영직원1,경영지원팀,2025-04-02,9:03,18:03,N,0.0
1011,경영직원1,경영지원팀,2025-04-03,8:48,19:14,N,0.0
1011,경영직원1,경영지원팀,2025-04-04,9:18,17:33,N,0.0
1011,경영직원1,경영지원팀,2025-04-07,9:05,18:46,N,0.0
1011,경영직원1,경영지원팀,2025-04-08,8:57,17:27,N,0.0
1011,경영직원1,경영지원팀,2025-04-09,8:57,17:45,N,0.0
1011,경영직원1,경영지원팀,2025-04-10,9:06,18:30,N,0.0
1011,경영직원1,경영지원팀,2025-04-11,8:35,18:03,N,0.0
1011,경영직원1,경영지원팀,2025-04-14,8:44,18:33,N,0.0
1011,경영직원1,경영지원팀,2025-04-15,9:01,19:39,N,0.0
1011,경영직원1,경영지원팀,2025-04-16,9:09,18:04,N,0.0
1011,경영직원1,경영지원팀,2025-04-17,9:18,19:00,N,0.0
1011,경영직원1,경영지원팀,2025-04-18,8:45,18:29,N,0.0
1011,경영직원1,경영지원팀,2025-04-21,8:47,17:15,N,0.0
1011,경영직원1,경영지원팀,2025-04-22,8:57,19:02,N,0.0
1011,경영직원1,경영지원팀,2025-04-23,9:50,18:31,N,0.0
1011,경영직원1,경영지원팀,2025-04-24,8:50,18:49,N,0.0
1011,경영직원1,경영지원팀,2025-04-25,8:51,17:39,N,0.0
1011,경영직원1,경영지원팀,2025-04-28,8:49,18:54,N,0.0
1011,경영직원1,경영지원팀,2025-04-29,9:01,18:18,N,0.0
1011,경영직원1,경영지원팀,2025-04-30,8:42,19:39,N,0.0
1011,경영직원1,경영지원팀,2025-05-01,9:16,19:04,N,0.0
1011,경영직원1,경영지원팀,2025-05-02,8:43,18:04,N,0.0
1011,경영직원1,경영지원팀,2025-05-05,9:12,17:50,N,0.0
1011,경영직원1,경영지원팀,2025-05-06,8:42,17:54,N,0.0
1011,경영직원1,경영지원팀,2025-05-07,9:39,19:37,N,0.97
1011,경영직원1,경영지원팀,2025-05-08,8:55,18:18,N,0.0
1011,경영직원1,경영지원팀,2025-05-09,8:51,17:27,N,0.0
1011,경영직원1,경영지원팀,2025-05-12,9:00,18:20,N,0.0
1011,경영직원1,경영지원팀,2025-05-13,9:04,19:24,N,0.0
1011,경영직원1,경영지원팀,2025-05-14,8:47,18:58,N,0.0
1011,경영직원1,경영지원팀,2025-05-15,8:52,18:42,N,0.0
1011,경영직원1,경영지원팀,2025-05-16,9:06,18:45,N,0.0
1011,경영직원1,경영지원팀,2025-05-19,8:49,17:42,N,0.0
1011,경영직원1,경영지원팀,2025-05-20,8:56,18:52,N,0.0
1011,경영직원1,경영지원팀,2025-05-21,9:00,18:08,N,0.0
1011,경영직원1,경영지원팀,2025-05-22,10:22,18:17,Y,0.0
1011,경영직원1,경영지원팀,2025-05-23,8:53,18:31,N,0.0
1011,경영직원1,경영지원팀,2025-05-26,8:58,18:32,N,0.0
1011,경영직원1,경영지원팀,2025-05-27,9:01,17:54,N,0.0
1011,경영직원1,경영지원팀,2025-05-28,8:54,18:26,N,0.0
1011,경영직원1,경영지원팀,2025-05-29,8:52,17:30,N,0.0
1011,경영직원1,경영지원팀,2025-05-30,8:55,18:19,N,0.0
1011,경영직원1,경영지원팀,2025-06-02,8:53,18:43,N,0.0
1011,경영직원1,경영지원팀,2025-06-03,9:52,19:21,N,0.48
1011,경영직원1,경영지원팀,2025-06-04,9:05,17:57,N,0.0
1011,경영직원1,경영지원팀,2025-06-05,8:49,18:43,N,0.0
1011,경영직원1,경영지원팀,2025-06-06,9:50,18:28,N,0.0
1011,경영직원1,경영지원팀,2025-06-09,8:45,18:06,N,0.0
1011,경영직원1,경영지원팀,2025-06-10,8:54,18:01,N,0.0
1011,경영직원1,경영지원팀,2025-06-11,8:48,18:28,N,0.0
1011,경영직원1,경영지원팀,2025-06-12,9:01,19:23,N,0.0
1011,경영직원1,경영지원팀,2025-06-13,8:57,17:49,N,0.0
1011,경영직원1,경영지원팀,2025-06-16,8:54,19:39,N,0.0
1011,경영직원1,경영지원팀,2025-06-17,9:00,18:48,N,0.0
1011,경영직원1,경영지원팀,2025-06-18,8:49,18:28,N,0.0
1011,경영직원1,경영지원팀,2025-06-19,8:32,19:25,N,0.0
1011,경영직원1,경영지원팀,2025-06-20,8:40,19:22,N,0.0
1011,경영직원1,경영지원팀,2025-06-23,9:00,18:52,N,0.0
1011,경영직원1,경영지원팀,2025-06-24,8:48,18:19,N,0.0
1011,경영직원1,경영지원팀,2025-06-25,9:02,18:06,N,0.0
1011,경영직원1,경영지원팀,2025-06-26,9:07,18:21,N,0.0
1011,경영직원1,경영지원팀,2025-06-27,8:41,18:32,N,0.0
1011,경영직원1,경영지원팀,2025-06-30,8:27,17:31,N,0.0
1011,경영직원1,경영지원팀,2025-07-01,8:42,18:44,N,0.0
1011,경영직원1,경영지원팀,2025-07-02,8:53,18:40,N,0.0
1011,경영직원1,경영지원팀,2025-07-03,10:01,18:30,Y,0.0
1011,경영직원1,경영지원팀,2025-07-04,9:04,18:15,N,0.0
1011,경영직원1,경영지원팀,2025-07-07,8:48,18:20,N,0.0
1011,경영직원1,경영지원팀,2025-07-08,10:07,17:25,Y,0.0
1011,경영직원1,경영지원팀,2025-07-09,8:29,18:07,N,0.0
1011,경영직원1,경영지원팀,2025-07-10,9:01,18:26,N,0.0
1011,경영직원1,경영지원팀,2025-07-11,8:58,18:57,N,0.0
1011,경영직원1,경영지원팀,2025-07-14,9:05,19:58,N,0.0
1011,경영직원1,경영지원팀,2025-07-15,8:52,17:25,N,0.0
1011,경영직원1,경영지원팀,2025-07-16,8:32,19:37,N,0.0
1011,경영직원1,경영지원팀,2025-07-17,8:35,19:18,N,0.0
1011,경영직원1,경영지원팀,2025-07-18,9:07,19:16,N,0.0
1011,경영직원1,경영지원팀,2025-07-21,8:42,19:20,N,0.0
1011,경영직원1,경영지원팀,2025-07-22,10:23,18:37,Y,0.0
1011,경영직원1,경영지원팀,2025-07-23,9:11,18:53,N,0.0
1011,경영직원1,경영지원팀,2025-07-24,9:45,17:49,N,0.0
1011,경영직원1,경영지원팀,2025-07-25,9:00,19:55,N,0.0
1011,경영직원1,경영지원팀,2025-07-28,8:57,19:49,N,0.0
1011,경영직원1,경영지원팀,2025-07-29,8:48,18:24,N,0.0
1011,경영직원1,경영지원팀,2025-07-30,8:47,17:41,N,0.0
1011,경영직원1,경영지원팀,2025-07-31,8:27,18:03,N,0.0
1011,경영직원1,경영지원팀,2025-08-01,8:34,19:19,N,0.0
1011,경영직원1,경영지원팀,2025-08-04,8:59,17:31,N,0.0
1011,경영직원1,경영지원팀,2025-08-05,8:48,18:15,N,0.0
1011,경영직원1,경영지원팀,2025-08-06,8:35,19:02,N,0.0
1011,경영직원1,경영지원팀,2025-08-07,9:01,17:52,N,0.0
1011,경영직원1,경영지원팀,2025-08-08,8:51,18:22,N,0.0
1011,경영직원1,경영지원팀,2025-08-11,8:40,18:03,N,0.0
1011,경영직원1,경영지원팀,2025-08-12,8:45,17:10,N,0.0
1011,경영직원1,경영지원팀,2025-08-13,9:19,19:05,N,0.0
1011,경영직원1,경영지원팀,2025-08-14,9:09,18:11,N,0.0
1011,경영직원1,경영지원팀,2025-08-15,8:44,18:56,N,0.0
1011,경영직원1,경영지원팀,2025-08-18,8:59,19:21,N,0.0
1011,경영직원1,경영지원팀,2025-08-19,8:47,17:31,N,0.0
1011,경영직원1,경영지원팀,2025-08-20,8:50,17:40,N,0.0
1011,경영직원1,경영지원팀,2025-08-21,9:17,18:52,N,0.0
1011,경영직원1,경영지원팀,2025-08-22,9:03,18:27,N,0.0
1011,경영직원1,경영지원팀,2025-08-25,8:31,19:40,N,0.0
1011,경영직원1,경영지원팀,2025-08-26,8:51,17:30,N,0.0
1011,경영직원1,경영지원팀,2025-08-27,9:08,19:20,N,0.0
1011,경영직원1,경영지원팀,2025-08-28,8:54,18:02,N,0.0
1011,경영직원1,경영지원팀,2025-08-29,8:50,19:31,N,0.0
1011,경영직원1,경영지원팀,2025-09-01,8:48,18:40,N,0.0
1011,경영직원1,경영지원팀,2025-09-02,8:41,18:49,N,0.0
1011,경영직원1,경영지원팀,2025-09-03,8:45,17:16,N,0.0
1011,경영직원1,경영지원팀,2025-09-04,8:51,18:05,N,0.0
1011,경영직원1,경영지원팀,2025-09-05,9:04,19:14,N,0.0
1011,경영직원1,경영지원팀,2025-09-08,9:05,19:12,N,0.0
1011,경영직원1,경영지원팀,2025-09-09,8:33,19:41,N,0.0
1011,경영직원1,경영지원팀,2025-09-10,8:55,18:47,N,0.0
1011,경영직원1,경영지원팀,2025-09-11,8:59,18:58,N,0.0
1011,경영직원1,경영지원팀,2025-09-12,8:52,18:52,N,0.0
1011,경영직원1,경영지원팀,2025-09-15,8:41,18:33,N,0.0
1011,경영직원1,경영지원팀,2025-09-16,9:33,18:21,N,0.0
1011,경영직원1,경영지원팀,2025-09-17,9:03,17:36,N,0.0
1011,경영직원1,경영지원팀,2025-09-18,10:15,19:09,Y,0.0
1011,경영직원1,경영지원팀,2025-09-19,8:51,17:39,N,0.0
1011,경영직원1,경영지원팀,2025-09-22,9:05,18:09,N,0.0
1011,경영직원1,경영지원팀,2025-09-23,9:00,17:51,N,0.0
1011,경영직원1,경영지원팀,2025-09-24,8:47,19:14,N,0.0
1011,경영직원1,경영지원팀,2025-09-25,9:40,18:42,N,0.03
1011,경영직원1,경영지원팀,2025-09-26,8:54,19:15,N,0.0
1011,경영직원1,경영지원팀,2025-09-29,8:55,17:21,N,0.0
1011,경영직원1,경영지원팀,2025-09-30,8:33,17:47,N,0.0
1011,경영직원1,경영지원팀,2025-10-01,8:39,16:31,N,0.0
1011,경영직원1,경영지원팀,2025-10-02,9:14,18:14,N,0.0
1011,경영직원1,경영지원팀,2025-10-03,8:54,18:47,N,0.0
1011,경영직원1,경영지원팀,2025-10-06,9:03,17:40,N,0.0
1011,경영직원1,경영지원팀,2025-10-07,8:47,18:54,N,0.0
1011,경영직원1,경영지원팀,2025-10-08,8:44,18:36,N,0.0
1011,경영직원1,경영지원팀,2025-10-09,8:51,17:47,N,0.0
1011,경영직원1,경영지원팀,2025-10-10,9:10,19:04,N,0.0
1011,경영직원1,경영지원팀,2025-10-13,8:53,18:21,N,0.0
1011,경영직원1,경영지원팀,2025-10-14,9:01,18:40,N,0.0
1011,경영직원1,경영지원팀,2025-10-15,8:35,18:01,N,0.0
1011,경영직원1,경영지원팀,2025-10-16,8:53,17:59,N,0.0
1011,경영직원1,경영지원팀,2025-10-17,8:47,18:27,N,0.0
1011,경영직원1,경영지원팀,2025-10-20,8:57,18:20,N,0.0
1011,경영직원1,경영지원팀,2025-10-21,8:38,18:57,N,0.0
1011,경영직원1,경영지원팀,2025-10-22,9:07,18:51,N,0.0
1011,경영직원1,경영지원팀,2025-10-23,8:39,19:12,N,0.0
1011,경영직원1,경영지원팀,2025-10-24,9:00,19:04,N,0.0
1011,경영직원1,경영지원팀,2025-10-27,8:58,19:49,N,0.0
1011,경영직원1,경영지원팀,2025-10-28,8:36,18:32,N,0.0
1011,경영직원1,경영지원팀,2025-10-29,9:00,18:23,N,0.0
1011,경영직원1,경영지원팀,2025-10-30,9:17,19:51,N,0.0
1011,경영직원1,경영지원팀,2025-10-31,9:08,18:36,N,0.0
1011,경영직원1,경영지원팀,2025-11-03,8:37,18:56,N,0.0
1011,경영직원1,경영지원팀,2025-11-04,8:44,19:06,N,0.0
1011,경영직원1,경영지원팀,2025-11-05,9:07,18:38,N,0.0
1011,경영직원1,경영지원팀,2025-11-06,8:59,18:36,N,0.0
1011,경영직원1,경영지원팀,2025-11-07,8:48,17:50,N,0.0
1011,경영직원1,경영지원팀,2025-11-10,8:56,20:01,N,0.0
1011,경영직원1,경영지원팀,2025-11-11,9:00,18:32,N,0.0
1011,경영직원1,경영지원팀,2025-11-12,9:00,19:25,N,0.0
1011,경영직원1,경영지원팀,2025-11-13,8:42,18:13,N,0.0
1011,경영직원1,경영지원팀,2025-11-14,8:46,17:46,N,0.0
1011,경영직원1,경영지원팀,2025-11-17,9:02,18:36,N,0.0
1011,경영직원1,경영지원팀,2025-11-18,8:54,17:50,N,0.0
1011,경영직원1,경영지원팀,2025-11-19,8:53,18:29,N,0.0
1011,경영직원1,경영지원팀,2025-11-20,8:53,19:18,N,0.0
1011,경영직원1,경영지원팀,2025-11-21,8:58,17:57,N,0.0
1011,경영직원1,경영지원팀,2025-11-24,8:46,18:33,N,0.0
1011,경영직원1,경영지원팀,2025-11-25,8:46,18:33,N,0.0
1011,경영직원1,경영지원팀,2025-11-26,8:39,18:11,N,0.0
1011,경영직원1,경영지원팀,2025-11-27,9:11,18:55,N,0.0
1011,경영직원1,경영지원팀,2025-11-28,9:07,19:23,N,0.0
1011,경영직원1,경영지원팀,2025-12-01,8:59,18:29,N,0.0
1011,경영직원1,경영지원팀,2025-12-02,8:46,18:00,N,0.0
1011,경영직원1,경영지원팀,2025-12-03,9:15,18:01,N,0.0
1011,경영직원1,경영지원팀,2025-12-04,8:55,18:18,N,0.0
1011,경영직원1,경영지원팀,2025-12-05,8:48,18:46,N,0.0
1011,경영직원1,경영지원팀,2025-12-08,8:45,19:01,N,0.0
1011,경영직원1,경영지원팀,2025-12-09,8:59,19:56,N,0.0
1011,경영직원1,경영지원팀,2025-12-10,9:08,18:15,N,0.0
1011,경영직원1,경영지원팀,2025-12-11,9:06,17:49,N,0.0
1011,경영직원1,경영지원팀,2025-12-12,8:41,18:23,N,0.0
1011,경영직원1,경영지원팀,2025-12-15,8:44,18:05,N,0.0
1011,경영직원1,경영지원팀,2025-12-16,8:49,17:23,N,0.0
1011,경영직원1,경영지원팀,2025-12-17,9:04,18:38,N,0.0
1011,경영직원1,경영지원팀,2025-12-18,8:34,16:54,N,0.0
1011,경영직원1,경영지원팀,2025-12-19,9:03,17:43,N,0.0
1011,경영직원1,경영지원팀,2025-12-22,9:03,17:54,N,0.0
1011,경영직원1,경영지원팀,2025-12-23,8:56,17:13,N,0.0
1011,경영직원1,경영지원팀,2025-12-24,8:38,18:07,N,0.0
1011,경영직원1,경영지원팀,2025-12-25,8:56,18:08,N,0.0
1011,경영직원1,경영지원팀,2025-12-26,8:43,16:48,N,0.0
1011,경영직원1,경영지원팀,2025-12-29,8:51,18:20,N,0.0
1011,경영직원1,경영지원팀,2025-12-30,9:17,17:57,N,0.0
1011,경영직원1,경영지원팀,2025-12-31,8:58,20:00,N,0.0
1011,경영직원1,경영지원팀,2026-01-01,8:55,18:56,N,0.0
1011,경영직원1,경영지원팀,2026-01-02,8:58,19:03,N,0.0
1011,경영직원1,경영지원팀,2026-01-05,8:52,19:23,N,0.0
1011,경영직원1,경영지원팀,2026-01-06,9:01,19:21,N,0.0
1011,경영직원1,경영지원팀,2026-01-07,9:00,17:32,N,0.0
1011,경영직원1,경영지원팀,2026-01-08,8:47,17:31,N,0.0
1011,경영직원1,경영지원팀,2026-01-09,8:58,19:12,N,0.0
1011,경영직원1,경영지원팀,2026-01-12,9:09,19:13,N,0.0
1011,경영직원1,경영지원팀,2026-01-13,8:55,19:24,N,0.0
1011,경영직원1,경영지원팀,2026-01-14,8:41,19:41,N,0.0
1011,경영직원1,경영지원팀,2026-01-15,8:46,18:58,N,0.0
1011,경영직원1,경영지원팀,2026-01-16,9:07,18:11,N,0.0
1011,경영직원1,경영지원팀,2026-01-19,8:54,18:45,N,0.0
1011,경영직원1,경영지원팀,2026-01-20,8:44,19:05,N,0.0
1011,경영직원1,경영지원팀,2026-01-21,9:15,18:59,N,0.0
1011,경영직원1,경영지원팀,2026-01-22,8:26,18:32,N,0.0
1011,경영직원1,경영지원팀,2026-01-23,9:01,17:46,N,0.0
1011,경영직원1,경영지원팀,2026-01-26,8:51,20:22,N,0.0
1011,경영직원1,경영지원팀,2026-01-27,8:49,18:31,N,0.0
1011,경영직원1,경영지원팀,2026-01-28,8:52,18:50,N,0.0
1011,경영직원1,경영지원팀,2026-01-29,8:57,16:21,N,0.0
1011,경영직원1,경영지원팀,2026-01-30,9:32,18:21,N,0.0
1011,경영직원1,경영지원팀,2026-02-02,9:09,18:49,N,0.0
1011,경영직원1,경영지원팀,2026-02-03,8:28,18:53,N,0.0
1011,경영직원1,경영지원팀,2026-02-04,9:19,19:06,N,0.0
1011,경영직원1,경영지원팀,2026-02-05,8:55,18:22,N,0.0
1011,경영직원1,경영지원팀,2026-02-06,9:07,17:51,N,0.0
1011,경영직원1,경영지원팀,2026-02-09,8:44,17:17,N,0.0
1011,경영직원1,경영지원팀,2026-02-10,8:47,17:57,N,0.0
1011,경영직원1,경영지원팀,2026-02-11,8:51,18:55,N,0.0
1011,경영직원1,경영지원팀,2026-02-12,8:33,17:15,N,0.0
1011,경영직원1,경영지원팀,2026-02-13,8:35,18:23,N,0.0
1011,경영직원1,경영지원팀,2026-02-16,8:21,18:12,N,0.0
1011,경영직원1,경영지원팀,2026-02-17,8:55,18:38,N,0.0
1011,경영직원1,경영지원팀,2026-02-18,9:08,18:43,N,0.0
1011,경영직원1,경영지원팀,2026-02-19,9:02,18:32,N,0.0
1011,경영직원1,경영지원팀,2026-02-20,9:05,17:57,N,0.0
1011,경영직원1,경영지원팀,2026-02-23,8:48,18:43,N,0.0
1011,경영직원1,경영지원팀,2026-02-24,8:57,17:28,N,0.0
1011,경영직원1,경영지원팀,2026-02-25,9:01,18:00,N,0.0
1011,경영직원1,경영지원팀,2026-02-26,8:47,18:18,N,0.0
1011,경영직원1,경영지원팀,2026-02-27,9:19,18:41,N,0.0
1011,경영직원1,경영지원팀,2026-03-02,8:40,17:34,N,0.0
1011,경영직원1,경영지원팀,2026-03-03,8:55,17:46,N,0.0
1011,경영직원1,경영지원팀,2026-03-04,10:21,17:39,Y,0.0
1011,경영직원1,경영지원팀,2026-03-05,9:09,18:20,N,0.0
1011,경영직원1,경영지원팀,2026-03-06,9:13,19:43,N,0.0
1011,경영직원1,경영지원팀,2026-03-09,8:33,18:21,N,0.0
1011,경영직원1,경영지원팀,2026-03-10,10:25,18:18,Y,0.0
1011,경영직원1,경영지원팀,2026-03-11,10:17,18:15,Y,0.0
1011,경영직원1,경영지원팀,2026-03-12,10:11,18:19,Y,0.0
1011,경영직원1,경영지원팀,2026-03-13,9:21,19:04,N,0.0
1011,경영직원1,경영지원팀,2026-03-16,10:15,19:33,Y,0.0
1011,경영직원1,경영지원팀,2026-03-17,8:27,18:45,N,0.0
1011,경영직원1,경영지원팀,2026-03-18,10:03,18:21,Y,0.0
1011,경영직원1,경영지원팀,2026-03-19,10:12,18:47,Y,0.0
1011,경영직원1,경영지원팀,2026-03-20,10:06,19:14,Y,0.0
1011,경영직원1,경영지원팀,2026-03-23,8:36,17:59,N,0.0
1011,경영직원1,경영지원팀,2026-03-24,10:28,17:57,Y,0.0
1011,경영직원1,경영지원팀,2026-03-25,10:05,19:42,Y,0.0
1011,경영직원1,경영지원팀,2026-03-26,10:04,18:21,Y,0.0
1011,경영직원1,경영지원팀,2026-03-27,10:35,17:53,Y,0.0
1011,경영직원1,경영지원팀,2026-03-30,8:51,18:30,N,0.0
1011,경영직원1,경영지원팀,2026-03-31,8:56,18:21,N,0.0
1011,경영직원1,경영지원팀,2026-04-01,10:05,18:29,Y,0.0
1011,경영직원1,경영지원팀,2026-04-02,8:32,18:44,N,0.0
1011,경영직원1,경영지원팀,2026-04-03,8:46,18:05,N,0.0
1011,경영직원1,경영지원팀,2026-04-06,8:42,18:40,N,0.0
1011,경영직원1,경영지원팀,2026-04-07,8:53,18:06,N,0.0
1011,경영직원1,경영지원팀,2026-04-08,9:28,18:59,N,0.0
1011,경영직원1,경영지원팀,2026-04-09,8:51,19:17,N,0.0
1011,경영직원1,경영지원팀,2026-04-10,8:55,17:39,N,0.0
1011,경영직원1,경영지원팀,2026-04-13,9:05,18:01,N,0.0
1011,경영직원1,경영지원팀,2026-04-14,8:34,18:21,N,0.0
1011,경영직원1,경영지원팀,2026-04-15,9:01,17:55,N,0.0
1011,경영직원1,경영지원팀,2026-04-16,9:01,18:20,N,0.0
1011,경영직원1,경영지원팀,2026-04-17,8:57,18:37,N,0.0
1011,경영직원1,경영지원팀,2026-04-20,9:18,18:27,N,0.0
1011,경영직원1,경영지원팀,2026-04-21,9:04,18:07,N,0.0
1011,경영직원1,경영지원팀,2026-04-22,9:08,18:36,N,0.0
1011,경영직원1,경영지원팀,2026-04-23,8:59,19:37,N,0.0
1011,경영직원1,경영지원팀,2026-04-24,8:39,18:46,N,0.0
1011,경영직원1,경영지원팀,2026-04-27,9:08,19:24,N,0.0
1011,경영직원1,경영지원팀,2026-04-28,9:11,19:37,N,0.0
1011,경영직원1,경영지원팀,2026-04-29,8:54,19:10,N,0.0
1011,경영직원1,경영지원팀,2026-04-30,8:49,18:49,N,0.0
1011,경영직원1,경영지원팀,2026-05-01,9:03,18:22,N,0.0
1011,경영직원1,경영지원팀,2026-05-04,8:51,18:15,N,0.0
1011,경영직원1,경영지원팀,2026-05-05,8:39,19:40,N,0.0
1011,경영직원1,경영지원팀,2026-05-06,8:58,18:18,N,0.0
1011,경영직원1,경영지원팀,2026-05-07,9:01,17:44,N,0.0
1011,경영직원1,경영지원팀,2026-05-08,9:57,18:38,N,0.0
1011,경영직원1,경영지원팀,2026-05-11,8:51,18:12,N,0.0
1011,경영직원1,경영지원팀,2026-05-12,9:33,19:14,N,0.68
1011,경영직원1,경영지원팀,2026-05-13,8:52,17:59,N,0.0
1011,경영직원1,경영지원팀,2026-05-14,9:36,18:03,N,0.0
1011,경영직원1,경영지원팀,2026-05-15,8:46,18:02,N,0.0
1011,경영직원1,경영지원팀,2026-05-18,9:09,18:12,N,0.0
1011,경영직원1,경영지원팀,2026-05-19,9:05,17:18,N,0.0
1011,경영직원1,경영지원팀,2026-05-20,8:42,17:46,N,0.0
1011,경영직원1,경영지원팀,2026-05-21,9:00,17:26,N,0.0
1011,경영직원1,경영지원팀,2026-05-22,8:49,18:53,N,0.0
1011,경영직원1,경영지원팀,2026-05-25,8:54,17:59,N,0.0
1011,경영직원1,경영지원팀,2026-05-26,9:11,18:15,N,0.0
1011,경영직원1,경영지원팀,2026-05-27,8:49,18:48,N,0.0
1011,경영직원1,경영지원팀,2026-05-28,9:10,18:32,N,0.0
1011,경영직원1,경영지원팀,2026-05-29,9:34,18:41,N,0.12
1011,경영직원1,경영지원팀,2026-06-01,8:43,18:12,N,0.0
1011,경영직원1,경영지원팀,2026-06-02,9:03,19:11,N,0.0
1011,경영직원1,경영지원팀,2026-06-03,8:55,18:29,N,0.0
1011,경영직원1,경영지원팀,2026-06-04,10:28,19:32,Y,0.0
1011,경영직원1,경영지원팀,2026-06-05,8:59,18:47,N,0.0
1011,경영직원1,경영지원팀,2026-06-08,9:21,18:20,N,0.0
1011,경영직원1,경영지원팀,2026-06-09,8:49,18:43,N,0.0
1011,경영직원1,경영지원팀,2026-06-10,8:44,17:58,N,0.0
1011,경영직원1,경영지원팀,2026-06-11,9:04,17:45,N,0.0
1011,경영직원1,경영지원팀,2026-06-12,8:47,18:27,N,0.0
1011,경영직원1,경영지원팀,2026-06-15,8:38,19:03,N,0.0
1011,경영직원1,경영지원팀,2026-06-16,9:10,17:57,N,0.0
1011,경영직원1,경영지원팀,2026-06-17,8:53,18:52,N,0.0
1011,경영직원1,경영지원팀,2026-06-18,9:45,18:12,N,0.0
1011,경영직원1,경영지원팀,2026-06-19,9:04,18:17,N,0.0
1011,경영직원1,경영지원팀,2026-06-22,8:58,18:29,N,0.0
1011,경영직원1,경영지원팀,2026-06-23,8:57,18:00,N,0.0
1011,경영직원1,경영지원팀,2026-06-24,8:33,18:03,N,0.0
1011,경영직원1,경영지원팀,2026-06-25,9:07,18:17,N,0.0
1011,경영직원1,경영지원팀,2026-06-26,9:07,18:59,N,0.0
1011,경영직원1,경영지원팀,2026-06-29,8:54,17:48,N,0.0
1011,경영직원1,경영지원팀,2026-06-30,9:01,18:41,N,0.0
1011,경영직원1,경영지원팀,2026-07-01,8:59,18:23,N,0.0
1011,경영직원1,경영지원팀,2026-07-02,9:04,18:02,N,0.0
1011,경영직원1,경영지원팀,2026-07-03,9:02,19:07,N,0.0
1011,경영직원1,경영지원팀,2026-07-06,10:00,18:06,N,0.0
1011,경영직원1,경영지원팀,2026-07-07,9:02,20:01,N,0.0
1011,경영직원1,경영지원팀,2026-07-08,8:54,18:39,N,0.0
1011,경영직원1,경영지원팀,2026-07-09,9:07,18:33,N,0.0
1011,경영직원1,경영지원팀,2026-07-10,9:16,17:46,N,0.0
1011,경영직원1,경영지원팀,2026-07-13,8:45,18:43,N,0.0
1011,경영직원1,경영지원팀,2026-07-14,8:57,18:54,N,0.0
1011,경영직원1,경영지원팀,2026-07-15,9:05,19:35,N,0.0
1011,경영직원1,경영지원팀,2026-07-16,8:46,18:37,N,0.0
1011,경영직원1,경영지원팀,2026-07-17,8:58,19:02,N,0.0
1011,경영직원1,경영지원팀,2026-07-20,8:57,17:51,N,0.0
1011,경영직원1,경영지원팀,2026-07-21,8:30,18:21,N,0.0
1011,경영직원1,경영지원팀,2026-07-22,8:50,18:23,N,0.0
1011,경영직원1,경영지원팀,2026-07-23,9:00,18:39,N,0.0
1011,경영직원1,경영지원팀,2026-07-24,9:59,18:35,N,0.0
1011,경영직원1,경영지원팀,2026-07-27,9:00,19:04,N,0.0
1011,경영직원1,경영지원팀,2026-07-28,9:07,19:03,N,0.0
1011,경영직원1,경영지원팀,2026-07-29,8:32,18:17,N,0.0
1011,경영직원1,경영지원팀,2026-07-30,9:10,18:51,N,0.0
1011,경영직원1,경영지원팀,2026-07-31,8:43,17:41,N,0.0
1012,경영직원2,경영지원팀,2025-01-01,8:40,17:52,N,0.0
1012,경영직원2,경영지원팀,2025-01-02,9:57,18:17,N,0.0
1012,경영직원2,경영지원팀,2025-01-03,9:01,16:55,N,0.0
1012,경영직원2,경영지원팀,2025-01-06,9:03,17:48,N,0.0
1012,경영직원2,경영지원팀,2025-01-07,8:36,19:34,N,0.0
1012,경영직원2,경영지원팀,2025-01-08,8:45,18:16,N,0.0
1012,경영직원2,경영지원팀,2025-01-09,8:47,18:26,N,0.0
1012,경영직원2,경영지원팀,2025-01-10,10:29,18:19,Y,0.0
1012,경영직원2,경영지원팀,2025-01-13,9:05,18:57,N,0.0
1012,경영직원2,경영지원팀,2025-01-14,9:13,19:00,N,0.0
1012,경영직원2,경영지원팀,2025-01-15,8:38,17:59,N,0.0
1012,경영직원2,경영지원팀,2025-01-16,9:07,19:10,N,0.0
1012,경영직원2,경영지원팀,2025-01-17,8:39,18:12,N,0.0
1012,경영직원2,경영지원팀,2025-01-20,8:58,19:13,N,0.0
1012,경영직원2,경영지원팀,2025-01-21,9:35,18:01,N,0.0
1012,경영직원2,경영지원팀,2025-01-22,9:56,18:53,N,0.0
1012,경영직원2,경영지원팀,2025-01-23,8:54,18:55,N,0.0
1012,경영직원2,경영지원팀,2025-01-24,8:48,17:56,N,0.0
1012,경영직원2,경영지원팀,2025-01-27,8:52,18:49,N,0.0
1012,경영직원2,경영지원팀,2025-01-28,9:07,18:21,N,0.0
1012,경영직원2,경영지원팀,2025-01-29,9:08,18:03,N,0.0
1012,경영직원2,경영지원팀,2025-01-30,9:15,18:33,N,0.0
1012,경영직원2,경영지원팀,2025-01-31,8:43,18:53,N,0.0
1012,경영직원2,경영지원팀,2025-02-03,9:09,19:36,N,0.0
1012,경영직원2,경영지원팀,2025-02-04,8:31,17:29,N,0.0
1012,경영직원2,경영지원팀,2025-02-05,8:52,17:49,N,0.0
1012,경영직원2,경영지원팀,2025-02-06,8:42,17:43,N,0.0
1012,경영직원2,경영지원팀,2025-02-07,8:54,18:32,N,0.0
1012,경영직원2,경영지원팀,2025-02-10,9:01,17:47,N,0.0
1012,경영직원2,경영지원팀,2025-02-11,8:46,19:20,N,0.0
1012,경영직원2,경영지원팀,2025-02-12,8:40,18:28,N,0.0
1012,경영직원2,경영지원팀,2025-02-13,9:11,18:27,N,0.0
1012,경영직원2,경영지원팀,2025-02-14,8:28,19:08,N,0.0
1012,경영직원2,경영지원팀,2025-02-17,8:36,18:47,N,0.0
1012,경영직원2,경영지원팀,2025-02-18,8:35,18:13,N,0.0
1012,경영직원2,경영지원팀,2025-02-19,9:40,19:23,N,0.72
1012,경영직원2,경영지원팀,2025-02-20,8:56,19:39,N,0.0
1012,경영직원2,경영지원팀,2025-02-21,9:03,17:09,N,0.0
1012,경영직원2,경영지원팀,2025-02-24,9:00,19:37,N,0.0
1012,경영직원2,경영지원팀,2025-02-25,8:44,18:22,N,0.0
1012,경영직원2,경영지원팀,2025-02-26,9:20,18:54,N,0.0
1012,경영직원2,경영지원팀,2025-02-27,8:38,18:27,N,0.0
1012,경영직원2,경영지원팀,2025-02-28,8:55,18:43,N,0.0
1012,경영직원2,경영지원팀,2025-03-03,9:16,18:42,N,0.0
1012,경영직원2,경영지원팀,2025-03-04,8:55,18:46,N,0.0
1012,경영직원2,경영지원팀,2025-03-05,8:40,18:36,N,0.0
1012,경영직원2,경영지원팀,2025-03-06,8:54,18:22,N,0.0
1012,경영직원2,경영지원팀,2025-03-07,8:34,18:36,N,0.0
1012,경영직원2,경영지원팀,2025-03-10,8:37,17:46,N,0.0
1012,경영직원2,경영지원팀,2025-03-11,8:47,18:44,N,0.0
1012,경영직원2,경영지원팀,2025-03-12,8:31,17:40,N,0.0
1012,경영직원2,경영지원팀,2025-03-13,9:07,18:26,N,0.0
1012,경영직원2,경영지원팀,2025-03-14,8:53,18:15,N,0.0
1012,경영직원2,경영지원팀,2025-03-17,9:02,19:45,N,0.0
1012,경영직원2,경영지원팀,2025-03-18,9:11,18:46,N,0.0
1012,경영직원2,경영지원팀,2025-03-19,9:03,18:52,N,0.0
1012,경영직원2,경영지원팀,2025-03-20,9:05,17:46,N,0.0
1012,경영직원2,경영지원팀,2025-03-21,9:10,19:31,N,0.0
1012,경영직원2,경영지원팀,2025-03-24,8:54,18:50,N,0.0
1012,경영직원2,경영지원팀,2025-03-25,8:58,20:01,N,0.0
1012,경영직원2,경영지원팀,2025-03-26,10:25,17:51,Y,0.0
1012,경영직원2,경영지원팀,2025-03-27,9:24,17:54,N,0.0
1012,경영직원2,경영지원팀,2025-03-28,8:49,18:36,N,0.0
1012,경영직원2,경영지원팀,2025-03-31,8:57,17:46,N,0.0
1012,경영직원2,경영지원팀,2025-04-01,8:50,18:01,N,0.0
1012,경영직원2,경영지원팀,2025-04-02,8:57,17:53,N,0.0
1012,경영직원2,경영지원팀,2025-04-03,9:05,19:59,N,0.0
1012,경영직원2,경영지원팀,2025-04-04,9:09,18:00,N,0.0
1012,경영직원2,경영지원팀,2025-04-07,8:58,16:26,N,0.0
1012,경영직원2,경영지원팀,2025-04-08,8:47,19:10,N,0.0
1012,경영직원2,경영지원팀,2025-04-09,9:07,20:25,N,0.0
1012,경영직원2,경영지원팀,2025-04-10,8:48,18:59,N,0.0
1012,경영직원2,경영지원팀,2025-04-11,8:55,18:11,N,0.0
1012,경영직원2,경영지원팀,2025-04-14,8:58,18:04,N,0.0
1012,경영직원2,경영지원팀,2025-04-15,8:41,17:37,N,0.0
1012,경영직원2,경영지원팀,2025-04-16,9:29,19:21,N,0.0
1012,경영직원2,경영지원팀,2025-04-17,8:40,17:16,N,0.0
1012,경영직원2,경영지원팀,2025-04-18,8:56,17:50,N,0.0
1012,경영직원2,경영지원팀,2025-04-21,8:56,18:41,N,0.0
1012,경영직원2,경영지원팀,2025-04-22,9:06,18:30,N,0.0
1012,경영직원2,경영지원팀,2025-04-23,9:10,18:06,N,0.0
1012,경영직원2,경영지원팀,2025-04-24,9:11,16:59,N,0.0
1012,경영직원2,경영지원팀,2025-04-25,9:14,19:09,N,0.0
1012,경영직원2,경영지원팀,2025-04-28,8:49,18:22,N,0.0
1012,경영직원2,경영지원팀,2025-04-29,8:15,18:34,N,0.0
1012,경영직원2,경영지원팀,2025-04-30,8:45,19:17,N,0.0
1012,경영직원2,경영지원팀,2025-05-01,9:56,18:10,N,0.0
1012,경영직원2,경영지원팀,2025-05-02,8:48,18:19,N,0.0
1012,경영직원2,경영지원팀,2025-05-05,8:56,19:24,N,0.0
1012,경영직원2,경영지원팀,2025-05-06,8:48,18:05,N,0.0
1012,경영직원2,경영지원팀,2025-05-07,8:34,18:15,N,0.0
1012,경영직원2,경영지원팀,2025-05-08,9:17,19:07,N,0.0
1012,경영직원2,경영지원팀,2025-05-09,8:53,18:27,N,0.0
1012,경영직원2,경영지원팀,2025-05-12,9:39,17:49,N,0.0
1012,경영직원2,경영지원팀,2025-05-13,8:49,17:11,N,0.0
1012,경영직원2,경영지원팀,2025-05-14,8:36,17:42,N,0.0
1012,경영직원2,경영지원팀,2025-05-15,9:02,18:47,N,0.0
1012,경영직원2,경영지원팀,2025-05-16,9:00,18:13,N,0.0
1012,경영직원2,경영지원팀,2025-05-19,8:57,18:02,N,0.0
1012,경영직원2,경영지원팀,2025-05-20,9:03,17:47,N,0.0
1012,경영직원2,경영지원팀,2025-05-21,9:08,17:33,N,0.0
1012,경영직원2,경영지원팀,2025-05-22,8:38,18:01,N,0.0
1012,경영직원2,경영지원팀,2025-05-23,8:45,18:19,N,0.0
1012,경영직원2,경영지원팀,2025-05-26,8:55,18:18,N,0.0
1012,경영직원2,경영지원팀,2025-05-27,8:39,18:58,N,0.0
1012,경영직원2,경영지원팀,2025-05-28,8:59,18:34,N,0.0
1012,경영직원2,경영지원팀,2025-05-29,8:50,18:19,N,0.0
1012,경영직원2,경영지원팀,2025-05-30,8:43,18:37,N,0.0
1012,경영직원2,경영지원팀,2025-06-02,8:53,19:23,N,0.0
1012,경영직원2,경영지원팀,2025-06-03,8:56,18:14,N,0.0
1012,경영직원2,경영지원팀,2025-06-04,8:45,17:48,N,0.0
1012,경영직원2,경영지원팀,2025-06-05,8:53,18:24,N,0.0
1012,경영직원2,경영지원팀,2025-06-06,8:53,18:06,N,0.0
1012,경영직원2,경영지원팀,2025-06-09,9:04,17:53,N,0.0
1012,경영직원2,경영지원팀,2025-06-10,9:09,18:31,N,0.0
1012,경영직원2,경영지원팀,2025-06-11,9:00,17:23,N,0.0
1012,경영직원2,경영지원팀,2025-06-12,8:50,18:25,N,0.0
1012,경영직원2,경영지원팀,2025-06-13,8:51,18:07,N,0.0
1012,경영직원2,경영지원팀,2025-06-16,8:48,19:03,N,0.0
1012,경영직원2,경영지원팀,2025-06-17,9:03,18:12,N,0.0
1012,경영직원2,경영지원팀,2025-06-18,8:58,18:13,N,0.0
1012,경영직원2,경영지원팀,2025-06-19,8:46,17:52,N,0.0
1012,경영직원2,경영지원팀,2025-06-20,8:48,18:44,N,0.0
1012,경영직원2,경영지원팀,2025-06-23,9:00,18:48,N,0.0
1012,경영직원2,경영지원팀,2025-06-24,9:08,19:10,N,0.0
1012,경영직원2,경영지원팀,2025-06-25,9:36,19:05,N,0.48
1012,경영직원2,경영지원팀,2025-06-26,8:52,17:29,N,0.0
1012,경영직원2,경영지원팀,2025-06-27,9:01,20:09,N,0.0
1012,경영직원2,경영지원팀,2025-06-30,8:43,17:38,N,0.0
1012,경영직원2,경영지원팀,2025-07-01,9:00,18:31,N,0.0
1012,경영직원2,경영지원팀,2025-07-02,9:06,19:20,N,0.0
1012,경영직원2,경영지원팀,2025-07-03,9:02,18:03,N,0.0
1012,경영직원2,경영지원팀,2025-07-04,8:45,17:39,N,0.0
1012,경영직원2,경영지원팀,2025-07-07,9:00,19:24,N,0.0
1012,경영직원2,경영지원팀,2025-07-08,8:40,19:34,N,0.0
1012,경영직원2,경영지원팀,2025-07-09,8:47,17:50,N,0.0
1012,경영직원2,경영지원팀,2025-07-10,8:46,18:41,N,0.0
1012,경영직원2,경영지원팀,2025-07-11,9:06,19:28,N,0.0
1012,경영직원2,경영지원팀,2025-07-14,8:54,17:41,N,0.0
1012,경영직원2,경영지원팀,2025-07-15,9:02,18:51,N,0.0
1012,경영직원2,경영지원팀,2025-07-16,9:04,19:31,N,0.0
1012,경영직원2,경영지원팀,2025-07-17,8:55,18:15,N,0.0
1012,경영직원2,경영지원팀,2025-07-18,8:52,18:56,N,0.0
1012,경영직원2,경영지원팀,2025-07-21,9:10,17:32,N,0.0
1012,경영직원2,경영지원팀,2025-07-22,8:53,19:15,N,0.0
1012,경영직원2,경영지원팀,2025-07-23,9:08,19:21,N,0.0
1012,경영직원2,경영지원팀,2025-07-24,8:28,19:47,N,0.0
1012,경영직원2,경영지원팀,2025-07-25,8:50,18:12,N,0.0
1012,경영직원2,경영지원팀,2025-07-28,8:48,18:52,N,0.0
1012,경영직원2,경영지원팀,2025-07-29,9:04,17:53,N,0.0
1012,경영직원2,경영지원팀,2025-07-30,8:51,18:38,N,0.0
1012,경영직원2,경영지원팀,2025-07-31,9:15,19:23,N,0.0
1012,경영직원2,경영지원팀,2025-08-01,8:56,20:10,N,0.0
1012,경영직원2,경영지원팀,2025-08-04,9:04,17:48,N,0.0
1012,경영직원2,경영지원팀,2025-08-05,9:09,18:03,N,0.0
1012,경영직원2,경영지원팀,2025-08-06,9:25,18:32,N,0.0
1012,경영직원2,경영지원팀,2025-08-07,8:49,17:42,N,0.0
1012,경영직원2,경영지원팀,2025-08-08,9:02,18:30,N,0.0
1012,경영직원2,경영지원팀,2025-08-11,8:47,19:33,N,0.0
1012,경영직원2,경영지원팀,2025-08-12,9:00,17:39,N,0.0
1012,경영직원2,경영지원팀,2025-08-13,8:40,17:00,N,0.0
1012,경영직원2,경영지원팀,2025-08-14,8:47,19:00,N,0.0
1012,경영직원2,경영지원팀,2025-08-15,9:03,18:07,N,0.0
1012,경영직원2,경영지원팀,2025-08-18,8:42,19:22,N,0.0
1012,경영직원2,경영지원팀,2025-08-19,8:42,18:31,N,0.0
1012,경영직원2,경영지원팀,2025-08-20,8:52,18:12,N,0.0
1012,경영직원2,경영지원팀,2025-08-21,8:57,19:49,N,0.0
1012,경영직원2,경영지원팀,2025-08-22,8:21,19:39,N,0.0
1012,경영직원2,경영지원팀,2025-08-25,8:41,16:50,N,0.0
1012,경영직원2,경영지원팀,2025-08-26,9:07,19:19,N,0.0
1012,경영직원2,경영지원팀,2025-08-27,9:02,18:47,N,0.0
1012,경영직원2,경영지원팀,2025-08-28,8:23,19:36,N,0.0
1012,경영직원2,경영지원팀,2025-08-29,9:14,17:36,N,0.0
1012,경영직원2,경영지원팀,2025-09-01,9:09,18:04,N,0.0
1012,경영직원2,경영지원팀,2025-09-02,8:54,19:24,N,0.0
1012,경영직원2,경영지원팀,2025-09-03,9:03,18:18,N,0.0
1012,경영직원2,경영지원팀,2025-09-04,8:53,18:53,N,0.0
1012,경영직원2,경영지원팀,2025-09-05,8:51,16:59,N,0.0
1012,경영직원2,경영지원팀,2025-09-08,9:16,18:26,N,0.0
1012,경영직원2,경영지원팀,2025-09-09,9:06,18:57,N,0.0
1012,경영직원2,경영지원팀,2025-09-10,8:54,18:29,N,0.0
1012,경영직원2,경영지원팀,2025-09-11,9:13,18:03,N,0.0
1012,경영직원2,경영지원팀,2025-09-12,9:05,19:26,N,0.0
1012,경영직원2,경영지원팀,2025-09-15,8:38,18:04,N,0.0
1012,경영직원2,경영지원팀,2025-09-16,8:58,18:03,N,0.0
1012,경영직원2,경영지원팀,2025-09-17,9:35,18:39,N,0.07
1012,경영직원2,경영지원팀,2025-09-18,9:02,17:32,N,0.0
1012,경영직원2,경영지원팀,2025-09-19,8:59,18:43,N,0.0
1012,경영직원2,경영지원팀,2025-09-22,8:59,18:45,N,0.0
1012,경영직원2,경영지원팀,2025-09-23,9:11,18:11,N,0.0
1012,경영직원2,경영지원팀,2025-09-24,9:12,19:49,N,0.0
1012,경영직원2,경영지원팀,2025-09-25,9:04,19:08,N,0.0
1012,경영직원2,경영지원팀,2025-09-26,8:55,17:56,N,0.0
1012,경영직원2,경영지원팀,2025-09-29,8:31,18:32,N,0.0
1012,경영직원2,경영지원팀,2025-09-30,8:46,18:52,N,0.0
1012,경영직원2,경영지원팀,2025-10-01,9:00,18:25,N,0.0
1012,경영직원2,경영지원팀,2025-10-02,9:09,17:46,N,0.0
1012,경영직원2,경영지원팀,2025-10-03,8:28,19:41,N,0.0
1012,경영직원2,경영지원팀,2025-10-06,8:39,18:47,N,0.0
1012,경영직원2,경영지원팀,2025-10-07,8:50,17:39,N,0.0
1012,경영직원2,경영지원팀,2025-10-08,8:51,17:41,N,0.0
1012,경영직원2,경영지원팀,2025-10-09,9:02,18:24,N,0.0
1012,경영직원2,경영지원팀,2025-10-10,9:04,18:22,N,0.0
1012,경영직원2,경영지원팀,2025-10-13,9:42,17:21,N,0.0
1012,경영직원2,경영지원팀,2025-10-14,8:56,17:45,N,0.0
1012,경영직원2,경영지원팀,2025-10-15,8:36,17:55,N,0.0
1012,경영직원2,경영지원팀,2025-10-16,9:13,18:51,N,0.0
1012,경영직원2,경영지원팀,2025-10-17,9:04,17:49,N,0.0
1012,경영직원2,경영지원팀,2025-10-20,8:43,17:38,N,0.0
1012,경영직원2,경영지원팀,2025-10-21,9:02,18:38,N,0.0
1012,경영직원2,경영지원팀,2025-10-22,8:57,18:01,N,0.0
1012,경영직원2,경영지원팀,2025-10-23,10:28,17:24,Y,0.0
1012,경영직원2,경영지원팀,2025-10-24,8:39,17:55,N,0.0
1012,경영직원2,경영지원팀,2025-10-27,8:51,18:27,N,0.0
1012,경영직원2,경영지원팀,2025-10-28,9:05,18:48,N,0.0
1012,경영직원2,경영지원팀,2025-10-29,9:06,18:49,N,0.0
1012,경영직원2,경영지원팀,2025-10-30,9:15,17:58,N,0.0
1012,경영직원2,경영지원팀,2025-10-31,8:44,19:27,N,0.0
1012,경영직원2,경영지원팀,2025-11-03,9:03,18:27,N,0.0
1012,경영직원2,경영지원팀,2025-11-04,8:44,18:17,N,0.0
1012,경영직원2,경영지원팀,2025-11-05,9:54,19:46,N,0.87
1012,경영직원2,경영지원팀,2025-11-06,9:30,18:39,N,0.15
1012,경영직원2,경영지원팀,2025-11-07,8:36,18:27,N,0.0
1012,경영직원2,경영지원팀,2025-11-10,8:50,18:27,N,0.0
1012,경영직원2,경영지원팀,2025-11-11,8:37,18:12,N,0.0
1012,경영직원2,경영지원팀,2025-11-12,8:42,17:11,N,0.0
1012,경영직원2,경영지원팀,2025-11-13,9:04,19:22,N,0.0
1012,경영직원2,경영지원팀,2025-11-14,9:00,18:52,N,0.0
1012,경영직원2,경영지원팀,2025-11-17,8:56,18:15,N,0.0
1012,경영직원2,경영지원팀,2025-11-18,8:59,17:49,N,0.0
1012,경영직원2,경영지원팀,2025-11-19,8:39,19:33,N,0.0
1012,경영직원2,경영지원팀,2025-11-20,9:06,17:49,N,0.0
1012,경영직원2,경영지원팀,2025-11-21,8:48,18:43,N,0.0
1012,경영직원2,경영지원팀,2025-11-24,8:52,18:33,N,0.0
1012,경영직원2,경영지원팀,2025-11-25,8:40,18:12,N,0.0
1012,경영직원2,경영지원팀,2025-11-26,9:07,18:18,N,0.0
1012,경영직원2,경영지원팀,2025-11-27,9:51,18:32,N,0.0
1012,경영직원2,경영지원팀,2025-11-28,8:55,19:06,N,0.0
1012,경영직원2,경영지원팀,2025-12-01,8:45,19:06,N,0.0
1012,경영직원2,경영지원팀,2025-12-02,8:42,18:58,N,0.0
1012,경영직원2,경영지원팀,2025-12-03,9:00,18:55,N,0.0
1012,경영직원2,경영지원팀,2025-12-04,8:47,19:22,N,0.0
1012,경영직원2,경영지원팀,2025-12-05,9:04,17:26,N,0.0
1012,경영직원2,경영지원팀,2025-12-08,9:13,18:46,N,0.0
1012,경영직원2,경영지원팀,2025-12-09,9:02,18:38,N,0.0
1012,경영직원2,경영지원팀,2025-12-10,9:04,17:49,N,0.0
1012,경영직원2,경영지원팀,2025-12-11,8:55,18:22,N,0.0
1012,경영직원2,경영지원팀,2025-12-12,8:36,17:18,N,0.0
1012,경영직원2,경영지원팀,2025-12-15,8:56,18:43,N,0.0
1012,경영직원2,경영지원팀,2025-12-16,9:00,18:35,N,0.0
1012,경영직원2,경영지원팀,2025-12-17,8:58,18:12,N,0.0
1012,경영직원2,경영지원팀,2025-12-18,8:53,18:29,N,0.0
1012,경영직원2,경영지원팀,2025-12-19,8:53,19:48,N,0.0
1012,경영직원2,경영지원팀,2025-12-22,9:08,18:15,N,0.0
1012,경영직원2,경영지원팀,2025-12-23,8:43,18:26,N,0.0
1012,경영직원2,경영지원팀,2025-12-24,8:50,18:27,N,0.0
1012,경영직원2,경영지원팀,2025-12-25,8:57,18:42,N,0.0
1012,경영직원2,경영지원팀,2025-12-26,8:47,18:07,N,0.0
1012,경영직원2,경영지원팀,2025-12-29,8:38,18:04,N,0.0
1012,경영직원2,경영지원팀,2025-12-30,8:49,18:42,N,0.0
1012,경영직원2,경영지원팀,2025-12-31,8:38,19:00,N,0.0
1012,경영직원2,경영지원팀,2026-01-01,8:52,17:41,N,0.0
1012,경영직원2,경영지원팀,2026-01-02,8:47,19:34,N,0.0
1012,경영직원2,경영지원팀,2026-01-05,9:10,17:36,N,0.0
1012,경영직원2,경영지원팀,2026-01-06,9:06,18:25,N,0.0
1012,경영직원2,경영지원팀,2026-01-07,8:55,17:22,N,0.0
1012,경영직원2,경영지원팀,2026-01-08,9:06,18:40,N,0.0
1012,경영직원2,경영지원팀,2026-01-09,8:50,17:57,N,0.0
1012,경영직원2,경영지원팀,2026-01-12,8:46,20:07,N,0.0
1012,경영직원2,경영지원팀,2026-01-13,8:59,18:32,N,0.0
1012,경영직원2,경영지원팀,2026-01-14,8:46,18:47,N,0.0
1012,경영직원2,경영지원팀,2026-01-15,8:35,17:56,N,0.0
1012,경영직원2,경영지원팀,2026-01-16,9:12,17:56,N,0.0
1012,경영직원2,경영지원팀,2026-01-19,8:44,19:07,N,0.0
1012,경영직원2,경영지원팀,2026-01-20,9:09,20:12,N,0.0
1012,경영직원2,경영지원팀,2026-01-21,9:08,18:22,N,0.0
1012,경영직원2,경영지원팀,2026-01-22,9:11,18:53,N,0.0
1012,경영직원2,경영지원팀,2026-01-23,9:51,17:08,N,0.0
1012,경영직원2,경영지원팀,2026-01-26,8:25,18:37,N,0.0
1012,경영직원2,경영지원팀,2026-01-27,9:03,18:41,N,0.0
1012,경영직원2,경영지원팀,2026-01-28,8:47,17:19,N,0.0
1012,경영직원2,경영지원팀,2026-01-29,8:42,18:20,N,0.0
1012,경영직원2,경영지원팀,2026-01-30,8:33,19:23,N,0.0
1012,경영직원2,경영지원팀,2026-02-02,9:05,17:09,N,0.0
1012,경영직원2,경영지원팀,2026-02-03,9:00,20:14,N,0.0
1012,경영직원2,경영지원팀,2026-02-04,9:04,19:20,N,0.0
1012,경영직원2,경영지원팀,2026-02-05,9:04,19:08,N,0.0
1012,경영직원2,경영지원팀,2026-02-06,9:07,19:09,N,0.0
1012,경영직원2,경영지원팀,2026-02-09,9:32,18:39,N,0.12
1012,경영직원2,경영지원팀,2026-02-10,9:09,18:02,N,0.0
1012,경영직원2,경영지원팀,2026-02-11,8:55,17:54,N,0.0
1012,경영직원2,경영지원팀,2026-02-12,8:41,18:41,N,0.0
1012,경영직원2,경영지원팀,2026-02-13,8:32,18:04,N,0.0
1012,경영직원2,경영지원팀,2026-02-16,9:02,18:31,N,0.0
1012,경영직원2,경영지원팀,2026-02-17,8:57,18:29,N,0.0
1012,경영직원2,경영지원팀,2026-02-18,8:56,18:10,N,0.0
1012,경영직원2,경영지원팀,2026-02-19,8:32,17:37,N,0.0
1012,경영직원2,경영지원팀,2026-02-20,8:45,19:01,N,0.0
1012,경영직원2,경영지원팀,2026-02-23,8:54,19:02,N,0.0
1012,경영직원2,경영지원팀,2026-02-24,9:09,19:13,N,0.0
1012,경영직원2,경영지원팀,2026-02-25,9:11,18:31,N,0.0
1012,경영직원2,경영지원팀,2026-02-26,8:40,19:22,N,0.0
1012,경영직원2,경영지원팀,2026-02-27,9:04,18:42,N,0.0
1012,경영직원2,경영지원팀,2026-03-02,9:05,19:04,N,0.0
1012,경영직원2,경영지원팀,2026-03-03,10:31,18:23,Y,0.0
1012,경영직원2,경영지원팀,2026-03-04,9:01,18:33,N,0.0
1012,경영직원2,경영지원팀,2026-03-05,10:39,18:08,Y,0.0
1012,경영직원2,경영지원팀,2026-03-06,10:27,18:49,Y,0.0
1012,경영직원2,경영지원팀,2026-03-09,8:54,18:40,N,0.0
1012,경영직원2,경영지원팀,2026-03-10,9:05,19:06,N,0.0
1012,경영직원2,경영지원팀,2026-03-11,10:32,17:42,Y,0.0
1012,경영직원2,경영지원팀,2026-03-12,8:39,16:56,N,0.0
1012,경영직원2,경영지원팀,2026-03-13,10:02,19:24,Y,0.0
1012,경영직원2,경영지원팀,2026-03-16,10:14,19:46,Y,0.0
1012,경영직원2,경영지원팀,2026-03-17,8:46,17:46,N,0.0
1012,경영직원2,경영지원팀,2026-03-18,10:14,17:44,Y,0.0
1012,경영직원2,경영지원팀,2026-03-19,9:06,18:42,N,0.0
1012,경영직원2,경영지원팀,2026-03-20,10:37,18:49,Y,0.0
1012,경영직원2,경영지원팀,2026-03-23,8:41,17:57,N,0.0
1012,경영직원2,경영지원팀,2026-03-24,8:45,18:47,N,0.0
1012,경영직원2,경영지원팀,2026-03-25,10:36,18:29,Y,0.0
1012,경영직원2,경영지원팀,2026-03-26,9:46,18:18,N,0.0
1012,경영직원2,경영지원팀,2026-03-27,8:50,18:54,N,0.0
1012,경영직원2,경영지원팀,2026-03-30,10:14,17:41,Y,0.0
1012,경영직원2,경영지원팀,2026-03-31,10:24,19:15,Y,0.0
1012,경영직원2,경영지원팀,2026-04-01,8:49,17:38,N,0.0
1012,경영직원2,경영지원팀,2026-04-02,9:41,19:22,N,0.68
1012,경영직원2,경영지원팀,2026-04-03,10:10,18:27,Y,0.0
1012,경영직원2,경영지원팀,2026-04-06,8:55,18:36,N,0.0
1012,경영직원2,경영지원팀,2026-04-07,9:10,18:27,N,0.0
1012,경영직원2,경영지원팀,2026-04-08,8:55,17:27,N,0.0
1012,경영직원2,경영지원팀,2026-04-09,8:40,17:41,N,0.0
1012,경영직원2,경영지원팀,2026-04-10,8:40,19:18,N,0.0
1012,경영직원2,경영지원팀,2026-04-13,8:39,18:12,N,0.0
1012,경영직원2,경영지원팀,2026-04-14,8:52,17:30,N,0.0
1012,경영직원2,경영지원팀,2026-04-15,8:30,18:52,N,0.0
1012,경영직원2,경영지원팀,2026-04-16,8:43,18:21,N,0.0
1012,경영직원2,경영지원팀,2026-04-17,9:03,18:21,N,0.0
1012,경영직원2,경영지원팀,2026-04-20,8:56,18:34,N,0.0
1012,경영직원2,경영지원팀,2026-04-21,8:48,19:21,N,0.0
1012,경영직원2,경영지원팀,2026-04-22,8:57,18:53,N,0.0
1012,경영직원2,경영지원팀,2026-04-23,9:03,19:33,N,0.0
1012,경영직원2,경영지원팀,2026-04-24,8:53,18:51,N,0.0
1012,경영직원2,경영지원팀,2026-04-27,8:42,18:59,N,0.0
1012,경영직원2,경영지원팀,2026-04-28,8:39,19:03,N,0.0
1012,경영직원2,경영지원팀,2026-04-29,8:43,18:36,N,0.0
1012,경영직원2,경영지원팀,2026-04-30,8:57,16:43,N,0.0
1012,경영직원2,경영지원팀,2026-05-01,9:44,18:42,N,0.0
1012,경영직원2,경영지원팀,2026-05-04,9:02,18:58,N,0.0
1012,경영직원2,경영지원팀,2026-05-05,8:54,18:02,N,0.0
1012,경영직원2,경영지원팀,2026-05-06,9:10,17:39,N,0.0
1012,경영직원2,경영지원팀,2026-05-07,8:34,18:01,N,0.0
1012,경영직원2,경영지원팀,2026-05-08,9:56,17:47,N,0.0
1012,경영직원2,경영지원팀,2026-05-11,9:07,17:14,N,0.0
1012,경영직원2,경영지원팀,2026-05-12,8:59,18:16,N,0.0
1012,경영직원2,경영지원팀,2026-05-13,8:49,17:38,N,0.0
1012,경영직원2,경영지원팀,2026-05-14,8:32,18:06,N,0.0
1012,경영직원2,경영지원팀,2026-05-15,8:45,18:09,N,0.0
1012,경영직원2,경영지원팀,2026-05-18,8:46,18:42,N,0.0
1012,경영직원2,경영지원팀,2026-05-19,8:46,18:56,N,0.0
1012,경영직원2,경영지원팀,2026-05-20,9:15,19:03,N,0.0
1012,경영직원2,경영지원팀,2026-05-21,9:45,18:36,N,0.0
1012,경영직원2,경영지원팀,2026-05-22,8:49,19:20,N,0.0
1012,경영직원2,경영지원팀,2026-05-25,8:41,18:15,N,0.0
1012,경영직원2,경영지원팀,2026-05-26,9:05,19:26,N,0.0
1012,경영직원2,경영지원팀,2026-05-27,9:10,18:11,N,0.0
1012,경영직원2,경영지원팀,2026-05-28,8:59,18:41,N,0.0
1012,경영직원2,경영지원팀,2026-05-29,8:31,19:33,N,0.0
1012,경영직원2,경영지원팀,2026-06-01,8:41,19:04,N,0.0
1012,경영직원2,경영지원팀,2026-06-02,9:51,19:27,N,0.6
1012,경영직원2,경영지원팀,2026-06-03,8:44,18:45,N,0.0
1012,경영직원2,경영지원팀,2026-06-04,8:58,18:35,N,0.0
1012,경영직원2,경영지원팀,2026-06-05,8:56,17:42,N,0.0
1012,경영직원2,경영지원팀,2026-06-08,8:44,17:26,N,0.0
1012,경영직원2,경영지원팀,2026-06-09,9:18,18:15,N,0.0
1012,경영직원2,경영지원팀,2026-06-10,9:32,18:20,N,0.0
1012,경영직원2,경영지원팀,2026-06-11,8:57,19:19,N,0.0
1012,경영직원2,경영지원팀,2026-06-12,9:03,18:28,N,0.0
1012,경영직원2,경영지원팀,2026-06-15,8:51,18:54,N,0.0
1012,경영직원2,경영지원팀,2026-06-16,9:10,17:52,N,0.0
1012,경영직원2,경영지원팀,2026-06-17,8:48,19:10,N,0.0
1012,경영직원2,경영지원팀,2026-06-18,9:10,18:28,N,0.0
1012,경영직원2,경영지원팀,2026-06-19,8:57,17:59,N,0.0
1012,경영직원2,경영지원팀,2026-06-22,8:58,18:20,N,0.0
1012,경영직원2,경영지원팀,2026-06-23,8:42,17:24,N,0.0
1012,경영직원2,경영지원팀,2026-06-24,9:08,17:59,N,0.0
1012,경영직원2,경영지원팀,2026-06-25,8:48,19:37,N,0.0
1012,경영직원2,경영지원팀,2026-06-26,9:08,19:11,N,0.0
1012,경영직원2,경영지원팀,2026-06-29,8:30,19:21,N,0.0
1012,경영직원2,경영지원팀,2026-06-30,8:53,19:33,N,0.0
1012,경영직원2,경영지원팀,2026-07-01,9:59,18:58,N,0.0
1012,경영직원2,경영지원팀,2026-07-02,8:50,18:26,N,0.0
1012,경영직원2,경영지원팀,2026-07-03,8:57,18:57,N,0.0
1012,경영직원2,경영지원팀,2026-07-06,9:04,18:20,N,0.0
1012,경영직원2,경영지원팀,2026-07-07,9:00,19:02,N,0.0
1012,경영직원2,경영지원팀,2026-07-08,9:06,19:01,N,0.0
1012,경영직원2,경영지원팀,2026-07-09,9:18,18:35,N,0.0
1012,경영직원2,경영지원팀,2026-07-10,8:57,18:45,N,0.0
1012,경영직원2,경영지원팀,2026-07-13,9:00,18:30,N,0.0
1012,경영직원2,경영지원팀,2026-07-14,8:56,19:17,N,0.0
1012,경영직원2,경영지원팀,2026-07-15,9:04,19:04,N,0.0
1012,경영직원2,경영지원팀,2026-07-16,8:51,18:46,N,0.0
1012,경영직원2,경영지원팀,2026-07-17,9:10,18:56,N,0.0
1012,경영직원2,경영지원팀,2026-07-20,8:54,18:42,N,0.0
1012,경영직원2,경영지원팀,2026-07-21,9:01,18:03,N,0.0
1012,경영직원2,경영지원팀,2026-07-22,8:43,18:59,N,0.0
1012,경영직원2,경영지원팀,2026-07-23,9:02,18:47,N,0.0
1012,경영직원2,경영지원팀,2026-07-24,8:55,18:56,N,0.0
1012,경영직원2,경영지원팀,2026-07-27,9:05,18:56,N,0.0
1012,경영직원2,경영지원팀,2026-07-28,9:03,19:04,N,0.0
1012,경영직원2,경영지원팀,2026-07-29,8:51,18:08,N,0.0
1012,경영직원2,경영지원팀,2026-07-30,9:02,18:32,N,0.0
1012,경영직원2,경영지원팀,2026-07-31,8:32,18:33,N,0.0
1013,경영직원3,경영지원팀,2025-01-01,9:01,19:21,N,0.0
1013,경영직원3,경영지원팀,2025-01-02,9:06,18:12,N,0.0
1013,경영직원3,경영지원팀,2025-01-03,8:42,19:33,N,0.0
1013,경영직원3,경영지원팀,2025-01-06,8:50,17:50,N,0.0
1013,경영직원3,경영지원팀,2025-01-07,9:00,18:08,N,0.0
1013,경영직원3,경영지원팀,2025-01-08,8:55,18:49,N,0.0
1013,경영직원3,경영지원팀,2025-01-09,8:16,17:54,N,0.0
1013,경영직원3,경영지원팀,2025-01-10,8:46,19:14,N,0.0
1013,경영직원3,경영지원팀,2025-01-13,8:54,17:43,N,0.0
1013,경영직원3,경영지원팀,2025-01-14,8:38,18:14,N,0.0
1013,경영직원3,경영지원팀,2025-01-15,9:00,18:21,N,0.0
1013,경영직원3,경영지원팀,2025-01-16,9:17,18:59,N,0.0
1013,경영직원3,경영지원팀,2025-01-17,9:06,18:01,N,0.0
1013,경영직원3,경영지원팀,2025-01-20,8:56,18:24,N,0.0
1013,경영직원3,경영지원팀,2025-01-21,8:50,18:45,N,0.0
1013,경영직원3,경영지원팀,2025-01-22,8:59,18:55,N,0.0
1013,경영직원3,경영지원팀,2025-01-23,8:52,18:14,N,0.0
1013,경영직원3,경영지원팀,2025-01-24,9:03,18:02,N,0.0
1013,경영직원3,경영지원팀,2025-01-27,8:42,18:19,N,0.0
1013,경영직원3,경영지원팀,2025-01-28,8:53,19:21,N,0.0
1013,경영직원3,경영지원팀,2025-01-29,8:34,18:20,N,0.0
1013,경영직원3,경영지원팀,2025-01-30,9:01,18:27,N,0.0
1013,경영직원3,경영지원팀,2025-01-31,9:14,18:16,N,0.0
1013,경영직원3,경영지원팀,2025-02-03,8:41,18:12,N,0.0
1013,경영직원3,경영지원팀,2025-02-04,8:56,19:25,N,0.0
1013,경영직원3,경영지원팀,2025-02-05,9:00,17:11,N,0.0
1013,경영직원3,경영지원팀,2025-02-06,9:13,19:34,N,0.0
1013,경영직원3,경영지원팀,2025-02-07,9:03,16:56,N,0.0
1013,경영직원3,경영지원팀,2025-02-10,8:57,19:46,N,0.0
1013,경영직원3,경영지원팀,2025-02-11,8:51,17:27,N,0.0
1013,경영직원3,경영지원팀,2025-02-12,9:12,18:18,N,0.0
1013,경영직원3,경영지원팀,2025-02-13,8:36,17:42,N,0.0
1013,경영직원3,경영지원팀,2025-02-14,8:50,18:25,N,0.0
1013,경영직원3,경영지원팀,2025-02-17,8:45,19:16,N,0.0
1013,경영직원3,경영지원팀,2025-02-18,9:14,18:14,N,0.0
1013,경영직원3,경영지원팀,2025-02-19,9:50,17:54,N,0.0
1013,경영직원3,경영지원팀,2025-02-20,8:59,19:02,N,0.0
1013,경영직원3,경영지원팀,2025-02-21,8:47,18:52,N,0.0
1013,경영직원3,경영지원팀,2025-02-24,9:14,19:24,N,0.0
1013,경영직원3,경영지원팀,2025-02-25,8:57,18:49,N,0.0
1013,경영직원3,경영지원팀,2025-02-26,10:21,16:48,Y,0.0
1013,경영직원3,경영지원팀,2025-02-27,8:39,18:43,N,0.0
1013,경영직원3,경영지원팀,2025-02-28,8:32,18:09,N,0.0
1013,경영직원3,경영지원팀,2025-03-03,8:42,18:48,N,0.0
1013,경영직원3,경영지원팀,2025-03-04,8:58,18:12,N,0.0
1013,경영직원3,경영지원팀,2025-03-05,9:07,20:31,N,0.0
1013,경영직원3,경영지원팀,2025-03-06,9:50,17:30,N,0.0
1013,경영직원3,경영지원팀,2025-03-07,9:50,18:17,N,0.0
1013,경영직원3,경영지원팀,2025-03-10,8:48,18:09,N,0.0
1013,경영직원3,경영지원팀,2025-03-11,10:09,19:13,Y,0.0
1013,경영직원3,경영지원팀,2025-03-12,8:43,18:31,N,0.0
1013,경영직원3,경영지원팀,2025-03-13,8:43,18:08,N,0.0
1013,경영직원3,경영지원팀,2025-03-14,9:51,19:08,N,0.28
1013,경영직원3,경영지원팀,2025-03-17,8:52,19:19,N,0.0
1013,경영직원3,경영지원팀,2025-03-18,8:48,19:02,N,0.0
1013,경영직원3,경영지원팀,2025-03-19,9:05,18:13,N,0.0
1013,경영직원3,경영지원팀,2025-03-20,8:58,19:05,N,0.0
1013,경영직원3,경영지원팀,2025-03-21,8:50,19:24,N,0.0
1013,경영직원3,경영지원팀,2025-03-24,9:04,19:06,N,0.0
1013,경영직원3,경영지원팀,2025-03-25,8:53,19:09,N,0.0
1013,경영직원3,경영지원팀,2025-03-26,9:00,18:10,N,0.0
1013,경영직원3,경영지원팀,2025-03-27,9:19,17:46,N,0.0
1013,경영직원3,경영지원팀,2025-03-28,8:57,18:43,N,0.0
1013,경영직원3,경영지원팀,2025-03-31,8:48,19:13,N,0.0
1013,경영직원3,경영지원팀,2025-04-01,9:08,18:26,N,0.0
1013,경영직원3,경영지원팀,2025-04-02,8:50,18:50,N,0.0
1013,경영직원3,경영지원팀,2025-04-03,8:41,19:00,N,0.0
1013,경영직원3,경영지원팀,2025-04-04,8:57,19:18,N,0.0
1013,경영직원3,경영지원팀,2025-04-07,8:49,18:50,N,0.0
1013,경영직원3,경영지원팀,2025-04-08,8:39,18:28,N,0.0
1013,경영직원3,경영지원팀,2025-04-09,8:35,19:43,N,0.0
1013,경영직원3,경영지원팀,2025-04-10,8:54,19:09,N,0.0
1013,경영직원3,경영지원팀,2025-04-11,8:47,19:18,N,0.0
1013,경영직원3,경영지원팀,2025-04-14,8:56,17:57,N,0.0
1013,경영직원3,경영지원팀,2025-04-15,9:05,18:31,N,0.0
1013,경영직원3,경영지원팀,2025-04-16,9:13,17:31,N,0.0
1013,경영직원3,경영지원팀,2025-04-17,9:15,19:04,N,0.0
1013,경영직원3,경영지원팀,2025-04-18,8:49,18:16,N,0.0
1013,경영직원3,경영지원팀,2025-04-21,9:00,17:58,N,0.0
1013,경영직원3,경영지원팀,2025-04-22,8:56,18:13,N,0.0
1013,경영직원3,경영지원팀,2025-04-23,8:50,18:40,N,0.0
1013,경영직원3,경영지원팀,2025-04-24,9:12,19:16,N,0.0
1013,경영직원3,경영지원팀,2025-04-25,8:56,18:54,N,0.0
1013,경영직원3,경영지원팀,2025-04-28,8:57,19:10,N,0.0
1013,경영직원3,경영지원팀,2025-04-29,9:00,18:24,N,0.0
1013,경영직원3,경영지원팀,2025-04-30,8:45,18:41,N,0.0
1013,경영직원3,경영지원팀,2025-05-01,9:49,18:22,N,0.0
1013,경영직원3,경영지원팀,2025-05-02,9:18,18:18,N,0.0
1013,경영직원3,경영지원팀,2025-05-05,8:50,18:32,N,0.0
1013,경영직원3,경영지원팀,2025-05-06,8:51,17:36,N,0.0
1013,경영직원3,경영지원팀,2025-05-07,8:59,19:08,N,0.0
1013,경영직원3,경영지원팀,2025-05-08,9:06,19:30,N,0.0
1013,경영직원3,경영지원팀,2025-05-09,9:02,17:58,N,0.0
1013,경영직원3,경영지원팀,2025-05-12,8:56,18:57,N,0.0
1013,경영직원3,경영지원팀,2025-05-13,8:42,18:16,N,0.0
1013,경영직원3,경영지원팀,2025-05-14,9:00,17:54,N,0.0
1013,경영직원3,경영지원팀,2025-05-15,9:14,18:17,N,0.0
1013,경영직원3,경영지원팀,2025-05-16,8:56,18:36,N,0.0
1013,경영직원3,경영지원팀,2025-05-19,8:40,17:48,N,0.0
1013,경영직원3,경영지원팀,2025-05-20,8:59,18:53,N,0.0
1013,경영직원3,경영지원팀,2025-05-21,9:07,17:55,N,0.0
1013,경영직원3,경영지원팀,2025-05-22,9:11,17:54,N,0.0
1013,경영직원3,경영지원팀,2025-05-23,8:52,19:39,N,0.0
1013,경영직원3,경영지원팀,2025-05-26,8:50,18:17,N,0.0
1013,경영직원3,경영지원팀,2025-05-27,8:38,19:39,N,0.0
1013,경영직원3,경영지원팀,2025-05-28,9:16,19:41,N,0.0
1013,경영직원3,경영지원팀,2025-05-29,8:50,18:19,N,0.0
1013,경영직원3,경영지원팀,2025-05-30,9:00,18:38,N,0.0
1013,경영직원3,경영지원팀,2025-06-02,8:52,18:09,N,0.0
1013,경영직원3,경영지원팀,2025-06-03,9:01,18:41,N,0.0
1013,경영직원3,경영지원팀,2025-06-04,9:25,19:29,N,0.0
1013,경영직원3,경영지원팀,2025-06-05,8:37,18:54,N,0.0
1013,경영직원3,경영지원팀,2025-06-06,10:01,17:13,Y,0.0
1013,경영직원3,경영지원팀,2025-06-09,8:40,18:35,N,0.0
1013,경영직원3,경영지원팀,2025-06-10,8:37,18:59,N,0.0
1013,경영직원3,경영지원팀,2025-06-11,8:52,19:01,N,0.0
1013,경영직원3,경영지원팀,2025-06-12,8:46,18:03,N,0.0
1013,경영직원3,경영지원팀,2025-06-13,8:53,18:08,N,0.0
1013,경영직원3,경영지원팀,2025-06-16,8:44,17:02,N,0.0
1013,경영직원3,경영지원팀,2025-06-17,9:12,17:48,N,0.0
1013,경영직원3,경영지원팀,2025-06-18,8:51,19:09,N,0.0
1013,경영직원3,경영지원팀,2025-06-19,9:10,19:26,N,0.0
1013,경영직원3,경영지원팀,2025-06-20,8:47,17:04,N,0.0
1013,경영직원3,경영지원팀,2025-06-23,8:59,18:25,N,0.0
1013,경영직원3,경영지원팀,2025-06-24,9:02,17:32,N,0.0
1013,경영직원3,경영지원팀,2025-06-25,9:00,18:43,N,0.0
1013,경영직원3,경영지원팀,2025-06-26,9:06,19:08,N,0.0
1013,경영직원3,경영지원팀,2025-06-27,8:44,17:45,N,0.0
1013,경영직원3,경영지원팀,2025-06-30,9:13,18:53,N,0.0
1013,경영직원3,경영지원팀,2025-07-01,8:42,18:24,N,0.0
1013,경영직원3,경영지원팀,2025-07-02,8:59,19:18,N,0.0
1013,경영직원3,경영지원팀,2025-07-03,8:34,18:16,N,0.0
1013,경영직원3,경영지원팀,2025-07-04,8:50,17:33,N,0.0
1013,경영직원3,경영지원팀,2025-07-07,8:59,19:03,N,0.0
1013,경영직원3,경영지원팀,2025-07-08,8:52,20:17,N,0.0
1013,경영직원3,경영지원팀,2025-07-09,8:54,18:51,N,0.0
1013,경영직원3,경영지원팀,2025-07-10,8:52,18:25,N,0.0
1013,경영직원3,경영지원팀,2025-07-11,9:13,19:09,N,0.0
1013,경영직원3,경영지원팀,2025-07-14,8:54,17:50,N,0.0
1013,경영직원3,경영지원팀,2025-07-15,8:55,18:48,N,0.0
1013,경영직원3,경영지원팀,2025-07-16,10:28,18:47,Y,0.0
1013,경영직원3,경영지원팀,2025-07-17,9:06,18:15,N,0.0
1013,경영직원3,경영지원팀,2025-07-18,8:55,18:52,N,0.0
1013,경영직원3,경영지원팀,2025-07-21,9:15,19:22,N,0.0
1013,경영직원3,경영지원팀,2025-07-22,8:47,19:57,N,0.0
1013,경영직원3,경영지원팀,2025-07-23,8:47,18:54,N,0.0
1013,경영직원3,경영지원팀,2025-07-24,9:08,17:40,N,0.0
1013,경영직원3,경영지원팀,2025-07-25,8:41,19:32,N,0.0
1013,경영직원3,경영지원팀,2025-07-28,8:49,18:00,N,0.0
1013,경영직원3,경영지원팀,2025-07-29,8:41,18:34,N,0.0
1013,경영직원3,경영지원팀,2025-07-30,9:10,18:59,N,0.0
1013,경영직원3,경영지원팀,2025-07-31,9:10,18:31,N,0.0
1013,경영직원3,경영지원팀,2025-08-01,9:10,18:44,N,0.0
1013,경영직원3,경영지원팀,2025-08-04,9:09,17:49,N,0.0
1013,경영직원3,경영지원팀,2025-08-05,9:01,18:23,N,0.0
1013,경영직원3,경영지원팀,2025-08-06,8:30,18:41,N,0.0
1013,경영직원3,경영지원팀,2025-08-07,8:45,18:01,N,0.0
1013,경영직원3,경영지원팀,2025-08-08,8:50,18:55,N,0.0
1013,경영직원3,경영지원팀,2025-08-11,8:35,18:26,N,0.0
1013,경영직원3,경영지원팀,2025-08-12,8:47,19:05,N,0.0
1013,경영직원3,경영지원팀,2025-08-13,8:33,18:39,N,0.0
1013,경영직원3,경영지원팀,2025-08-14,10:02,18:52,Y,0.0
1013,경영직원3,경영지원팀,2025-08-15,8:46,17:43,N,0.0
1013,경영직원3,경영지원팀,2025-08-18,9:11,17:56,N,0.0
1013,경영직원3,경영지원팀,2025-08-19,8:49,17:18,N,0.0
1013,경영직원3,경영지원팀,2025-08-20,9:22,18:00,N,0.0
1013,경영직원3,경영지원팀,2025-08-21,8:56,18:36,N,0.0
1013,경영직원3,경영지원팀,2025-08-22,9:01,18:26,N,0.0
1013,경영직원3,경영지원팀,2025-08-25,8:52,17:26,N,0.0
1013,경영직원3,경영지원팀,2025-08-26,10:07,19:08,Y,0.0
1013,경영직원3,경영지원팀,2025-08-27,9:17,17:38,N,0.0
1013,경영직원3,경영지원팀,2025-08-28,8:49,19:06,N,0.0
1013,경영직원3,경영지원팀,2025-08-29,8:45,17:56,N,0.0
1013,경영직원3,경영지원팀,2025-09-01,8:50,18:26,N,0.0
1013,경영직원3,경영지원팀,2025-09-02,8:36,18:04,N,0.0
1013,경영직원3,경영지원팀,2025-09-03,8:54,18:18,N,0.0
1013,경영직원3,경영지원팀,2025-09-04,8:57,18:30,N,0.0
1013,경영직원3,경영지원팀,2025-09-05,8:13,18:39,N,0.0
1013,경영직원3,경영지원팀,2025-09-08,9:04,19:20,N,0.0
1013,경영직원3,경영지원팀,2025-09-09,8:46,19:02,N,0.0
1013,경영직원3,경영지원팀,2025-09-10,8:42,19:39,N,0.0
1013,경영직원3,경영지원팀,2025-09-11,9:04,18:46,N,0.0
1013,경영직원3,경영지원팀,2025-09-12,9:13,18:35,N,0.0
1013,경영직원3,경영지원팀,2025-09-15,8:53,17:28,N,0.0
1013,경영직원3,경영지원팀,2025-09-16,8:45,17:58,N,0.0
1013,경영직원3,경영지원팀,2025-09-17,9:39,18:10,N,0.0
1013,경영직원3,경영지원팀,2025-09-18,8:50,19:49,N,0.0
1013,경영직원3,경영지원팀,2025-09-19,9:15,18:55,N,0.0
1013,경영직원3,경영지원팀,2025-09-22,8:21,17:32,N,0.0
1013,경영직원3,경영지원팀,2025-09-23,8:49,17:46,N,0.0
1013,경영직원3,경영지원팀,2025-09-24,9:04,18:56,N,0.0
1013,경영직원3,경영지원팀,2025-09-25,8:54,18:10,N,0.0
1013,경영직원3,경영지원팀,2025-09-26,9:13,17:22,N,0.0
1013,경영직원3,경영지원팀,2025-09-29,8:38,19:05,N,0.0
1013,경영직원3,경영지원팀,2025-09-30,9:10,19:15,N,0.0
1013,경영직원3,경영지원팀,2025-10-01,9:03,18:56,N,0.0
1013,경영직원3,경영지원팀,2025-10-02,8:58,18:23,N,0.0
1013,경영직원3,경영지원팀,2025-10-03,9:01,18:34,N,0.0
1013,경영직원3,경영지원팀,2025-10-06,8:54,17:40,N,0.0
1013,경영직원3,경영지원팀,2025-10-07,8:55,20:01,N,0.0
1013,경영직원3,경영지원팀,2025-10-08,8:57,19:02,N,0.0
1013,경영직원3,경영지원팀,2025-10-09,8:49,18:48,N,0.0
1013,경영직원3,경영지원팀,2025-10-10,9:35,17:11,N,0.0
1013,경영직원3,경영지원팀,2025-10-13,9:01,18:33,N,0.0
1013,경영직원3,경영지원팀,2025-10-14,8:49,18:26,N,0.0
1013,경영직원3,경영지원팀,2025-10-15,9:00,18:45,N,0.0
1013,경영직원3,경영지원팀,2025-10-16,8:37,18:53,N,0.0
1013,경영직원3,경영지원팀,2025-10-17,9:51,18:58,N,0.12
1013,경영직원3,경영지원팀,2025-10-20,9:05,19:10,N,0.0
1013,경영직원3,경영지원팀,2025-10-21,9:17,18:37,N,0.0
1013,경영직원3,경영지원팀,2025-10-22,9:17,16:44,N,0.0
1013,경영직원3,경영지원팀,2025-10-23,8:39,19:18,N,0.0
1013,경영직원3,경영지원팀,2025-10-24,8:54,18:28,N,0.0
1013,경영직원3,경영지원팀,2025-10-27,8:51,17:39,N,0.0
1013,경영직원3,경영지원팀,2025-10-28,8:57,17:37,N,0.0
1013,경영직원3,경영지원팀,2025-10-29,8:56,18:01,N,0.0
1013,경영직원3,경영지원팀,2025-10-30,8:59,18:50,N,0.0
1013,경영직원3,경영지원팀,2025-10-31,8:40,18:14,N,0.0
1013,경영직원3,경영지원팀,2025-11-03,8:55,18:08,N,0.0
1013,경영직원3,경영지원팀,2025-11-04,8:54,18:45,N,0.0
1013,경영직원3,경영지원팀,2025-11-05,8:58,18:48,N,0.0
1013,경영직원3,경영지원팀,2025-11-06,9:00,18:36,N,0.0
1013,경영직원3,경영지원팀,2025-11-07,8:39,18:36,N,0.0
1013,경영직원3,경영지원팀,2025-11-10,9:03,19:18,N,0.0
1013,경영직원3,경영지원팀,2025-11-11,8:54,18:13,N,0.0
1013,경영직원3,경영지원팀,2025-11-12,8:44,18:07,N,0.0
1013,경영직원3,경영지원팀,2025-11-13,9:04,17:52,N,0.0
1013,경영직원3,경영지원팀,2025-11-14,9:03,18:51,N,0.0
1013,경영직원3,경영지원팀,2025-11-17,9:08,19:38,N,0.0
1013,경영직원3,경영지원팀,2025-11-18,9:13,18:32,N,0.0
1013,경영직원3,경영지원팀,2025-11-19,8:59,18:32,N,0.0
1013,경영직원3,경영지원팀,2025-11-20,9:41,19:04,N,0.38
1013,경영직원3,경영지원팀,2025-11-21,8:48,19:19,N,0.0
1013,경영직원3,경영지원팀,2025-11-24,8:46,18:56,N,0.0
1013,경영직원3,경영지원팀,2025-11-25,10:15,18:08,Y,0.0
1013,경영직원3,경영지원팀,2025-11-26,8:56,17:53,N,0.0
1013,경영직원3,경영지원팀,2025-11-27,9:11,17:09,N,0.0
1013,경영직원3,경영지원팀,2025-11-28,8:58,18:11,N,0.0
1013,경영직원3,경영지원팀,2025-12-01,8:54,18:30,N,0.0
1013,경영직원3,경영지원팀,2025-12-02,9:31,18:38,N,0.12
1013,경영직원3,경영지원팀,2025-12-03,8:33,18:39,N,0.0
1013,경영직원3,경영지원팀,2025-12-04,8:55,18:43,N,0.0
1013,경영직원3,경영지원팀,2025-12-05,8:40,17:35,N,0.0
1013,경영직원3,경영지원팀,2025-12-08,9:07,18:55,N,0.0
1013,경영직원3,경영지원팀,2025-12-09,9:07,17:17,N,0.0
1013,경영직원3,경영지원팀,2025-12-10,8:52,18:08,N,0.0
1013,경영직원3,경영지원팀,2025-12-11,9:53,18:37,N,0.0
1013,경영직원3,경영지원팀,2025-12-12,8:52,18:41,N,0.0
1013,경영직원3,경영지원팀,2025-12-15,8:42,18:27,N,0.0
1013,경영직원3,경영지원팀,2025-12-16,9:12,18:50,N,0.0
1013,경영직원3,경영지원팀,2025-12-17,9:16,18:15,N,0.0
1013,경영직원3,경영지원팀,2025-12-18,9:24,18:11,N,0.0
1013,경영직원3,경영지원팀,2025-12-19,8:58,19:08,N,0.0
1013,경영직원3,경영지원팀,2025-12-22,8:55,18:37,N,0.0
1013,경영직원3,경영지원팀,2025-12-23,8:41,19:34,N,0.0
1013,경영직원3,경영지원팀,2025-12-24,8:37,18:50,N,0.0
1013,경영직원3,경영지원팀,2025-12-25,8:46,18:30,N,0.0
1013,경영직원3,경영지원팀,2025-12-26,8:30,20:51,N,0.0
1013,경영직원3,경영지원팀,2025-12-29,8:57,17:36,N,0.0
1013,경영직원3,경영지원팀,2025-12-30,9:05,17:02,N,0.0
1013,경영직원3,경영지원팀,2025-12-31,9:08,17:18,N,0.0
1013,경영직원3,경영지원팀,2026-01-01,9:01,19:00,N,0.0
1013,경영직원3,경영지원팀,2026-01-02,10:08,19:00,Y,0.0
1013,경영직원3,경영지원팀,2026-01-05,8:38,20:19,N,0.0
1013,경영직원3,경영지원팀,2026-01-06,9:01,17:59,N,0.0
1013,경영직원3,경영지원팀,2026-01-07,8:59,17:33,N,0.0
1013,경영직원3,경영지원팀,2026-01-08,8:44,19:20,N,0.0
1013,경영직원3,경영지원팀,2026-01-09,8:59,18:51,N,0.0
1013,경영직원3,경영지원팀,2026-01-12,9:50,18:51,N,0.02
1013,경영직원3,경영지원팀,2026-01-13,8:56,19:38,N,0.0
1013,경영직원3,경영지원팀,2026-01-14,9:01,17:43,N,0.0
1013,경영직원3,경영지원팀,2026-01-15,8:50,17:30,N,0.0
1013,경영직원3,경영지원팀,2026-01-16,8:47,19:24,N,0.0
1013,경영직원3,경영지원팀,2026-01-19,8:52,18:52,N,0.0
1013,경영직원3,경영지원팀,2026-01-20,8:52,18:22,N,0.0
1013,경영직원3,경영지원팀,2026-01-21,8:45,17:47,N,0.0
1013,경영직원3,경영지원팀,2026-01-22,9:12,17:53,N,0.0
1013,경영직원3,경영지원팀,2026-01-23,8:46,18:31,N,0.0
1013,경영직원3,경영지원팀,2026-01-26,10:15,17:38,Y,0.0
1013,경영직원3,경영지원팀,2026-01-27,8:45,17:52,N,0.0
1013,경영직원3,경영지원팀,2026-01-28,9:05,17:56,N,0.0
1013,경영직원3,경영지원팀,2026-01-29,9:01,18:36,N,0.0
1013,경영직원3,경영지원팀,2026-01-30,9:45,19:02,N,0.28
1013,경영직원3,경영지원팀,2026-02-02,8:55,19:45,N,0.0
1013,경영직원3,경영지원팀,2026-02-03,8:47,18:40,N,0.0
1013,경영직원3,경영지원팀,2026-02-04,8:39,18:24,N,0.0
1013,경영직원3,경영지원팀,2026-02-05,8:49,18:21,N,0.0
1013,경영직원3,경영지원팀,2026-02-06,8:56,18:16,N,0.0
1013,경영직원3,경영지원팀,2026-02-09,8:52,19:52,N,0.0
1013,경영직원3,경영지원팀,2026-02-10,9:01,18:23,N,0.0
1013,경영직원3,경영지원팀,2026-02-11,9:07,18:43,N,0.0
1013,경영직원3,경영지원팀,2026-02-12,8:58,18:14,N,0.0
1013,경영직원3,경영지원팀,2026-02-13,9:04,17:40,N,0.0
1013,경영직원3,경영지원팀,2026-02-16,8:42,17:46,N,0.0
1013,경영직원3,경영지원팀,2026-02-17,9:10,17:20,N,0.0
1013,경영직원3,경영지원팀,2026-02-18,8:59,18:27,N,0.0
1013,경영직원3,경영지원팀,2026-02-19,8:50,17:37,N,0.0
1013,경영직원3,경영지원팀,2026-02-20,8:17,18:26,N,0.0
1013,경영직원3,경영지원팀,2026-02-23,9:15,17:40,N,0.0
1013,경영직원3,경영지원팀,2026-02-24,8:52,18:32,N,0.0
1013,경영직원3,경영지원팀,2026-02-25,8:39,18:28,N,0.0
1013,경영직원3,경영지원팀,2026-02-26,8:53,18:21,N,0.0
1013,경영직원3,경영지원팀,2026-02-27,9:08,18:51,N,0.0
1013,경영직원3,경영지원팀,2026-03-02,10:08,19:19,Y,0.0
1013,경영직원3,경영지원팀,2026-03-03,9:03,18:04,N,0.0
1013,경영직원3,경영지원팀,2026-03-04,8:43,18:11,N,0.0
1013,경영직원3,경영지원팀,2026-03-05,9:02,18:31,N,0.0
1013,경영직원3,경영지원팀,2026-03-06,10:06,18:43,Y,0.0
1013,경영직원3,경영지원팀,2026-03-09,8:58,18:53,N,0.0
1013,경영직원3,경영지원팀,2026-03-10,8:38,19:08,N,0.0
1013,경영직원3,경영지원팀,2026-03-11,8:40,18:26,N,0.0
1013,경영직원3,경영지원팀,2026-03-12,9:04,19:21,N,0.0
1013,경영직원3,경영지원팀,2026-03-13,8:35,18:45,N,0.0
1013,경영직원3,경영지원팀,2026-03-16,9:07,18:10,N,0.0
1013,경영직원3,경영지원팀,2026-03-17,10:06,18:14,Y,0.0
1013,경영직원3,경영지원팀,2026-03-18,10:36,18:47,Y,0.0
1013,경영직원3,경영지원팀,2026-03-19,8:59,18:59,N,0.0
1013,경영직원3,경영지원팀,2026-03-20,10:07,18:17,Y,0.0
1013,경영직원3,경영지원팀,2026-03-23,8:34,18:47,N,0.0
1013,경영직원3,경영지원팀,2026-03-24,10:39,18:49,Y,0.0
1013,경영직원3,경영지원팀,2026-03-25,8:52,17:58,N,0.0
1013,경영직원3,경영지원팀,2026-03-26,8:55,19:01,N,0.0
1013,경영직원3,경영지원팀,2026-03-27,10:10,18:07,Y,0.0
1013,경영직원3,경영지원팀,2026-03-30,8:54,18:47,N,0.0
1013,경영직원3,경영지원팀,2026-03-31,10:35,18:34,Y,0.0
1013,경영직원3,경영지원팀,2026-04-01,8:32,20:14,N,0.0
1013,경영직원3,경영지원팀,2026-04-02,8:55,18:35,N,0.0
1013,경영직원3,경영지원팀,2026-04-03,8:45,18:20,N,0.0
1013,경영직원3,경영지원팀,2026-04-06,9:43,18:02,N,0.0
1013,경영직원3,경영지원팀,2026-04-07,8:54,19:15,N,0.0
1013,경영직원3,경영지원팀,2026-04-08,8:55,17:46,N,0.0
1013,경영직원3,경영지원팀,2026-04-09,8:40,18:55,N,0.0
1013,경영직원3,경영지원팀,2026-04-10,10:10,20:40,Y,0.0
1013,경영직원3,경영지원팀,2026-04-13,9:14,20:11,N,0.0
1013,경영직원3,경영지원팀,2026-04-14,8:31,17:27,N,0.0
1013,경영직원3,경영지원팀,2026-04-15,8:24,19:08,N,0.0
1013,경영직원3,경영지원팀,2026-04-16,9:14,18:05,N,0.0
1013,경영직원3,경영지원팀,2026-04-17,8:59,18:29,N,0.0
1013,경영직원3,경영지원팀,2026-04-20,8:55,18:30,N,0.0
1013,경영직원3,경영지원팀,2026-04-21,9:21,17:49,N,0.0
1013,경영직원3,경영지원팀,2026-04-22,8:54,18:03,N,0.0
1013,경영직원3,경영지원팀,2026-04-23,8:29,19:34,N,0.0
1013,경영직원3,경영지원팀,2026-04-24,8:49,18:25,N,0.0
1013,경영직원3,경영지원팀,2026-04-27,9:11,17:42,N,0.0
1013,경영직원3,경영지원팀,2026-04-28,8:35,18:19,N,0.0
1013,경영직원3,경영지원팀,2026-04-29,9:15,18:55,N,0.0
1013,경영직원3,경영지원팀,2026-04-30,8:43,19:43,N,0.0
1013,경영직원3,경영지원팀,2026-05-01,10:17,17:33,Y,0.0
1013,경영직원3,경영지원팀,2026-05-04,8:54,19:19,N,0.0
1013,경영직원3,경영지원팀,2026-05-05,8:44,17:53,N,0.0
1013,경영직원3,경영지원팀,2026-05-06,8:51,17:10,N,0.0
1013,경영직원3,경영지원팀,2026-05-07,8:49,18:24,N,0.0
1013,경영직원3,경영지원팀,2026-05-08,8:53,19:17,N,0.0
1013,경영직원3,경영지원팀,2026-05-11,9:45,21:26,N,2.68
1013,경영직원3,경영지원팀,2026-05-12,9:47,21:35,N,2.8
1013,경영직원3,경영지원팀,2026-05-13,9:46,21:55,N,3.15
1013,경영직원3,경영지원팀,2026-05-14,9:47,22:08,N,3.35
1013,경영직원3,경영지원팀,2026-05-15,9:48,22:01,N,3.22
1013,경영직원3,경영지원팀,2026-05-18,9:49,21:41,N,2.87
1013,경영직원3,경영지원팀,2026-05-19,9:49,21:33,N,2.73
1013,경영직원3,경영지원팀,2026-05-20,9:54,21:53,N,2.98
1013,경영직원3,경영지원팀,2026-05-21,9:47,21:33,N,2.77
1013,경영직원3,경영지원팀,2026-05-22,9:58,21:41,N,2.72
1013,경영직원3,경영지원팀,2026-05-25,9:53,21:43,N,2.83
1013,경영직원3,경영지원팀,2026-05-26,9:48,21:36,N,2.8
1013,경영직원3,경영지원팀,2026-05-27,9:51,21:54,N,3.05
1013,경영직원3,경영지원팀,2026-05-28,9:51,21:25,N,2.57
1013,경영직원3,경영지원팀,2026-05-29,9:55,21:51,N,2.93
1013,경영직원3,경영지원팀,2026-06-01,9:48,21:56,N,3.13
1013,경영직원3,경영지원팀,2026-06-02,9:53,21:35,N,2.7
1013,경영직원3,경영지원팀,2026-06-03,9:50,22:05,N,3.25
1013,경영직원3,경영지원팀,2026-06-04,9:51,21:35,N,2.73
1013,경영직원3,경영지원팀,2026-06-05,9:51,21:38,N,2.78
1013,경영직원3,경영지원팀,2026-06-08,9:47,21:51,N,3.07
1013,경영직원3,경영지원팀,2026-06-09,9:48,21:28,N,2.67
1013,경영직원3,경영지원팀,2026-06-10,9:47,22:14,N,3.45
1013,경영직원3,경영지원팀,2026-06-11,9:48,21:32,N,2.73
1013,경영직원3,경영지원팀,2026-06-12,9:48,21:48,N,3.0
1013,경영직원3,경영지원팀,2026-06-15,9:44,22:08,N,3.4
1013,경영직원3,경영지원팀,2026-06-16,9:47,21:43,N,2.93
1013,경영직원3,경영지원팀,2026-06-17,9:47,21:57,N,3.17
1013,경영직원3,경영지원팀,2026-06-18,9:50,21:37,N,2.78
1013,경영직원3,경영지원팀,2026-06-19,9:47,21:27,N,2.67
1013,경영직원3,경영지원팀,2026-06-22,9:48,21:57,N,3.15
1013,경영직원3,경영지원팀,2026-06-23,9:46,21:38,N,2.87
1013,경영직원3,경영지원팀,2026-06-24,9:51,21:44,N,2.88
1013,경영직원3,경영지원팀,2026-06-25,9:52,21:38,N,2.77
1013,경영직원3,경영지원팀,2026-06-26,9:49,21:31,N,2.7
1013,경영직원3,경영지원팀,2026-06-29,9:49,21:47,N,2.97
1013,경영직원3,경영지원팀,2026-06-30,9:47,21:40,N,2.88
1013,경영직원3,경영지원팀,2026-07-01,9:49,22:13,N,3.4
1013,경영직원3,경영지원팀,2026-07-02,9:47,21:25,N,2.63
1013,경영직원3,경영지원팀,2026-07-03,9:49,21:50,N,3.02
1013,경영직원3,경영지원팀,2026-07-06,9:49,21:25,N,2.6
1013,경영직원3,경영지원팀,2026-07-07,9:50,21:41,N,2.85
1013,경영직원3,경영지원팀,2026-07-08,9:48,21:49,N,3.02
1013,경영직원3,경영지원팀,2026-07-09,9:48,21:48,N,3.0
1013,경영직원3,경영지원팀,2026-07-10,9:48,21:55,N,3.12
1013,경영직원3,경영지원팀,2026-07-13,9:50,21:46,N,2.93
1013,경영직원3,경영지원팀,2026-07-14,9:48,21:44,N,2.93
1013,경영직원3,경영지원팀,2026-07-15,9:56,21:55,N,2.98
1013,경영직원3,경영지원팀,2026-07-16,9:47,21:53,N,3.1
1013,경영직원3,경영지원팀,2026-07-17,9:50,22:01,N,3.18
1013,경영직원3,경영지원팀,2026-07-20,9:50,21:54,N,3.07
1013,경영직원3,경영지원팀,2026-07-21,9:49,21:12,N,2.38
1013,경영직원3,경영지원팀,2026-07-22,9:54,21:39,N,2.75
1013,경영직원3,경영지원팀,2026-07-23,9:50,21:59,N,3.15
1013,경영직원3,경영지원팀,2026-07-24,9:50,22:03,N,3.22
1013,경영직원3,경영지원팀,2026-07-27,9:50,21:23,N,2.55
1013,경영직원3,경영지원팀,2026-07-28,9:51,21:55,N,3.07
1013,경영직원3,경영지원팀,2026-07-29,9:49,21:23,N,2.57
1013,경영직원3,경영지원팀,2026-07-30,9:48,21:44,N,2.93
1013,경영직원3,경영지원팀,2026-07-31,9:52,21:44,N,2.87
1014,경영직원4,경영지원팀,2025-01-01,9:04,19:03,N,0.0
1014,경영직원4,경영지원팀,2025-01-02,8:48,18:36,N,0.0
1014,경영직원4,경영지원팀,2025-01-03,9:00,18:33,N,0.0
1014,경영직원4,경영지원팀,2025-01-06,8:38,17:51,N,0.0
1014,경영직원4,경영지원팀,2025-01-07,8:54,19:01,N,0.0
1014,경영직원4,경영지원팀,2025-01-08,9:03,17:39,N,0.0
1014,경영직원4,경영지원팀,2025-01-09,8:59,18:55,N,0.0
1014,경영직원4,경영지원팀,2025-01-10,9:21,19:35,N,0.0
1014,경영직원4,경영지원팀,2025-01-13,8:47,17:50,N,0.0
1014,경영직원4,경영지원팀,2025-01-14,9:06,17:02,N,0.0
1014,경영직원4,경영지원팀,2025-01-15,9:09,18:24,N,0.0
1014,경영직원4,경영지원팀,2025-01-16,9:10,18:46,N,0.0
1014,경영직원4,경영지원팀,2025-01-17,8:58,18:47,N,0.0
1014,경영직원4,경영지원팀,2025-01-20,9:03,18:32,N,0.0
1014,경영직원4,경영지원팀,2025-01-21,9:13,18:36,N,0.0
1014,경영직원4,경영지원팀,2025-01-22,8:49,18:37,N,0.0
1014,경영직원4,경영지원팀,2025-01-23,8:38,18:27,N,0.0
1014,경영직원4,경영지원팀,2025-01-24,8:34,18:04,N,0.0
1014,경영직원4,경영지원팀,2025-01-27,8:53,18:33,N,0.0
1014,경영직원4,경영지원팀,2025-01-28,8:51,19:07,N,0.0
1014,경영직원4,경영지원팀,2025-01-29,8:48,19:56,N,0.0
1014,경영직원4,경영지원팀,2025-01-30,8:28,17:59,N,0.0
1014,경영직원4,경영지원팀,2025-01-31,8:51,18:16,N,0.0
1014,경영직원4,경영지원팀,2025-02-03,9:08,18:43,N,0.0
1014,경영직원4,경영지원팀,2025-02-04,8:55,17:11,N,0.0
1014,경영직원4,경영지원팀,2025-02-05,8:58,19:02,N,0.0
1014,경영직원4,경영지원팀,2025-02-06,8:35,17:50,N,0.0
1014,경영직원4,경영지원팀,2025-02-07,9:02,18:35,N,0.0
1014,경영직원4,경영지원팀,2025-02-10,9:17,18:38,N,0.0
1014,경영직원4,경영지원팀,2025-02-11,8:59,19:05,N,0.0
1014,경영직원4,경영지원팀,2025-02-12,9:22,17:55,N,0.0
1014,경영직원4,경영지원팀,2025-02-13,8:50,18:36,N,0.0
1014,경영직원4,경영지원팀,2025-02-14,9:52,19:10,N,0.3
1014,경영직원4,경영지원팀,2025-02-17,8:58,18:05,N,0.0
1014,경영직원4,경영지원팀,2025-02-18,9:01,19:03,N,0.0
1014,경영직원4,경영지원팀,2025-02-19,8:48,19:12,N,0.0
1014,경영직원4,경영지원팀,2025-02-20,8:41,19:44,N,0.0
1014,경영직원4,경영지원팀,2025-02-21,8:36,19:13,N,0.0
1014,경영직원4,경영지원팀,2025-02-24,8:55,17:30,N,0.0
1014,경영직원4,경영지원팀,2025-02-25,9:08,18:23,N,0.0
1014,경영직원4,경영지원팀,2025-02-26,9:49,19:25,N,0.6
1014,경영직원4,경영지원팀,2025-02-27,9:54,18:05,N,0.0
1014,경영직원4,경영지원팀,2025-02-28,8:52,18:45,N,0.0
1014,경영직원4,경영지원팀,2025-03-03,9:09,18:22,N,0.0
1014,경영직원4,경영지원팀,2025-03-04,8:39,17:56,N,0.0
1014,경영직원4,경영지원팀,2025-03-05,9:37,18:58,N,0.35
1014,경영직원4,경영지원팀,2025-03-06,8:41,18:12,N,0.0
1014,경영직원4,경영지원팀,2025-03-07,9:05,19:03,N,0.0
1014,경영직원4,경영지원팀,2025-03-10,8:41,17:36,N,0.0
1014,경영직원4,경영지원팀,2025-03-11,9:16,18:43,N,0.0
1014,경영직원4,경영지원팀,2025-03-12,8:39,19:28,N,0.0
1014,경영직원4,경영지원팀,2025-03-13,8:57,18:24,N,0.0
1014,경영직원4,경영지원팀,2025-03-14,9:15,19:38,N,0.0
1014,경영직원4,경영지원팀,2025-03-17,9:09,17:43,N,0.0
1014,경영직원4,경영지원팀,2025-03-18,9:04,17:44,N,0.0
1014,경영직원4,경영지원팀,2025-03-19,8:58,18:07,N,0.0
1014,경영직원4,경영지원팀,2025-03-20,9:32,18:25,N,0.0
1014,경영직원4,경영지원팀,2025-03-21,8:54,19:00,N,0.0
1014,경영직원4,경영지원팀,2025-03-24,8:48,19:09,N,0.0
1014,경영직원4,경영지원팀,2025-03-25,9:00,17:50,N,0.0
1014,경영직원4,경영지원팀,2025-03-26,9:22,17:29,N,0.0
1014,경영직원4,경영지원팀,2025-03-27,9:00,18:51,N,0.0
1014,경영직원4,경영지원팀,2025-03-28,9:02,18:33,N,0.0
1014,경영직원4,경영지원팀,2025-03-31,8:49,18:55,N,0.0
1014,경영직원4,경영지원팀,2025-04-01,8:41,17:48,N,0.0
1014,경영직원4,경영지원팀,2025-04-02,8:44,18:07,N,0.0
1014,경영직원4,경영지원팀,2025-04-03,8:57,19:03,N,0.0
1014,경영직원4,경영지원팀,2025-04-04,8:51,17:20,N,0.0
1014,경영직원4,경영지원팀,2025-04-07,9:01,18:56,N,0.0
1014,경영직원4,경영지원팀,2025-04-08,8:50,18:27,N,0.0
1014,경영직원4,경영지원팀,2025-04-09,9:01,18:10,N,0.0
1014,경영직원4,경영지원팀,2025-04-10,9:03,18:47,N,0.0
1014,경영직원4,경영지원팀,2025-04-11,8:45,19:24,N,0.0
1014,경영직원4,경영지원팀,2025-04-14,9:11,18:51,N,0.0
1014,경영직원4,경영지원팀,2025-04-15,8:45,18:28,N,0.0
1014,경영직원4,경영지원팀,2025-04-16,8:52,19:07,N,0.0
1014,경영직원4,경영지원팀,2025-04-17,8:59,19:03,N,0.0
1014,경영직원4,경영지원팀,2025-04-18,8:47,18:03,N,0.0
1014,경영직원4,경영지원팀,2025-04-21,8:57,18:55,N,0.0
1014,경영직원4,경영지원팀,2025-04-22,8:43,18:56,N,0.0
1014,경영직원4,경영지원팀,2025-04-23,9:08,18:17,N,0.0
1014,경영직원4,경영지원팀,2025-04-24,9:32,17:20,N,0.0
1014,경영직원4,경영지원팀,2025-04-25,8:39,17:17,N,0.0
1014,경영직원4,경영지원팀,2025-04-28,8:59,18:56,N,0.0
1014,경영직원4,경영지원팀,2025-04-29,9:27,19:38,N,0.0
1014,경영직원4,경영지원팀,2025-04-30,9:09,18:12,N,0.0
1014,경영직원4,경영지원팀,2025-05-01,8:55,18:25,N,0.0
1014,경영직원4,경영지원팀,2025-05-02,10:26,17:59,Y,0.0
1014,경영직원4,경영지원팀,2025-05-05,9:07,18:46,N,0.0
1014,경영직원4,경영지원팀,2025-05-06,8:53,19:24,N,0.0
1014,경영직원4,경영지원팀,2025-05-07,8:52,18:44,N,0.0
1014,경영직원4,경영지원팀,2025-05-08,8:51,18:51,N,0.0
1014,경영직원4,경영지원팀,2025-05-09,8:58,19:18,N,0.0
1014,경영직원4,경영지원팀,2025-05-12,8:41,18:59,N,0.0
1014,경영직원4,경영지원팀,2025-05-13,10:19,17:25,Y,0.0
1014,경영직원4,경영지원팀,2025-05-14,9:07,18:42,N,0.0
1014,경영직원4,경영지원팀,2025-05-15,8:39,17:56,N,0.0
1014,경영직원4,경영지원팀,2025-05-16,9:45,18:27,N,0.0
1014,경영직원4,경영지원팀,2025-05-19,9:13,19:10,N,0.0
1014,경영직원4,경영지원팀,2025-05-20,9:02,17:57,N,0.0
1014,경영직원4,경영지원팀,2025-05-21,8:50,18:38,N,0.0
1014,경영직원4,경영지원팀,2025-05-22,8:48,17:37,N,0.0
1014,경영직원4,경영지원팀,2025-05-23,8:58,18:57,N,0.0
1014,경영직원4,경영지원팀,2025-05-26,8:45,18:25,N,0.0
1014,경영직원4,경영지원팀,2025-05-27,9:25,17:34,N,0.0
1014,경영직원4,경영지원팀,2025-05-28,9:05,18:42,N,0.0
1014,경영직원4,경영지원팀,2025-05-29,8:41,17:18,N,0.0
1014,경영직원4,경영지원팀,2025-05-30,8:58,19:44,N,0.0
1014,경영직원4,경영지원팀,2025-06-02,9:07,18:57,N,0.0
1014,경영직원4,경영지원팀,2025-06-03,9:41,18:43,N,0.03
1014,경영직원4,경영지원팀,2025-06-04,8:48,17:55,N,0.0
1014,경영직원4,경영지원팀,2025-06-05,9:18,19:05,N,0.0
1014,경영직원4,경영지원팀,2025-06-06,9:10,17:42,N,0.0
1014,경영직원4,경영지원팀,2025-06-09,8:54,19:37,N,0.0
1014,경영직원4,경영지원팀,2025-06-10,8:40,19:46,N,0.0
1014,경영직원4,경영지원팀,2025-06-11,9:17,18:59,N,0.0
1014,경영직원4,경영지원팀,2025-06-12,8:36,18:56,N,0.0
1014,경영직원4,경영지원팀,2025-06-13,8:47,18:15,N,0.0
1014,경영직원4,경영지원팀,2025-06-16,8:54,19:03,N,0.0
1014,경영직원4,경영지원팀,2025-06-17,8:58,19:02,N,0.0
1014,경영직원4,경영지원팀,2025-06-18,8:58,17:52,N,0.0
1014,경영직원4,경영지원팀,2025-06-19,9:21,17:32,N,0.0
1014,경영직원4,경영지원팀,2025-06-20,9:07,18:04,N,0.0
1014,경영직원4,경영지원팀,2025-06-23,9:15,18:54,N,0.0
1014,경영직원4,경영지원팀,2025-06-24,8:51,17:51,N,0.0
1014,경영직원4,경영지원팀,2025-06-25,8:52,18:44,N,0.0
1014,경영직원4,경영지원팀,2025-06-26,9:03,19:13,N,0.0
1014,경영직원4,경영지원팀,2025-06-27,8:58,18:30,N,0.0
1014,경영직원4,경영지원팀,2025-06-30,9:03,18:09,N,0.0
1014,경영직원4,경영지원팀,2025-07-01,9:50,18:09,N,0.0
1014,경영직원4,경영지원팀,2025-07-02,8:36,17:22,N,0.0
1014,경영직원4,경영지원팀,2025-07-03,8:40,18:45,N,0.0
1014,경영직원4,경영지원팀,2025-07-04,8:57,18:46,N,0.0
1014,경영직원4,경영지원팀,2025-07-07,8:53,19:05,N,0.0
1014,경영직원4,경영지원팀,2025-07-08,8:56,19:26,N,0.0
1014,경영직원4,경영지원팀,2025-07-09,10:23,18:08,Y,0.0
1014,경영직원4,경영지원팀,2025-07-10,8:46,17:59,N,0.0
1014,경영직원4,경영지원팀,2025-07-11,9:04,18:13,N,0.0
1014,경영직원4,경영지원팀,2025-07-14,8:51,20:04,N,0.0
1014,경영직원4,경영지원팀,2025-07-15,9:20,18:29,N,0.0
1014,경영직원4,경영지원팀,2025-07-16,9:05,19:48,N,0.0
1014,경영직원4,경영지원팀,2025-07-17,9:04,18:07,N,0.0
1014,경영직원4,경영지원팀,2025-07-18,9:18,18:35,N,0.0
1014,경영직원4,경영지원팀,2025-07-21,8:53,18:17,N,0.0
1014,경영직원4,경영지원팀,2025-07-22,8:42,19:38,N,0.0
1014,경영직원4,경영지원팀,2025-07-23,9:04,18:09,N,0.0
1014,경영직원4,경영지원팀,2025-07-24,8:48,17:40,N,0.0
1014,경영직원4,경영지원팀,2025-07-25,9:03,18:06,N,0.0
1014,경영직원4,경영지원팀,2025-07-28,9:16,18:50,N,0.0
1014,경영직원4,경영지원팀,2025-07-29,8:47,18:39,N,0.0
1014,경영직원4,경영지원팀,2025-07-30,8:51,18:22,N,0.0
1014,경영직원4,경영지원팀,2025-07-31,8:54,17:30,N,0.0
1014,경영직원4,경영지원팀,2025-08-01,9:10,17:59,N,0.0
1014,경영직원4,경영지원팀,2025-08-04,9:27,19:03,N,0.0
1014,경영직원4,경영지원팀,2025-08-05,8:51,18:04,N,0.0
1014,경영직원4,경영지원팀,2025-08-06,8:53,18:03,N,0.0
1014,경영직원4,경영지원팀,2025-08-07,9:02,18:51,N,0.0
1014,경영직원4,경영지원팀,2025-08-08,9:03,18:35,N,0.0
1014,경영직원4,경영지원팀,2025-08-11,9:49,18:08,N,0.0
1014,경영직원4,경영지원팀,2025-08-12,10:18,17:25,Y,0.0
1014,경영직원4,경영지원팀,2025-08-13,8:50,18:18,N,0.0
1014,경영직원4,경영지원팀,2025-08-14,8:40,17:22,N,0.0
1014,경영직원4,경영지원팀,2025-08-15,9:01,19:14,N,0.0
1014,경영직원4,경영지원팀,2025-08-18,8:55,17:02,N,0.0
1014,경영직원4,경영지원팀,2025-08-19,8:53,18:40,N,0.0
1014,경영직원4,경영지원팀,2025-08-20,9:07,18:38,N,0.0
1014,경영직원4,경영지원팀,2025-08-21,8:56,18:27,N,0.0
1014,경영직원4,경영지원팀,2025-08-22,9:48,17:10,N,0.0
1014,경영직원4,경영지원팀,2025-08-25,9:06,19:16,N,0.0
1014,경영직원4,경영지원팀,2025-08-26,9:00,18:18,N,0.0
1014,경영직원4,경영지원팀,2025-08-27,8:55,18:32,N,0.0
1014,경영직원4,경영지원팀,2025-08-28,9:08,18:03,N,0.0
1014,경영직원4,경영지원팀,2025-08-29,8:37,18:02,N,0.0
1014,경영직원4,경영지원팀,2025-09-01,8:41,17:00,N,0.0
1014,경영직원4,경영지원팀,2025-09-02,8:39,18:30,N,0.0
1014,경영직원4,경영지원팀,2025-09-03,8:55,17:34,N,0.0
1014,경영직원4,경영지원팀,2025-09-04,9:11,18:16,N,0.0
1014,경영직원4,경영지원팀,2025-09-05,9:02,18:37,N,0.0
1014,경영직원4,경영지원팀,2025-09-08,8:50,18:07,N,0.0
1014,경영직원4,경영지원팀,2025-09-09,9:01,18:37,N,0.0
1014,경영직원4,경영지원팀,2025-09-10,9:00,18:35,N,0.0
1014,경영직원4,경영지원팀,2025-09-11,8:58,19:28,N,0.0
1014,경영직원4,경영지원팀,2025-09-12,8:48,18:38,N,0.0
1014,경영직원4,경영지원팀,2025-09-15,8:45,19:29,N,0.0
1014,경영직원4,경영지원팀,2025-09-16,9:31,18:57,N,0.43
1014,경영직원4,경영지원팀,2025-09-17,9:12,17:42,N,0.0
1014,경영직원4,경영지원팀,2025-09-18,9:37,19:37,N,1.0
1014,경영직원4,경영지원팀,2025-09-19,8:55,19:10,N,0.0
1014,경영직원4,경영지원팀,2025-09-22,8:47,19:20,N,0.0
1014,경영직원4,경영지원팀,2025-09-23,9:16,18:07,N,0.0
1014,경영직원4,경영지원팀,2025-09-24,9:00,18:59,N,0.0
1014,경영직원4,경영지원팀,2025-09-25,8:50,19:57,N,0.0
1014,경영직원4,경영지원팀,2025-09-26,8:47,18:33,N,0.0
1014,경영직원4,경영지원팀,2025-09-29,8:15,19:13,N,0.0
1014,경영직원4,경영지원팀,2025-09-30,8:53,18:40,N,0.0
1014,경영직원4,경영지원팀,2025-10-01,8:51,17:55,N,0.0
1014,경영직원4,경영지원팀,2025-10-02,8:48,20:04,N,0.0
1014,경영직원4,경영지원팀,2025-10-03,9:03,17:50,N,0.0
1014,경영직원4,경영지원팀,2025-10-06,8:33,18:46,N,0.0
1014,경영직원4,경영지원팀,2025-10-07,8:50,18:14,N,0.0
1014,경영직원4,경영지원팀,2025-10-08,8:54,18:21,N,0.0
1014,경영직원4,경영지원팀,2025-10-09,8:55,19:13,N,0.0
1014,경영직원4,경영지원팀,2025-10-10,8:55,18:16,N,0.0
1014,경영직원4,경영지원팀,2025-10-13,9:00,18:06,N,0.0
1014,경영직원4,경영지원팀,2025-10-14,8:52,18:47,N,0.0
1014,경영직원4,경영지원팀,2025-10-15,8:53,18:26,N,0.0
1014,경영직원4,경영지원팀,2025-10-16,8:47,19:29,N,0.0
1014,경영직원4,경영지원팀,2025-10-17,8:43,19:24,N,0.0
1014,경영직원4,경영지원팀,2025-10-20,8:44,17:50,N,0.0
1014,경영직원4,경영지원팀,2025-10-21,8:49,18:02,N,0.0
1014,경영직원4,경영지원팀,2025-10-22,8:54,18:14,N,0.0
1014,경영직원4,경영지원팀,2025-10-23,8:53,18:04,N,0.0
1014,경영직원4,경영지원팀,2025-10-24,9:13,17:28,N,0.0
1014,경영직원4,경영지원팀,2025-10-27,8:58,18:18,N,0.0
1014,경영직원4,경영지원팀,2025-10-28,10:25,18:25,Y,0.0
1014,경영직원4,경영지원팀,2025-10-29,8:56,19:19,N,0.0
1014,경영직원4,경영지원팀,2025-10-30,8:48,18:13,N,0.0
1014,경영직원4,경영지원팀,2025-10-31,8:34,19:37,N,0.0
1014,경영직원4,경영지원팀,2025-11-03,8:32,17:47,N,0.0
1014,경영직원4,경영지원팀,2025-11-04,8:49,20:10,N,0.0
1014,경영직원4,경영지원팀,2025-11-05,9:00,18:35,N,0.0
1014,경영직원4,경영지원팀,2025-11-06,9:04,19:28,N,0.0
1014,경영직원4,경영지원팀,2025-11-07,9:09,18:46,N,0.0
1014,경영직원4,경영지원팀,2025-11-10,8:38,18:17,N,0.0
1014,경영직원4,경영지원팀,2025-11-11,8:57,19:28,N,0.0
1014,경영직원4,경영지원팀,2025-11-12,8:54,19:02,N,0.0
1014,경영직원4,경영지원팀,2025-11-13,8:53,18:57,N,0.0
1014,경영직원4,경영지원팀,2025-11-14,8:54,17:41,N,0.0
1014,경영직원4,경영지원팀,2025-11-17,8:28,19:16,N,0.0
1014,경영직원4,경영지원팀,2025-11-18,8:48,18:14,N,0.0
1014,경영직원4,경영지원팀,2025-11-19,9:34,18:24,N,0.0
1014,경영직원4,경영지원팀,2025-11-20,8:35,17:16,N,0.0
1014,경영직원4,경영지원팀,2025-11-21,8:30,18:24,N,0.0
1014,경영직원4,경영지원팀,2025-11-24,8:48,18:59,N,0.0
1014,경영직원4,경영지원팀,2025-11-25,9:04,19:25,N,0.0
1014,경영직원4,경영지원팀,2025-11-26,8:47,18:11,N,0.0
1014,경영직원4,경영지원팀,2025-11-27,9:00,18:32,N,0.0
1014,경영직원4,경영지원팀,2025-11-28,8:40,19:00,N,0.0
1014,경영직원4,경영지원팀,2025-12-01,8:46,20:25,N,0.0
1014,경영직원4,경영지원팀,2025-12-02,10:23,18:32,Y,0.0
1014,경영직원4,경영지원팀,2025-12-03,8:57,19:44,N,0.0
1014,경영직원4,경영지원팀,2025-12-04,8:38,19:38,N,0.0
1014,경영직원4,경영지원팀,2025-12-05,8:48,18:25,N,0.0
1014,경영직원4,경영지원팀,2025-12-08,9:02,18:33,N,0.0
1014,경영직원4,경영지원팀,2025-12-09,8:33,19:11,N,0.0
1014,경영직원4,경영지원팀,2025-12-10,8:54,17:45,N,0.0
1014,경영직원4,경영지원팀,2025-12-11,8:36,17:40,N,0.0
1014,경영직원4,경영지원팀,2025-12-12,8:54,17:40,N,0.0
1014,경영직원4,경영지원팀,2025-12-15,8:57,17:59,N,0.0
1014,경영직원4,경영지원팀,2025-12-16,8:53,17:15,N,0.0
1014,경영직원4,경영지원팀,2025-12-17,10:13,18:12,Y,0.0
1014,경영직원4,경영지원팀,2025-12-18,8:59,19:34,N,0.0
1014,경영직원4,경영지원팀,2025-12-19,8:34,18:43,N,0.0
1014,경영직원4,경영지원팀,2025-12-22,8:55,19:48,N,0.0
1014,경영직원4,경영지원팀,2025-12-23,8:34,19:09,N,0.0
1014,경영직원4,경영지원팀,2025-12-24,8:52,18:38,N,0.0
1014,경영직원4,경영지원팀,2025-12-25,8:52,18:11,N,0.0
1014,경영직원4,경영지원팀,2025-12-26,8:59,18:42,N,0.0
1014,경영직원4,경영지원팀,2025-12-29,10:19,17:54,Y,0.0
1014,경영직원4,경영지원팀,2025-12-30,8:55,17:59,N,0.0
1014,경영직원4,경영지원팀,2025-12-31,8:43,18:45,N,0.0
1014,경영직원4,경영지원팀,2026-01-01,8:48,17:40,N,0.0
1014,경영직원4,경영지원팀,2026-01-02,8:56,19:11,N,0.0
1014,경영직원4,경영지원팀,2026-01-05,9:50,18:10,N,0.0
1014,경영직원4,경영지원팀,2026-01-06,8:50,18:52,N,0.0
1014,경영직원4,경영지원팀,2026-01-07,8:45,18:38,N,0.0
1014,경영직원4,경영지원팀,2026-01-08,8:50,18:27,N,0.0
1014,경영직원4,경영지원팀,2026-01-09,9:16,19:27,N,0.0
1014,경영직원4,경영지원팀,2026-01-12,8:45,17:56,N,0.0
1014,경영직원4,경영지원팀,2026-01-13,8:51,19:08,N,0.0
1014,경영직원4,경영지원팀,2026-01-14,9:03,18:38,N,0.0
1014,경영직원4,경영지원팀,2026-01-15,8:52,19:20,N,0.0
1014,경영직원4,경영지원팀,2026-01-16,8:49,19:15,N,0.0
1014,경영직원4,경영지원팀,2026-01-19,9:04,17:48,N,0.0
1014,경영직원4,경영지원팀,2026-01-20,8:40,18:15,N,0.0
1014,경영직원4,경영지원팀,2026-01-21,8:37,18:09,N,0.0
1014,경영직원4,경영지원팀,2026-01-22,9:00,18:58,N,0.0
1014,경영직원4,경영지원팀,2026-01-23,8:31,19:01,N,0.0
1014,경영직원4,경영지원팀,2026-01-26,8:52,19:50,N,0.0
1014,경영직원4,경영지원팀,2026-01-27,8:48,18:10,N,0.0
1014,경영직원4,경영지원팀,2026-01-28,9:01,20:02,N,0.0
1014,경영직원4,경영지원팀,2026-01-29,9:52,17:59,N,0.0
1014,경영직원4,경영지원팀,2026-01-30,9:15,19:05,N,0.0
1014,경영직원4,경영지원팀,2026-02-02,8:42,18:22,N,0.0
1014,경영직원4,경영지원팀,2026-02-03,8:52,17:52,N,0.0
1014,경영직원4,경영지원팀,2026-02-04,8:51,17:01,N,0.0
1014,경영직원4,경영지원팀,2026-02-05,8:53,19:05,N,0.0
1014,경영직원4,경영지원팀,2026-02-06,8:33,17:45,N,0.0
1014,경영직원4,경영지원팀,2026-02-09,8:52,19:38,N,0.0
1014,경영직원4,경영지원팀,2026-02-10,8:35,17:16,N,0.0
1014,경영직원4,경영지원팀,2026-02-11,8:55,19:08,N,0.0
1014,경영직원4,경영지원팀,2026-02-12,9:02,17:58,N,0.0
1014,경영직원4,경영지원팀,2026-02-13,8:43,18:03,N,0.0
1014,경영직원4,경영지원팀,2026-02-16,9:02,18:40,N,0.0
1014,경영직원4,경영지원팀,2026-02-17,9:04,18:47,N,0.0
1014,경영직원4,경영지원팀,2026-02-18,8:29,18:10,N,0.0
1014,경영직원4,경영지원팀,2026-02-19,9:20,17:47,N,0.0
1014,경영직원4,경영지원팀,2026-02-20,8:53,18:46,N,0.0
1014,경영직원4,경영지원팀,2026-02-23,8:56,17:36,N,0.0
1014,경영직원4,경영지원팀,2026-02-24,9:09,18:10,N,0.0
1014,경영직원4,경영지원팀,2026-02-25,8:59,18:08,N,0.0
1014,경영직원4,경영지원팀,2026-02-26,8:55,19:13,N,0.0
1014,경영직원4,경영지원팀,2026-02-27,9:02,18:59,N,0.0
1014,경영직원4,경영지원팀,2026-03-02,10:19,18:27,Y,0.0
1014,경영직원4,경영지원팀,2026-03-03,10:22,19:25,Y,0.0
1014,경영직원4,경영지원팀,2026-03-04,8:50,19:46,N,0.0
1014,경영직원4,경영지원팀,2026-03-05,8:37,18:15,N,0.0
1014,경영직원4,경영지원팀,2026-03-06,10:30,19:01,Y,0.0
1014,경영직원4,경영지원팀,2026-03-09,10:35,18:15,Y,0.0
1014,경영직원4,경영지원팀,2026-03-10,8:53,17:43,N,0.0
1014,경영직원4,경영지원팀,2026-03-11,10:36,19:50,Y,0.0
1014,경영직원4,경영지원팀,2026-03-12,10:14,18:04,Y,0.0
1014,경영직원4,경영지원팀,2026-03-13,9:04,18:23,N,0.0
1014,경영직원4,경영지원팀,2026-03-16,10:32,17:50,Y,0.0
1014,경영직원4,경영지원팀,2026-03-17,9:45,19:05,N,0.33
1014,경영직원4,경영지원팀,2026-03-18,10:22,18:02,Y,0.0
1014,경영직원4,경영지원팀,2026-03-19,10:29,18:42,Y,0.0
1014,경영직원4,경영지원팀,2026-03-20,10:13,17:35,Y,0.0
1014,경영직원4,경영지원팀,2026-03-23,9:02,19:37,N,0.0
1014,경영직원4,경영지원팀,2026-03-24,9:54,19:26,N,0.53
1014,경영직원4,경영지원팀,2026-03-25,9:02,19:05,N,0.0
1014,경영직원4,경영지원팀,2026-03-26,9:59,17:51,N,0.0
1014,경영직원4,경영지원팀,2026-03-27,9:30,19:12,N,0.7
1014,경영직원4,경영지원팀,2026-03-30,10:12,17:31,Y,0.0
1014,경영직원4,경영지원팀,2026-03-31,10:02,17:07,Y,0.0
1014,경영직원4,경영지원팀,2026-04-01,8:57,19:21,N,0.0
1014,경영직원4,경영지원팀,2026-04-02,8:56,18:02,N,0.0
1014,경영직원4,경영지원팀,2026-04-03,9:01,17:32,N,0.0
1014,경영직원4,경영지원팀,2026-04-06,8:56,18:39,N,0.0
1014,경영직원4,경영지원팀,2026-04-07,8:47,18:55,N,0.0
1014,경영직원4,경영지원팀,2026-04-08,8:43,18:25,N,0.0
1014,경영직원4,경영지원팀,2026-04-09,9:12,18:39,N,0.0
1014,경영직원4,경영지원팀,2026-04-10,8:45,17:56,N,0.0
1014,경영직원4,경영지원팀,2026-04-13,9:03,18:57,N,0.0
1014,경영직원4,경영지원팀,2026-04-14,9:06,17:19,N,0.0
1014,경영직원4,경영지원팀,2026-04-15,9:00,18:17,N,0.0
1014,경영직원4,경영지원팀,2026-04-16,8:47,17:21,N,0.0
1014,경영직원4,경영지원팀,2026-04-17,8:36,17:33,N,0.0
1014,경영직원4,경영지원팀,2026-04-20,8:59,18:59,N,0.0
1014,경영직원4,경영지원팀,2026-04-21,8:46,17:19,N,0.0
1014,경영직원4,경영지원팀,2026-04-22,8:56,19:06,N,0.0
1014,경영직원4,경영지원팀,2026-04-23,8:50,18:37,N,0.0
1014,경영직원4,경영지원팀,2026-04-24,9:06,18:38,N,0.0
1014,경영직원4,경영지원팀,2026-04-27,8:42,18:15,N,0.0
1014,경영직원4,경영지원팀,2026-04-28,8:44,19:00,N,0.0
1014,경영직원4,경영지원팀,2026-04-29,8:56,17:17,N,0.0
1014,경영직원4,경영지원팀,2026-04-30,8:56,18:40,N,0.0
1014,경영직원4,경영지원팀,2026-05-01,9:33,18:40,N,0.12
1014,경영직원4,경영지원팀,2026-05-04,8:59,20:17,N,0.0
1014,경영직원4,경영지원팀,2026-05-05,8:45,19:28,N,0.0
1014,경영직원4,경영지원팀,2026-05-06,8:50,18:37,N,0.0
1014,경영직원4,경영지원팀,2026-05-07,8:59,17:51,N,0.0
1014,경영직원4,경영지원팀,2026-05-08,8:35,18:21,N,0.0
1014,경영직원4,경영지원팀,2026-05-11,8:45,18:38,N,0.0
1014,경영직원4,경영지원팀,2026-05-12,8:41,18:30,N,0.0
1014,경영직원4,경영지원팀,2026-05-13,8:48,18:57,N,0.0
1014,경영직원4,경영지원팀,2026-05-14,8:53,19:26,N,0.0
1014,경영직원4,경영지원팀,2026-05-15,9:19,17:33,N,0.0
1014,경영직원4,경영지원팀,2026-05-18,8:54,17:54,N,0.0
1014,경영직원4,경영지원팀,2026-05-19,9:34,19:48,N,1.23
1014,경영직원4,경영지원팀,2026-05-20,8:53,18:17,N,0.0
1014,경영직원4,경영지원팀,2026-05-21,8:37,18:46,N,0.0
1014,경영직원4,경영지원팀,2026-05-22,8:49,17:57,N,0.0
1014,경영직원4,경영지원팀,2026-05-25,9:01,16:56,N,0.0
1014,경영직원4,경영지원팀,2026-05-26,8:29,17:42,N,0.0
1014,경영직원4,경영지원팀,2026-05-27,8:33,19:26,N,0.0
1014,경영직원4,경영지원팀,2026-05-28,8:42,18:34,N,0.0
1014,경영직원4,경영지원팀,2026-05-29,8:50,17:58,N,0.0
1014,경영직원4,경영지원팀,2026-06-01,8:53,18:11,N,0.0
1014,경영직원4,경영지원팀,2026-06-02,8:55,17:55,N,0.0
1014,경영직원4,경영지원팀,2026-06-03,8:55,19:35,N,0.0
1014,경영직원4,경영지원팀,2026-06-04,8:48,18:27,N,0.0
1014,경영직원4,경영지원팀,2026-06-05,8:56,18:37,N,0.0
1014,경영직원4,경영지원팀,2026-06-08,9:06,19:35,N,0.0
1014,경영직원4,경영지원팀,2026-06-09,9:02,18:39,N,0.0
1014,경영직원4,경영지원팀,2026-06-10,9:17,18:20,N,0.0
1014,경영직원4,경영지원팀,2026-06-11,8:58,18:33,N,0.0
1014,경영직원4,경영지원팀,2026-06-12,8:51,17:24,N,0.0
1014,경영직원4,경영지원팀,2026-06-15,8:46,18:09,N,0.0
1014,경영직원4,경영지원팀,2026-06-16,8:45,18:27,N,0.0
1014,경영직원4,경영지원팀,2026-06-17,8:50,19:01,N,0.0
1014,경영직원4,경영지원팀,2026-06-18,8:49,20:02,N,0.0
1014,경영직원4,경영지원팀,2026-06-19,8:57,18:20,N,0.0
1014,경영직원4,경영지원팀,2026-06-22,8:39,18:08,N,0.0
1014,경영직원4,경영지원팀,2026-06-23,9:08,18:48,N,0.0
1014,경영직원4,경영지원팀,2026-06-24,9:34,19:11,N,0.62
1014,경영직원4,경영지원팀,2026-06-25,9:35,18:08,N,0.0
1014,경영직원4,경영지원팀,2026-06-26,9:49,18:39,N,0.0
1014,경영직원4,경영지원팀,2026-06-29,8:48,18:30,N,0.0
1014,경영직원4,경영지원팀,2026-06-30,8:57,18:42,N,0.0
1014,경영직원4,경영지원팀,2026-07-01,8:55,19:33,N,0.0
1014,경영직원4,경영지원팀,2026-07-02,8:45,17:59,N,0.0
1014,경영직원4,경영지원팀,2026-07-03,8:51,18:33,N,0.0
1014,경영직원4,경영지원팀,2026-07-06,8:50,18:32,N,0.0
1014,경영직원4,경영지원팀,2026-07-07,9:01,18:11,N,0.0
1014,경영직원4,경영지원팀,2026-07-08,9:02,18:27,N,0.0
1014,경영직원4,경영지원팀,2026-07-09,8:39,19:13,N,0.0
1014,경영직원4,경영지원팀,2026-07-10,8:46,19:14,N,0.0
1014,경영직원4,경영지원팀,2026-07-13,8:42,17:49,N,0.0
1014,경영직원4,경영지원팀,2026-07-14,8:56,19:26,N,0.0
1014,경영직원4,경영지원팀,2026-07-15,8:44,17:51,N,0.0
1014,경영직원4,경영지원팀,2026-07-16,8:52,18:04,N,0.0
1014,경영직원4,경영지원팀,2026-07-17,8:46,18:01,N,0.0
1014,경영직원4,경영지원팀,2026-07-20,9:09,18:39,N,0.0
1014,경영직원4,경영지원팀,2026-07-21,8:45,18:12,N,0.0
1014,경영직원4,경영지원팀,2026-07-22,8:59,18:48,N,0.0
1014,경영직원4,경영지원팀,2026-07-23,8:53,18:36,N,0.0
1014,경영직원4,경영지원팀,2026-07-24,8:58,18:00,N,0.0
1014,경영직원4,경영지원팀,2026-07-27,8:41,17:34,N,0.0
1014,경영직원4,경영지원팀,2026-07-28,8:58,18:30,N,0.0
1014,경영직원4,경영지원팀,2026-07-29,9:08,18:21,N,0.0
1014,경영직원4,경영지원팀,2026-07-30,8:35,18:11,N,0.0
1014,경영직원4,경영지원팀,2026-07-31,8:51,19:11,N,0.0
1015,경영직원5,경영지원팀,2025-01-01,8:44,19:58,N,0.0
1015,경영직원5,경영지원팀,2025-01-02,9:02,19:50,N,0.0
1015,경영직원5,경영지원팀,2025-01-03,9:04,18:28,N,0.0
1015,경영직원5,경영지원팀,2025-01-06,9:03,18:34,N,0.0
1015,경영직원5,경영지원팀,2025-01-07,8:56,18:56,N,0.0
1015,경영직원5,경영지원팀,2025-01-08,8:47,18:50,N,0.0
1015,경영직원5,경영지원팀,2025-01-09,9:00,19:11,N,0.0
1015,경영직원5,경영지원팀,2025-01-10,9:06,17:55,N,0.0
1015,경영직원5,경영지원팀,2025-01-13,8:44,18:13,N,0.0
1015,경영직원5,경영지원팀,2025-01-14,9:05,18:41,N,0.0
1015,경영직원5,경영지원팀,2025-01-15,9:06,18:31,N,0.0
1015,경영직원5,경영지원팀,2025-01-16,8:41,18:21,N,0.0
1015,경영직원5,경영지원팀,2025-01-17,8:47,18:43,N,0.0
1015,경영직원5,경영지원팀,2025-01-20,8:51,19:00,N,0.0
1015,경영직원5,경영지원팀,2025-01-21,9:08,17:27,N,0.0
1015,경영직원5,경영지원팀,2025-01-22,8:46,18:06,N,0.0
1015,경영직원5,경영지원팀,2025-01-23,8:50,18:04,N,0.0
1015,경영직원5,경영지원팀,2025-01-24,8:55,17:08,N,0.0
1015,경영직원5,경영지원팀,2025-01-27,8:52,18:57,N,0.0
1015,경영직원5,경영지원팀,2025-01-28,8:59,17:20,N,0.0
1015,경영직원5,경영지원팀,2025-01-29,9:06,19:05,N,0.0
1015,경영직원5,경영지원팀,2025-01-30,8:55,19:24,N,0.0
1015,경영직원5,경영지원팀,2025-01-31,9:03,18:19,N,0.0
1015,경영직원5,경영지원팀,2025-02-03,8:51,19:21,N,0.0
1015,경영직원5,경영지원팀,2025-02-04,8:53,18:33,N,0.0
1015,경영직원5,경영지원팀,2025-02-05,9:04,17:36,N,0.0
1015,경영직원5,경영지원팀,2025-02-06,8:57,19:22,N,0.0
1015,경영직원5,경영지원팀,2025-02-07,9:08,19:16,N,0.0
1015,경영직원5,경영지원팀,2025-02-10,8:58,19:21,N,0.0
1015,경영직원5,경영지원팀,2025-02-11,8:39,17:25,N,0.0
1015,경영직원5,경영지원팀,2025-02-12,9:00,18:22,N,0.0
1015,경영직원5,경영지원팀,2025-02-13,9:35,18:01,N,0.0
1015,경영직원5,경영지원팀,2025-02-14,8:50,18:34,N,0.0
1015,경영직원5,경영지원팀,2025-02-17,9:07,17:37,N,0.0
1015,경영직원5,경영지원팀,2025-02-18,8:47,19:44,N,0.0
1015,경영직원5,경영지원팀,2025-02-19,8:50,19:31,N,0.0
1015,경영직원5,경영지원팀,2025-02-20,8:43,19:31,N,0.0
1015,경영직원5,경영지원팀,2025-02-21,8:55,18:19,N,0.0
1015,경영직원5,경영지원팀,2025-02-24,9:39,18:22,N,0.0
1015,경영직원5,경영지원팀,2025-02-25,9:07,18:50,N,0.0
1015,경영직원5,경영지원팀,2025-02-26,8:52,17:21,N,0.0
1015,경영직원5,경영지원팀,2025-02-27,8:45,18:27,N,0.0
1015,경영직원5,경영지원팀,2025-02-28,8:43,19:18,N,0.0
1015,경영직원5,경영지원팀,2025-03-03,9:07,19:20,N,0.0
1015,경영직원5,경영지원팀,2025-03-04,8:36,18:08,N,0.0
1015,경영직원5,경영지원팀,2025-03-05,8:50,17:36,N,0.0
1015,경영직원5,경영지원팀,2025-03-06,8:38,17:50,N,0.0
1015,경영직원5,경영지원팀,2025-03-07,8:50,19:18,N,0.0
1015,경영직원5,경영지원팀,2025-03-10,8:47,18:27,N,0.0
1015,경영직원5,경영지원팀,2025-03-11,9:06,18:27,N,0.0
1015,경영직원5,경영지원팀,2025-03-12,9:05,18:54,N,0.0
1015,경영직원5,경영지원팀,2025-03-13,8:59,17:32,N,0.0
1015,경영직원5,경영지원팀,2025-03-14,9:13,19:00,N,0.0
1015,경영직원5,경영지원팀,2025-03-17,9:15,18:19,N,0.0
1015,경영직원5,경영지원팀,2025-03-18,8:49,18:45,N,0.0
1015,경영직원5,경영지원팀,2025-03-19,9:07,17:41,N,0.0
1015,경영직원5,경영지원팀,2025-03-20,9:37,19:02,N,0.42
1015,경영직원5,경영지원팀,2025-03-21,8:52,17:49,N,0.0
1015,경영직원5,경영지원팀,2025-03-24,8:46,17:37,N,0.0
1015,경영직원5,경영지원팀,2025-03-25,8:52,18:27,N,0.0
1015,경영직원5,경영지원팀,2025-03-26,9:18,17:33,N,0.0
1015,경영직원5,경영지원팀,2025-03-27,8:53,18:08,N,0.0
1015,경영직원5,경영지원팀,2025-03-28,8:43,19:05,N,0.0
1015,경영직원5,경영지원팀,2025-03-31,10:29,18:35,Y,0.0
1015,경영직원5,경영지원팀,2025-04-01,8:50,17:06,N,0.0
1015,경영직원5,경영지원팀,2025-04-02,10:09,18:36,Y,0.0
1015,경영직원5,경영지원팀,2025-04-03,9:02,18:36,N,0.0
1015,경영직원5,경영지원팀,2025-04-04,9:03,19:11,N,0.0
1015,경영직원5,경영지원팀,2025-04-07,8:52,18:39,N,0.0
1015,경영직원5,경영지원팀,2025-04-08,8:28,17:55,N,0.0
1015,경영직원5,경영지원팀,2025-04-09,8:48,19:07,N,0.0
1015,경영직원5,경영지원팀,2025-04-10,9:13,17:24,N,0.0
1015,경영직원5,경영지원팀,2025-04-11,8:59,19:16,N,0.0
1015,경영직원5,경영지원팀,2025-04-14,8:55,18:24,N,0.0
1015,경영직원5,경영지원팀,2025-04-15,9:40,16:49,N,0.0
1015,경영직원5,경영지원팀,2025-04-16,9:16,18:50,N,0.0
1015,경영직원5,경영지원팀,2025-04-17,8:48,18:28,N,0.0
1015,경영직원5,경영지원팀,2025-04-18,10:23,19:14,Y,0.0
1015,경영직원5,경영지원팀,2025-04-21,9:12,17:49,N,0.0
1015,경영직원5,경영지원팀,2025-04-22,9:00,17:50,N,0.0
1015,경영직원5,경영지원팀,2025-04-23,8:57,17:35,N,0.0
1015,경영직원5,경영지원팀,2025-04-24,8:58,18:02,N,0.0
1015,경영직원5,경영지원팀,2025-04-25,9:02,19:20,N,0.0
1015,경영직원5,경영지원팀,2025-04-28,9:17,19:10,N,0.0
1015,경영직원5,경영지원팀,2025-04-29,8:53,17:39,N,0.0
1015,경영직원5,경영지원팀,2025-04-30,8:46,18:32,N,0.0
1015,경영직원5,경영지원팀,2025-05-01,8:48,16:53,N,0.0
1015,경영직원5,경영지원팀,2025-05-02,9:02,18:54,N,0.0
1015,경영직원5,경영지원팀,2025-05-05,10:26,17:32,Y,0.0
1015,경영직원5,경영지원팀,2025-05-06,8:45,18:32,N,0.0
1015,경영직원5,경영지원팀,2025-05-07,8:49,19:26,N,0.0
1015,경영직원5,경영지원팀,2025-05-08,8:50,19:06,N,0.0
1015,경영직원5,경영지원팀,2025-05-09,8:58,18:59,N,0.0
1015,경영직원5,경영지원팀,2025-05-12,8:46,18:03,N,0.0
1015,경영직원5,경영지원팀,2025-05-13,8:42,19:42,N,0.0
1015,경영직원5,경영지원팀,2025-05-14,8:49,17:59,N,0.0
1015,경영직원5,경영지원팀,2025-05-15,8:44,17:42,N,0.0
1015,경영직원5,경영지원팀,2025-05-16,9:03,18:53,N,0.0
1015,경영직원5,경영지원팀,2025-05-19,8:52,17:46,N,0.0
1015,경영직원5,경영지원팀,2025-05-20,9:06,18:59,N,0.0
1015,경영직원5,경영지원팀,2025-05-21,8:45,18:07,N,0.0
1015,경영직원5,경영지원팀,2025-05-22,8:56,18:52,N,0.0
1015,경영직원5,경영지원팀,2025-05-23,8:51,20:06,N,0.0
1015,경영직원5,경영지원팀,2025-05-26,9:02,18:07,N,0.0
1015,경영직원5,경영지원팀,2025-05-27,9:05,18:09,N,0.0
1015,경영직원5,경영지원팀,2025-05-28,8:29,18:48,N,0.0
1015,경영직원5,경영지원팀,2025-05-29,9:02,18:49,N,0.0
1015,경영직원5,경영지원팀,2025-05-30,9:09,18:35,N,0.0
1015,경영직원5,경영지원팀,2025-06-02,8:49,18:49,N,0.0
1015,경영직원5,경영지원팀,2025-06-03,8:54,18:00,N,0.0
1015,경영직원5,경영지원팀,2025-06-04,8:54,18:14,N,0.0
1015,경영직원5,경영지원팀,2025-06-05,8:43,17:45,N,0.0
1015,경영직원5,경영지원팀,2025-06-06,8:43,19:05,N,0.0
1015,경영직원5,경영지원팀,2025-06-09,9:56,18:03,N,0.0
1015,경영직원5,경영지원팀,2025-06-10,8:47,17:22,N,0.0
1015,경영직원5,경영지원팀,2025-06-11,8:45,18:08,N,0.0
1015,경영직원5,경영지원팀,2025-06-12,8:48,18:09,N,0.0
1015,경영직원5,경영지원팀,2025-06-13,8:39,17:52,N,0.0
1015,경영직원5,경영지원팀,2025-06-16,8:59,18:41,N,0.0
1015,경영직원5,경영지원팀,2025-06-17,9:18,17:35,N,0.0
1015,경영직원5,경영지원팀,2025-06-18,8:55,19:21,N,0.0
1015,경영직원5,경영지원팀,2025-06-19,9:18,18:40,N,0.0
1015,경영직원5,경영지원팀,2025-06-20,9:00,18:46,N,0.0
1015,경영직원5,경영지원팀,2025-06-23,8:51,18:01,N,0.0
1015,경영직원5,경영지원팀,2025-06-24,8:32,19:37,N,0.0
1015,경영직원5,경영지원팀,2025-06-25,8:54,18:27,N,0.0
1015,경영직원5,경영지원팀,2025-06-26,9:06,20:12,N,0.0
1015,경영직원5,경영지원팀,2025-06-27,8:30,19:00,N,0.0
1015,경영직원5,경영지원팀,2025-06-30,9:46,18:55,N,0.15
1015,경영직원5,경영지원팀,2025-07-01,8:43,18:35,N,0.0
1015,경영직원5,경영지원팀,2025-07-02,8:54,18:31,N,0.0
1015,경영직원5,경영지원팀,2025-07-03,8:53,18:02,N,0.0
1015,경영직원5,경영지원팀,2025-07-04,8:36,19:31,N,0.0
1015,경영직원5,경영지원팀,2025-07-07,9:03,18:40,N,0.0
1015,경영직원5,경영지원팀,2025-07-08,8:42,18:22,N,0.0
1015,경영직원5,경영지원팀,2025-07-09,8:47,18:17,N,0.0
1015,경영직원5,경영지원팀,2025-07-10,8:49,18:27,N,0.0
1015,경영직원5,경영지원팀,2025-07-11,8:42,17:45,N,0.0
1015,경영직원5,경영지원팀,2025-07-14,8:59,19:12,N,0.0
1015,경영직원5,경영지원팀,2025-07-15,9:18,18:46,N,0.0
1015,경영직원5,경영지원팀,2025-07-16,8:55,18:08,N,0.0
1015,경영직원5,경영지원팀,2025-07-17,8:53,19:07,N,0.0
1015,경영직원5,경영지원팀,2025-07-18,8:56,18:59,N,0.0
1015,경영직원5,경영지원팀,2025-07-21,9:08,17:54,N,0.0
1015,경영직원5,경영지원팀,2025-07-22,9:16,18:20,N,0.0
1015,경영직원5,경영지원팀,2025-07-23,8:56,18:06,N,0.0
1015,경영직원5,경영지원팀,2025-07-24,9:11,18:33,N,0.0
1015,경영직원5,경영지원팀,2025-07-25,9:03,18:52,N,0.0
1015,경영직원5,경영지원팀,2025-07-28,8:39,18:05,N,0.0
1015,경영직원5,경영지원팀,2025-07-29,8:47,18:48,N,0.0
1015,경영직원5,경영지원팀,2025-07-30,9:06,18:01,N,0.0
1015,경영직원5,경영지원팀,2025-07-31,9:51,17:42,N,0.0
1015,경영직원5,경영지원팀,2025-08-01,9:01,18:45,N,0.0
1015,경영직원5,경영지원팀,2025-08-04,8:43,17:34,N,0.0
1015,경영직원5,경영지원팀,2025-08-05,9:38,17:20,N,0.0
1015,경영직원5,경영지원팀,2025-08-06,8:44,18:38,N,0.0
1015,경영직원5,경영지원팀,2025-08-07,8:51,18:40,N,0.0
1015,경영직원5,경영지원팀,2025-08-08,9:01,18:37,N,0.0
1015,경영직원5,경영지원팀,2025-08-11,8:59,17:02,N,0.0
1015,경영직원5,경영지원팀,2025-08-12,8:53,18:13,N,0.0
1015,경영직원5,경영지원팀,2025-08-13,8:59,17:49,N,0.0
1015,경영직원5,경영지원팀,2025-08-14,9:02,18:44,N,0.0
1015,경영직원5,경영지원팀,2025-08-15,8:51,17:59,N,0.0
1015,경영직원5,경영지원팀,2025-08-18,8:53,16:57,N,0.0
1015,경영직원5,경영지원팀,2025-08-19,9:18,19:01,N,0.0
1015,경영직원5,경영지원팀,2025-08-20,9:42,17:38,N,0.0
1015,경영직원5,경영지원팀,2025-08-21,9:19,17:51,N,0.0
1015,경영직원5,경영지원팀,2025-08-22,8:46,17:55,N,0.0
1015,경영직원5,경영지원팀,2025-08-25,8:34,18:20,N,0.0
1015,경영직원5,경영지원팀,2025-08-26,8:48,18:05,N,0.0
1015,경영직원5,경영지원팀,2025-08-27,8:54,17:20,N,0.0
1015,경영직원5,경영지원팀,2025-08-28,8:49,18:38,N,0.0
1015,경영직원5,경영지원팀,2025-08-29,9:01,19:19,N,0.0
1015,경영직원5,경영지원팀,2025-09-01,8:48,18:38,N,0.0
1015,경영직원5,경영지원팀,2025-09-02,8:59,19:01,N,0.0
1015,경영직원5,경영지원팀,2025-09-03,10:10,18:45,Y,0.0
1015,경영직원5,경영지원팀,2025-09-04,9:02,19:02,N,0.0
1015,경영직원5,경영지원팀,2025-09-05,8:53,17:07,N,0.0
1015,경영직원5,경영지원팀,2025-09-08,8:53,18:23,N,0.0
1015,경영직원5,경영지원팀,2025-09-09,8:49,18:12,N,0.0
1015,경영직원5,경영지원팀,2025-09-10,8:50,17:44,N,0.0
1015,경영직원5,경영지원팀,2025-09-11,8:46,17:46,N,0.0
1015,경영직원5,경영지원팀,2025-09-12,8:48,18:03,N,0.0
1015,경영직원5,경영지원팀,2025-09-15,8:54,18:57,N,0.0
1015,경영직원5,경영지원팀,2025-09-16,8:56,17:34,N,0.0
1015,경영직원5,경영지원팀,2025-09-17,9:05,18:26,N,0.0
1015,경영직원5,경영지원팀,2025-09-18,8:50,18:37,N,0.0
1015,경영직원5,경영지원팀,2025-09-19,9:01,18:05,N,0.0
1015,경영직원5,경영지원팀,2025-09-22,8:52,18:24,N,0.0
1015,경영직원5,경영지원팀,2025-09-23,8:58,18:19,N,0.0
1015,경영직원5,경영지원팀,2025-09-24,9:19,18:27,N,0.0
1015,경영직원5,경영지원팀,2025-09-25,8:54,17:56,N,0.0
1015,경영직원5,경영지원팀,2025-09-26,8:29,17:46,N,0.0
1015,경영직원5,경영지원팀,2025-09-29,8:43,18:19,N,0.0
1015,경영직원5,경영지원팀,2025-09-30,8:52,18:22,N,0.0
1015,경영직원5,경영지원팀,2025-10-01,8:48,18:02,N,0.0
1015,경영직원5,경영지원팀,2025-10-02,8:58,19:40,N,0.0
1015,경영직원5,경영지원팀,2025-10-03,8:23,19:08,N,0.0
1015,경영직원5,경영지원팀,2025-10-06,8:43,18:54,N,0.0
1015,경영직원5,경영지원팀,2025-10-07,8:25,17:04,N,0.0
1015,경영직원5,경영지원팀,2025-10-08,8:57,18:19,N,0.0
1015,경영직원5,경영지원팀,2025-10-09,9:00,17:19,N,0.0
1015,경영직원5,경영지원팀,2025-10-10,8:49,17:57,N,0.0
1015,경영직원5,경영지원팀,2025-10-13,9:01,17:58,N,0.0
1015,경영직원5,경영지원팀,2025-10-14,8:59,18:45,N,0.0
1015,경영직원5,경영지원팀,2025-10-15,8:55,18:06,N,0.0
1015,경영직원5,경영지원팀,2025-10-16,8:54,18:25,N,0.0
1015,경영직원5,경영지원팀,2025-10-17,8:48,19:07,N,0.0
1015,경영직원5,경영지원팀,2025-10-20,8:39,19:05,N,0.0
1015,경영직원5,경영지원팀,2025-10-21,8:47,19:00,N,0.0
1015,경영직원5,경영지원팀,2025-10-22,8:43,19:30,N,0.0
1015,경영직원5,경영지원팀,2025-10-23,8:47,17:19,N,0.0
1015,경영직원5,경영지원팀,2025-10-24,9:09,18:39,N,0.0
1015,경영직원5,경영지원팀,2025-10-27,8:57,18:17,N,0.0
1015,경영직원5,경영지원팀,2025-10-28,8:32,17:28,N,0.0
1015,경영직원5,경영지원팀,2025-10-29,8:34,19:15,N,0.0
1015,경영직원5,경영지원팀,2025-10-30,8:37,18:48,N,0.0
1015,경영직원5,경영지원팀,2025-10-31,8:57,18:49,N,0.0
1015,경영직원5,경영지원팀,2025-11-03,8:53,18:17,N,0.0
1015,경영직원5,경영지원팀,2025-11-04,8:44,17:46,N,0.0
1015,경영직원5,경영지원팀,2025-11-05,8:47,18:16,N,0.0
1015,경영직원5,경영지원팀,2025-11-06,8:44,18:29,N,0.0
1015,경영직원5,경영지원팀,2025-11-07,8:52,18:22,N,0.0
1015,경영직원5,경영지원팀,2025-11-10,8:36,18:05,N,0.0
1015,경영직원5,경영지원팀,2025-11-11,8:33,18:34,N,0.0
1015,경영직원5,경영지원팀,2025-11-12,8:38,18:40,N,0.0
1015,경영직원5,경영지원팀,2025-11-13,8:49,18:13,N,0.0
1015,경영직원5,경영지원팀,2025-11-14,9:08,19:05,N,0.0
1015,경영직원5,경영지원팀,2025-11-17,8:51,18:23,N,0.0
1015,경영직원5,경영지원팀,2025-11-18,9:07,18:35,N,0.0
1015,경영직원5,경영지원팀,2025-11-19,8:35,17:41,N,0.0
1015,경영직원5,경영지원팀,2025-11-20,8:47,18:14,N,0.0
1015,경영직원5,경영지원팀,2025-11-21,8:50,16:44,N,0.0
1015,경영직원5,경영지원팀,2025-11-24,9:11,18:34,N,0.0
1015,경영직원5,경영지원팀,2025-11-25,8:39,18:33,N,0.0
1015,경영직원5,경영지원팀,2025-11-26,8:55,17:31,N,0.0
1015,경영직원5,경영지원팀,2025-11-27,8:59,17:33,N,0.0
1015,경영직원5,경영지원팀,2025-11-28,8:48,18:23,N,0.0
1015,경영직원5,경영지원팀,2025-12-01,9:04,18:49,N,0.0
1015,경영직원5,경영지원팀,2025-12-02,9:10,18:16,N,0.0
1015,경영직원5,경영지원팀,2025-12-03,9:06,18:55,N,0.0
1015,경영직원5,경영지원팀,2025-12-04,8:42,18:47,N,0.0
1015,경영직원5,경영지원팀,2025-12-05,9:13,16:15,N,0.0
1015,경영직원5,경영지원팀,2025-12-08,8:46,18:21,N,0.0
1015,경영직원5,경영지원팀,2025-12-09,8:53,19:24,N,0.0
1015,경영직원5,경영지원팀,2025-12-10,8:56,17:50,N,0.0
1015,경영직원5,경영지원팀,2025-12-11,10:00,18:26,N,0.0
1015,경영직원5,경영지원팀,2025-12-12,9:13,16:49,N,0.0
1015,경영직원5,경영지원팀,2025-12-15,9:03,19:04,N,0.0
1015,경영직원5,경영지원팀,2025-12-16,8:50,19:22,N,0.0
1015,경영직원5,경영지원팀,2025-12-17,10:27,17:59,Y,0.0
1015,경영직원5,경영지원팀,2025-12-18,8:52,18:18,N,0.0
1015,경영직원5,경영지원팀,2025-12-19,8:59,17:43,N,0.0
1015,경영직원5,경영지원팀,2025-12-22,8:49,19:21,N,0.0
1015,경영직원5,경영지원팀,2025-12-23,8:39,18:05,N,0.0
1015,경영직원5,경영지원팀,2025-12-24,9:15,17:42,N,0.0
1015,경영직원5,경영지원팀,2025-12-25,8:41,19:49,N,0.0
1015,경영직원5,경영지원팀,2025-12-26,8:24,17:20,N,0.0
1015,경영직원5,경영지원팀,2025-12-29,9:59,19:10,N,0.18
1015,경영직원5,경영지원팀,2025-12-30,9:01,17:03,N,0.0
1015,경영직원5,경영지원팀,2025-12-31,9:36,19:05,N,0.48
1015,경영직원5,경영지원팀,2026-01-01,8:58,18:21,N,0.0
1015,경영직원5,경영지원팀,2026-01-02,8:49,18:36,N,0.0
1015,경영직원5,경영지원팀,2026-01-05,8:43,19:53,N,0.0
1015,경영직원5,경영지원팀,2026-01-06,8:39,18:55,N,0.0
1015,경영직원5,경영지원팀,2026-01-07,9:00,19:20,N,0.0
1015,경영직원5,경영지원팀,2026-01-08,8:25,18:56,N,0.0
1015,경영직원5,경영지원팀,2026-01-09,8:48,19:34,N,0.0
1015,경영직원5,경영지원팀,2026-01-12,9:01,19:19,N,0.0
1015,경영직원5,경영지원팀,2026-01-13,8:45,19:13,N,0.0
1015,경영직원5,경영지원팀,2026-01-14,9:15,19:25,N,0.0
1015,경영직원5,경영지원팀,2026-01-15,8:58,17:47,N,0.0
1015,경영직원5,경영지원팀,2026-01-16,9:38,19:13,N,0.58
1015,경영직원5,경영지원팀,2026-01-19,8:44,20:09,N,0.0
1015,경영직원5,경영지원팀,2026-01-20,8:52,18:23,N,0.0
1015,경영직원5,경영지원팀,2026-01-21,8:39,17:04,N,0.0
1015,경영직원5,경영지원팀,2026-01-22,9:15,17:58,N,0.0
1015,경영직원5,경영지원팀,2026-01-23,8:53,18:40,N,0.0
1015,경영직원5,경영지원팀,2026-01-26,8:56,18:10,N,0.0
1015,경영직원5,경영지원팀,2026-01-27,8:45,18:02,N,0.0
1015,경영직원5,경영지원팀,2026-01-28,8:49,19:08,N,0.0
1015,경영직원5,경영지원팀,2026-01-29,9:02,18:20,N,0.0
1015,경영직원5,경영지원팀,2026-01-30,8:50,18:54,N,0.0
1015,경영직원5,경영지원팀,2026-02-02,8:48,17:53,N,0.0
1015,경영직원5,경영지원팀,2026-02-03,9:45,17:59,N,0.0
1015,경영직원5,경영지원팀,2026-02-04,9:19,18:13,N,0.0
1015,경영직원5,경영지원팀,2026-02-05,9:15,18:37,N,0.0
1015,경영직원5,경영지원팀,2026-02-06,9:07,19:12,N,0.0
1015,경영직원5,경영지원팀,2026-02-09,8:36,18:12,N,0.0
1015,경영직원5,경영지원팀,2026-02-10,9:07,18:53,N,0.0
1015,경영직원5,경영지원팀,2026-02-11,9:03,19:19,N,0.0
1015,경영직원5,경영지원팀,2026-02-12,9:06,18:27,N,0.0
1015,경영직원5,경영지원팀,2026-02-13,8:54,18:47,N,0.0
1015,경영직원5,경영지원팀,2026-02-16,9:00,19:32,N,0.0
1015,경영직원5,경영지원팀,2026-02-17,8:34,18:35,N,0.0
1015,경영직원5,경영지원팀,2026-02-18,9:15,19:15,N,0.0
1015,경영직원5,경영지원팀,2026-02-19,8:52,18:22,N,0.0
1015,경영직원5,경영지원팀,2026-02-20,9:12,17:52,N,0.0
1015,경영직원5,경영지원팀,2026-02-23,8:44,18:14,N,0.0
1015,경영직원5,경영지원팀,2026-02-24,9:04,18:18,N,0.0
1015,경영직원5,경영지원팀,2026-02-25,8:48,19:20,N,0.0
1015,경영직원5,경영지원팀,2026-02-26,9:13,19:05,N,0.0
1015,경영직원5,경영지원팀,2026-02-27,9:04,17:57,N,0.0
1015,경영직원5,경영지원팀,2026-03-02,10:04,18:01,Y,0.0
1015,경영직원5,경영지원팀,2026-03-03,10:18,18:11,Y,0.0
1015,경영직원5,경영지원팀,2026-03-04,10:10,17:33,Y,0.0
1015,경영직원5,경영지원팀,2026-03-05,9:08,17:43,N,0.0
1015,경영직원5,경영지원팀,2026-03-06,10:38,17:23,Y,0.0
1015,경영직원5,경영지원팀,2026-03-09,10:19,17:41,Y,0.0
1015,경영직원5,경영지원팀,2026-03-10,10:33,18:23,Y,0.0
1015,경영직원5,경영지원팀,2026-03-11,10:06,18:50,Y,0.0
1015,경영직원5,경영지원팀,2026-03-12,9:02,18:41,N,0.0
1015,경영직원5,경영지원팀,2026-03-13,8:48,18:14,N,0.0
1015,경영직원5,경영지원팀,2026-03-16,8:29,18:26,N,0.0
1015,경영직원5,경영지원팀,2026-03-17,8:50,18:49,N,0.0
1015,경영직원5,경영지원팀,2026-03-18,10:05,19:19,Y,0.0
1015,경영직원5,경영지원팀,2026-03-19,10:14,19:12,Y,0.0
1015,경영직원5,경영지원팀,2026-03-20,8:53,17:44,N,0.0
1015,경영직원5,경영지원팀,2026-03-23,10:28,19:00,Y,0.0
1015,경영직원5,경영지원팀,2026-03-24,10:06,18:59,Y,0.0
1015,경영직원5,경영지원팀,2026-03-25,10:26,18:43,Y,0.0
1015,경영직원5,경영지원팀,2026-03-26,10:26,18:43,Y,0.0
1015,경영직원5,경영지원팀,2026-03-27,10:28,18:11,Y,0.0
1015,경영직원5,경영지원팀,2026-03-30,8:58,18:22,N,0.0
1015,경영직원5,경영지원팀,2026-03-31,10:39,18:31,Y,0.0
1015,경영직원5,경영지원팀,2026-04-01,8:39,18:36,N,0.0
1015,경영직원5,경영지원팀,2026-04-02,8:57,20:02,N,0.0
1015,경영직원5,경영지원팀,2026-04-03,9:04,19:23,N,0.0
1015,경영직원5,경영지원팀,2026-04-06,8:42,18:56,N,0.0
1015,경영직원5,경영지원팀,2026-04-07,8:59,18:59,N,0.0
1015,경영직원5,경영지원팀,2026-04-08,9:14,18:03,N,0.0
1015,경영직원5,경영지원팀,2026-04-09,8:55,17:03,N,0.0
1015,경영직원5,경영지원팀,2026-04-10,8:52,17:37,N,0.0
1015,경영직원5,경영지원팀,2026-04-13,8:32,17:59,N,0.0
1015,경영직원5,경영지원팀,2026-04-14,9:03,18:07,N,0.0
1015,경영직원5,경영지원팀,2026-04-15,8:46,19:09,N,0.0
1015,경영직원5,경영지원팀,2026-04-16,8:53,17:13,N,0.0
1015,경영직원5,경영지원팀,2026-04-17,10:05,19:29,Y,0.0
1015,경영직원5,경영지원팀,2026-04-20,9:03,17:32,N,0.0
1015,경영직원5,경영지원팀,2026-04-21,8:50,18:19,N,0.0
1015,경영직원5,경영지원팀,2026-04-22,8:51,18:04,N,0.0
1015,경영직원5,경영지원팀,2026-04-23,8:53,19:24,N,0.0
1015,경영직원5,경영지원팀,2026-04-24,8:35,19:29,N,0.0
1015,경영직원5,경영지원팀,2026-04-27,8:46,18:56,N,0.0
1015,경영직원5,경영지원팀,2026-04-28,8:50,18:55,N,0.0
1015,경영직원5,경영지원팀,2026-04-29,9:00,17:29,N,0.0
1015,경영직원5,경영지원팀,2026-04-30,9:04,20:23,N,0.0
1015,경영직원5,경영지원팀,2026-05-01,8:53,18:41,N,0.0
1015,경영직원5,경영지원팀,2026-05-04,9:46,18:55,N,0.15
1015,경영직원5,경영지원팀,2026-05-05,8:55,17:12,N,0.0
1015,경영직원5,경영지원팀,2026-05-06,9:02,18:44,N,0.0
1015,경영직원5,경영지원팀,2026-05-07,8:40,18:32,N,0.0
1015,경영직원5,경영지원팀,2026-05-08,9:08,18:03,N,0.0
1015,경영직원5,경영지원팀,2026-05-11,9:16,18:40,N,0.0
1015,경영직원5,경영지원팀,2026-05-12,9:10,17:32,N,0.0
1015,경영직원5,경영지원팀,2026-05-13,9:07,17:27,N,0.0
1015,경영직원5,경영지원팀,2026-05-14,8:44,18:12,N,0.0
1015,경영직원5,경영지원팀,2026-05-15,9:12,17:20,N,0.0
1015,경영직원5,경영지원팀,2026-05-18,8:58,19:39,N,0.0
1015,경영직원5,경영지원팀,2026-05-19,8:59,17:59,N,0.0
1015,경영직원5,경영지원팀,2026-05-20,8:55,17:22,N,0.0
1015,경영직원5,경영지원팀,2026-05-21,8:54,17:21,N,0.0
1015,경영직원5,경영지원팀,2026-05-22,9:01,19:26,N,0.0
1015,경영직원5,경영지원팀,2026-05-25,9:53,19:07,N,0.23
1015,경영직원5,경영지원팀,2026-05-26,9:05,18:56,N,0.0
1015,경영직원5,경영지원팀,2026-05-27,8:59,19:06,N,0.0
1015,경영직원5,경영지원팀,2026-05-28,9:06,19:23,N,0.0
1015,경영직원5,경영지원팀,2026-05-29,9:12,18:31,N,0.0
1015,경영직원5,경영지원팀,2026-06-01,9:07,18:16,N,0.0
1015,경영직원5,경영지원팀,2026-06-02,8:45,19:08,N,0.0
1015,경영직원5,경영지원팀,2026-06-03,9:03,18:27,N,0.0
1015,경영직원5,경영지원팀,2026-06-04,8:59,18:40,N,0.0
1015,경영직원5,경영지원팀,2026-06-05,9:07,19:47,N,0.0
1015,경영직원5,경영지원팀,2026-06-08,8:39,18:03,N,0.0
1015,경영직원5,경영지원팀,2026-06-09,8:53,18:57,N,0.0
1015,경영직원5,경영지원팀,2026-06-10,9:04,17:52,N,0.0
1015,경영직원5,경영지원팀,2026-06-11,9:10,18:31,N,0.0
1015,경영직원5,경영지원팀,2026-06-12,9:06,18:34,N,0.0
1015,경영직원5,경영지원팀,2026-06-15,8:55,17:54,N,0.0
1015,경영직원5,경영지원팀,2026-06-16,9:16,18:47,N,0.0
1015,경영직원5,경영지원팀,2026-06-17,8:54,18:14,N,0.0
1015,경영직원5,경영지원팀,2026-06-18,9:12,18:10,N,0.0
1015,경영직원5,경영지원팀,2026-06-19,9:05,17:45,N,0.0
1015,경영직원5,경영지원팀,2026-06-22,8:47,18:34,N,0.0
1015,경영직원5,경영지원팀,2026-06-23,8:49,18:32,N,0.0
1015,경영직원5,경영지원팀,2026-06-24,9:25,17:49,N,0.0
1015,경영직원5,경영지원팀,2026-06-25,8:35,18:05,N,0.0
1015,경영직원5,경영지원팀,2026-06-26,9:35,18:34,N,0.0
1015,경영직원5,경영지원팀,2026-06-29,8:36,19:02,N,0.0
1015,경영직원5,경영지원팀,2026-06-30,9:21,18:32,N,0.0
1015,경영직원5,경영지원팀,2026-07-01,8:43,18:24,N,0.0
1015,경영직원5,경영지원팀,2026-07-02,9:12,18:56,N,0.0
1015,경영직원5,경영지원팀,2026-07-03,9:00,18:34,N,0.0
1015,경영직원5,경영지원팀,2026-07-06,8:26,18:53,N,0.0
1015,경영직원5,경영지원팀,2026-07-07,8:59,19:17,N,0.0
1015,경영직원5,경영지원팀,2026-07-08,9:05,18:10,N,0.0
1015,경영직원5,경영지원팀,2026-07-09,9:25,18:14,N,0.0
1015,경영직원5,경영지원팀,2026-07-10,9:51,18:28,N,0.0
1015,경영직원5,경영지원팀,2026-07-13,8:54,18:37,N,0.0
1015,경영직원5,경영지원팀,2026-07-14,9:04,18:35,N,0.0
1015,경영직원5,경영지원팀,2026-07-15,9:01,18:51,N,0.0
1015,경영직원5,경영지원팀,2026-07-16,8:48,18:27,N,0.0
1015,경영직원5,경영지원팀,2026-07-17,9:00,18:34,N,0.0
1015,경영직원5,경영지원팀,2026-07-20,9:05,19:10,N,0.0
1015,경영직원5,경영지원팀,2026-07-21,8:56,17:54,N,0.0
1015,경영직원5,경영지원팀,2026-07-22,9:00,19:07,N,0.0
1015,경영직원5,경영지원팀,2026-07-23,8:41,19:57,N,0.0
1015,경영직원5,경영지원팀,2026-07-24,8:49,18:53,N,0.0
1015,경영직원5,경영지원팀,2026-07-27,9:08,19:14,N,0.0
1015,경영직원5,경영지원팀,2026-07-28,8:49,19:16,N,0.0
1015,경영직원5,경영지원팀,2026-07-29,8:40,18:48,N,0.0
1015,경영직원5,경영지원팀,2026-07-30,8:48,17:58,N,0.0
1015,경영직원5,경영지원팀,2026-07-31,9:12,18:41,N,0.0
1016,마케직원1,마케팅팀,2025-01-01,8:49,18:48,N,0.0
1016,마케직원1,마케팅팀,2025-01-02,9:11,17:41,N,0.0
1016,마케직원1,마케팅팀,2025-01-03,8:49,19:00,N,0.0
1016,마케직원1,마케팅팀,2025-01-06,9:02,18:21,N,0.0
1016,마케직원1,마케팅팀,2025-01-07,9:14,18:58,N,0.0
1016,마케직원1,마케팅팀,2025-01-08,9:22,18:35,N,0.0
1016,마케직원1,마케팅팀,2025-01-09,8:29,18:42,N,0.0
1016,마케직원1,마케팅팀,2025-01-10,9:07,17:59,N,0.0
1016,마케직원1,마케팅팀,2025-01-13,9:06,18:37,N,0.0
1016,마케직원1,마케팅팀,2025-01-14,9:04,19:00,N,0.0
1016,마케직원1,마케팅팀,2025-01-15,8:55,18:36,N,0.0
1016,마케직원1,마케팅팀,2025-01-16,8:55,19:04,N,0.0
1016,마케직원1,마케팅팀,2025-01-17,8:51,18:02,N,0.0
1016,마케직원1,마케팅팀,2025-01-20,9:47,17:58,N,0.0
1016,마케직원1,마케팅팀,2025-01-21,9:01,18:53,N,0.0
1016,마케직원1,마케팅팀,2025-01-22,9:04,18:37,N,0.0
1016,마케직원1,마케팅팀,2025-01-23,9:06,19:40,N,0.0
1016,마케직원1,마케팅팀,2025-01-24,8:40,17:48,N,0.0
1016,마케직원1,마케팅팀,2025-01-27,8:53,18:31,N,0.0
1016,마케직원1,마케팅팀,2025-01-28,8:58,18:35,N,0.0
1016,마케직원1,마케팅팀,2025-01-29,8:46,17:19,N,0.0
1016,마케직원1,마케팅팀,2025-01-30,8:48,18:20,N,0.0
1016,마케직원1,마케팅팀,2025-01-31,8:59,17:14,N,0.0
1016,마케직원1,마케팅팀,2025-02-03,9:07,18:46,N,0.0
1016,마케직원1,마케팅팀,2025-02-04,9:08,19:02,N,0.0
1016,마케직원1,마케팅팀,2025-02-05,8:55,17:39,N,0.0
1016,마케직원1,마케팅팀,2025-02-06,8:38,17:55,N,0.0
1016,마케직원1,마케팅팀,2025-02-07,8:53,16:35,N,0.0
1016,마케직원1,마케팅팀,2025-02-10,8:47,18:17,N,0.0
1016,마케직원1,마케팅팀,2025-02-11,9:07,18:52,N,0.0
1016,마케직원1,마케팅팀,2025-02-12,9:01,18:56,N,0.0
1016,마케직원1,마케팅팀,2025-02-13,9:08,17:53,N,0.0
1016,마케직원1,마케팅팀,2025-02-14,8:49,18:39,N,0.0
1016,마케직원1,마케팅팀,2025-02-17,9:02,18:38,N,0.0
1016,마케직원1,마케팅팀,2025-02-18,8:38,18:55,N,0.0
1016,마케직원1,마케팅팀,2025-02-19,8:48,18:33,N,0.0
1016,마케직원1,마케팅팀,2025-02-20,8:52,18:07,N,0.0
1016,마케직원1,마케팅팀,2025-02-21,8:56,18:38,N,0.0
1016,마케직원1,마케팅팀,2025-02-24,8:56,18:01,N,0.0
1016,마케직원1,마케팅팀,2025-02-25,8:49,18:41,N,0.0
1016,마케직원1,마케팅팀,2025-02-26,9:04,20:05,N,0.0
1016,마케직원1,마케팅팀,2025-02-27,9:08,18:32,N,0.0
1016,마케직원1,마케팅팀,2025-02-28,9:00,18:33,N,0.0
1016,마케직원1,마케팅팀,2025-03-03,8:44,19:31,N,0.0
1016,마케직원1,마케팅팀,2025-03-04,9:08,18:37,N,0.0
1016,마케직원1,마케팅팀,2025-03-05,9:11,19:05,N,0.0
1016,마케직원1,마케팅팀,2025-03-06,9:44,18:38,N,0.0
1016,마케직원1,마케팅팀,2025-03-07,8:59,18:49,N,0.0
1016,마케직원1,마케팅팀,2025-03-10,8:40,18:14,N,0.0
1016,마케직원1,마케팅팀,2025-03-11,8:55,18:42,N,0.0
1016,마케직원1,마케팅팀,2025-03-12,8:59,18:28,N,0.0
1016,마케직원1,마케팅팀,2025-03-13,9:19,18:22,N,0.0
1016,마케직원1,마케팅팀,2025-03-14,9:07,17:38,N,0.0
1016,마케직원1,마케팅팀,2025-03-17,8:55,18:45,N,0.0
1016,마케직원1,마케팅팀,2025-03-18,8:54,17:57,N,0.0
1016,마케직원1,마케팅팀,2025-03-19,8:57,18:52,N,0.0
1016,마케직원1,마케팅팀,2025-03-20,8:54,18:04,N,0.0
1016,마케직원1,마케팅팀,2025-03-21,9:17,18:55,N,0.0
1016,마케직원1,마케팅팀,2025-03-24,9:03,18:12,N,0.0
1016,마케직원1,마케팅팀,2025-03-25,8:59,18:56,N,0.0
1016,마케직원1,마케팅팀,2025-03-26,8:49,19:54,N,0.0
1016,마케직원1,마케팅팀,2025-03-27,8:47,19:01,N,0.0
1016,마케직원1,마케팅팀,2025-03-28,8:56,17:17,N,0.0
1016,마케직원1,마케팅팀,2025-03-31,9:02,18:23,N,0.0
1016,마케직원1,마케팅팀,2025-04-01,8:56,17:40,N,0.0
1016,마케직원1,마케팅팀,2025-04-02,9:03,18:33,N,0.0
1016,마케직원1,마케팅팀,2025-04-03,9:01,17:58,N,0.0
1016,마케직원1,마케팅팀,2025-04-04,8:41,16:50,N,0.0
1016,마케직원1,마케팅팀,2025-04-07,8:43,18:25,N,0.0
1016,마케직원1,마케팅팀,2025-04-08,9:05,17:57,N,0.0
1016,마케직원1,마케팅팀,2025-04-09,8:49,18:42,N,0.0
1016,마케직원1,마케팅팀,2025-04-10,8:59,17:50,N,0.0
1016,마케직원1,마케팅팀,2025-04-11,9:20,18:43,N,0.0
1016,마케직원1,마케팅팀,2025-04-14,8:48,20:02,N,0.0
1016,마케직원1,마케팅팀,2025-04-15,8:29,18:22,N,0.0
1016,마케직원1,마케팅팀,2025-04-16,8:33,18:28,N,0.0
1016,마케직원1,마케팅팀,2025-04-17,9:10,19:10,N,0.0
1016,마케직원1,마케팅팀,2025-04-18,8:47,18:38,N,0.0
1016,마케직원1,마케팅팀,2025-04-21,10:01,19:08,Y,0.0
1016,마케직원1,마케팅팀,2025-04-22,8:53,19:13,N,0.0
1016,마케직원1,마케팅팀,2025-04-23,9:53,18:38,N,0.0
1016,마케직원1,마케팅팀,2025-04-24,9:17,19:13,N,0.0
1016,마케직원1,마케팅팀,2025-04-25,9:03,17:34,N,0.0
1016,마케직원1,마케팅팀,2025-04-28,8:55,18:59,N,0.0
1016,마케직원1,마케팅팀,2025-04-29,10:19,18:47,Y,0.0
1016,마케직원1,마케팅팀,2025-04-30,8:57,16:57,N,0.0
1016,마케직원1,마케팅팀,2025-05-01,9:02,18:20,N,0.0
1016,마케직원1,마케팅팀,2025-05-02,8:54,18:09,N,0.0
1016,마케직원1,마케팅팀,2025-05-05,8:51,18:55,N,0.0
1016,마케직원1,마케팅팀,2025-05-06,8:45,18:28,N,0.0
1016,마케직원1,마케팅팀,2025-05-07,9:01,18:35,N,0.0
1016,마케직원1,마케팅팀,2025-05-08,9:07,18:21,N,0.0
1016,마케직원1,마케팅팀,2025-05-09,9:02,19:28,N,0.0
1016,마케직원1,마케팅팀,2025-05-12,9:32,18:56,N,0.4
1016,마케직원1,마케팅팀,2025-05-13,8:54,18:04,N,0.0
1016,마케직원1,마케팅팀,2025-05-14,8:36,18:07,N,0.0
1016,마케직원1,마케팅팀,2025-05-15,9:03,18:30,N,0.0
1016,마케직원1,마케팅팀,2025-05-16,9:47,18:27,N,0.0
1016,마케직원1,마케팅팀,2025-05-19,8:55,19:03,N,0.0
1016,마케직원1,마케팅팀,2025-05-20,8:47,18:46,N,0.0
1016,마케직원1,마케팅팀,2025-05-21,9:09,18:31,N,0.0
1016,마케직원1,마케팅팀,2025-05-22,9:03,16:00,N,0.0
1016,마케직원1,마케팅팀,2025-05-23,9:10,19:18,N,0.0
1016,마케직원1,마케팅팀,2025-05-26,10:00,18:40,N,0.0
1016,마케직원1,마케팅팀,2025-05-27,8:50,18:28,N,0.0
1016,마케직원1,마케팅팀,2025-05-28,8:48,18:19,N,0.0
1016,마케직원1,마케팅팀,2025-05-29,8:47,18:59,N,0.0
1016,마케직원1,마케팅팀,2025-05-30,8:39,17:50,N,0.0
1016,마케직원1,마케팅팀,2025-06-02,8:48,18:35,N,0.0
1016,마케직원1,마케팅팀,2025-06-03,8:55,18:04,N,0.0
1016,마케직원1,마케팅팀,2025-06-04,9:07,19:38,N,0.0
1016,마케직원1,마케팅팀,2025-06-05,9:06,15:45,N,0.0
1016,마케직원1,마케팅팀,2025-06-06,9:19,18:38,N,0.0
1016,마케직원1,마케팅팀,2025-06-09,8:55,18:58,N,0.0
1016,마케직원1,마케팅팀,2025-06-10,8:41,18:38,N,0.0
1016,마케직원1,마케팅팀,2025-06-11,9:07,18:24,N,0.0
1016,마케직원1,마케팅팀,2025-06-12,8:46,19:14,N,0.0
1016,마케직원1,마케팅팀,2025-06-13,8:48,19:15,N,0.0
1016,마케직원1,마케팅팀,2025-06-16,9:03,18:17,N,0.0
1016,마케직원1,마케팅팀,2025-06-17,8:44,17:25,N,0.0
1016,마케직원1,마케팅팀,2025-06-18,8:45,19:26,N,0.0
1016,마케직원1,마케팅팀,2025-06-19,8:56,18:22,N,0.0
1016,마케직원1,마케팅팀,2025-06-20,8:51,18:32,N,0.0
1016,마케직원1,마케팅팀,2025-06-23,8:45,17:53,N,0.0
1016,마케직원1,마케팅팀,2025-06-24,8:58,18:03,N,0.0
1016,마케직원1,마케팅팀,2025-06-25,8:49,18:24,N,0.0
1016,마케직원1,마케팅팀,2025-06-26,9:07,18:26,N,0.0
1016,마케직원1,마케팅팀,2025-06-27,8:49,18:23,N,0.0
1016,마케직원1,마케팅팀,2025-06-30,9:34,19:27,N,0.88
1016,마케직원1,마케팅팀,2025-07-01,8:49,18:25,N,0.0
1016,마케직원1,마케팅팀,2025-07-02,9:10,18:02,N,0.0
1016,마케직원1,마케팅팀,2025-07-03,8:38,17:51,N,0.0
1016,마케직원1,마케팅팀,2025-07-04,9:09,19:37,N,0.0
1016,마케직원1,마케팅팀,2025-07-07,8:41,18:20,N,0.0
1016,마케직원1,마케팅팀,2025-07-08,8:54,19:05,N,0.0
1016,마케직원1,마케팅팀,2025-07-09,8:58,19:57,N,0.0
1016,마케직원1,마케팅팀,2025-07-10,8:58,19:02,N,0.0
1016,마케직원1,마케팅팀,2025-07-11,9:01,20:40,N,0.0
1016,마케직원1,마케팅팀,2025-07-14,9:39,19:17,N,0.63
1016,마케직원1,마케팅팀,2025-07-15,9:03,18:09,N,0.0
1016,마케직원1,마케팅팀,2025-07-16,8:52,18:45,N,0.0
1016,마케직원1,마케팅팀,2025-07-17,8:58,18:52,N,0.0
1016,마케직원1,마케팅팀,2025-07-18,8:58,18:05,N,0.0
1016,마케직원1,마케팅팀,2025-07-21,9:08,18:56,N,0.0
1016,마케직원1,마케팅팀,2025-07-22,8:46,19:20,N,0.0
1016,마케직원1,마케팅팀,2025-07-23,9:01,18:26,N,0.0
1016,마케직원1,마케팅팀,2025-07-24,10:05,19:10,Y,0.0
1016,마케직원1,마케팅팀,2025-07-25,8:41,18:23,N,0.0
1016,마케직원1,마케팅팀,2025-07-28,9:53,19:33,N,0.67
1016,마케직원1,마케팅팀,2025-07-29,8:36,19:12,N,0.0
1016,마케직원1,마케팅팀,2025-07-30,8:46,18:19,N,0.0
1016,마케직원1,마케팅팀,2025-07-31,8:51,19:55,N,0.0
1016,마케직원1,마케팅팀,2025-08-01,8:59,18:28,N,0.0
1016,마케직원1,마케팅팀,2025-08-04,8:53,17:57,N,0.0
1016,마케직원1,마케팅팀,2025-08-05,8:59,18:38,N,0.0
1016,마케직원1,마케팅팀,2025-08-06,8:35,18:27,N,0.0
1016,마케직원1,마케팅팀,2025-08-07,9:58,19:09,N,0.18
1016,마케직원1,마케팅팀,2025-08-08,8:57,18:50,N,0.0
1016,마케직원1,마케팅팀,2025-08-11,9:18,18:23,N,0.0
1016,마케직원1,마케팅팀,2025-08-12,8:56,18:21,N,0.0
1016,마케직원1,마케팅팀,2025-08-13,8:54,18:34,N,0.0
1016,마케직원1,마케팅팀,2025-08-14,8:54,17:33,N,0.0
1016,마케직원1,마케팅팀,2025-08-15,8:53,17:43,N,0.0
1016,마케직원1,마케팅팀,2025-08-18,8:56,19:20,N,0.0
1016,마케직원1,마케팅팀,2025-08-19,8:42,18:32,N,0.0
1016,마케직원1,마케팅팀,2025-08-20,9:13,18:05,N,0.0
1016,마케직원1,마케팅팀,2025-08-21,9:04,19:01,N,0.0
1016,마케직원1,마케팅팀,2025-08-22,8:27,19:42,N,0.0
1016,마케직원1,마케팅팀,2025-08-25,9:05,17:38,N,0.0
1016,마케직원1,마케팅팀,2025-08-26,8:43,19:19,N,0.0
1016,마케직원1,마케팅팀,2025-08-27,8:58,18:47,N,0.0
1016,마케직원1,마케팅팀,2025-08-28,9:11,18:14,N,0.0
1016,마케직원1,마케팅팀,2025-08-29,9:18,18:28,N,0.0
1016,마케직원1,마케팅팀,2025-09-01,9:00,18:05,N,0.0
1016,마케직원1,마케팅팀,2025-09-02,8:32,18:42,N,0.0
1016,마케직원1,마케팅팀,2025-09-03,8:39,18:03,N,0.0
1016,마케직원1,마케팅팀,2025-09-04,9:26,18:54,N,0.0
1016,마케직원1,마케팅팀,2025-09-05,8:40,18:26,N,0.0
1016,마케직원1,마케팅팀,2025-09-08,8:52,18:51,N,0.0
1016,마케직원1,마케팅팀,2025-09-09,9:09,17:34,N,0.0
1016,마케직원1,마케팅팀,2025-09-10,8:50,19:09,N,0.0
1016,마케직원1,마케팅팀,2025-09-11,8:50,18:45,N,0.0
1016,마케직원1,마케팅팀,2025-09-12,9:13,19:06,N,0.0
1016,마케직원1,마케팅팀,2025-09-15,8:54,19:35,N,0.0
1016,마케직원1,마케팅팀,2025-09-16,8:45,19:10,N,0.0
1016,마케직원1,마케팅팀,2025-09-17,9:12,18:18,N,0.0
1016,마케직원1,마케팅팀,2025-09-18,8:50,19:42,N,0.0
1016,마케직원1,마케팅팀,2025-09-19,9:10,19:07,N,0.0
1016,마케직원1,마케팅팀,2025-09-22,9:00,19:17,N,0.0
1016,마케직원1,마케팅팀,2025-09-23,8:54,18:30,N,0.0
1016,마케직원1,마케팅팀,2025-09-24,8:55,18:58,N,0.0
1016,마케직원1,마케팅팀,2025-09-25,8:58,17:44,N,0.0
1016,마케직원1,마케팅팀,2025-09-26,9:01,17:29,N,0.0
1016,마케직원1,마케팅팀,2025-09-29,8:51,19:40,N,0.0
1016,마케직원1,마케팅팀,2025-09-30,9:07,18:28,N,0.0
1016,마케직원1,마케팅팀,2025-10-01,9:18,18:38,N,0.0
1016,마케직원1,마케팅팀,2025-10-02,9:02,18:28,N,0.0
1016,마케직원1,마케팅팀,2025-10-03,9:02,18:06,N,0.0
1016,마케직원1,마케팅팀,2025-10-06,8:51,19:40,N,0.0
1016,마케직원1,마케팅팀,2025-10-07,8:58,18:14,N,0.0
1016,마케직원1,마케팅팀,2025-10-08,8:47,19:31,N,0.0
1016,마케직원1,마케팅팀,2025-10-09,9:23,18:32,N,0.0
1016,마케직원1,마케팅팀,2025-10-10,9:10,19:08,N,0.0
1016,마케직원1,마케팅팀,2025-10-13,8:28,19:48,N,0.0
1016,마케직원1,마케팅팀,2025-10-14,9:12,18:53,N,0.0
1016,마케직원1,마케팅팀,2025-10-15,8:33,18:54,N,0.0
1016,마케직원1,마케팅팀,2025-10-16,8:58,18:23,N,0.0
1016,마케직원1,마케팅팀,2025-10-17,8:50,20:03,N,0.0
1016,마케직원1,마케팅팀,2025-10-20,9:06,18:07,N,0.0
1016,마케직원1,마케팅팀,2025-10-21,9:09,19:08,N,0.0
1016,마케직원1,마케팅팀,2025-10-22,8:43,18:06,N,0.0
1016,마케직원1,마케팅팀,2025-10-23,8:37,19:05,N,0.0
1016,마케직원1,마케팅팀,2025-10-24,8:46,18:01,N,0.0
1016,마케직원1,마케팅팀,2025-10-27,8:56,16:55,N,0.0
1016,마케직원1,마케팅팀,2025-10-28,8:40,17:45,N,0.0
1016,마케직원1,마케팅팀,2025-10-29,10:17,18:27,Y,0.0
1016,마케직원1,마케팅팀,2025-10-30,9:10,19:14,N,0.0
1016,마케직원1,마케팅팀,2025-10-31,8:53,19:30,N,0.0
1016,마케직원1,마케팅팀,2025-11-03,8:34,19:59,N,0.0
1016,마케직원1,마케팅팀,2025-11-04,9:09,18:17,N,0.0
1016,마케직원1,마케팅팀,2025-11-05,9:01,18:06,N,0.0
1016,마케직원1,마케팅팀,2025-11-06,8:56,18:59,N,0.0
1016,마케직원1,마케팅팀,2025-11-07,8:45,17:21,N,0.0
1016,마케직원1,마케팅팀,2025-11-10,8:58,18:56,N,0.0
1016,마케직원1,마케팅팀,2025-11-11,8:57,17:53,N,0.0
1016,마케직원1,마케팅팀,2025-11-12,9:01,17:20,N,0.0
1016,마케직원1,마케팅팀,2025-11-13,8:53,18:40,N,0.0
1016,마케직원1,마케팅팀,2025-11-14,8:49,17:34,N,0.0
1016,마케직원1,마케팅팀,2025-11-17,8:43,17:55,N,0.0
1016,마케직원1,마케팅팀,2025-11-18,9:04,17:45,N,0.0
1016,마케직원1,마케팅팀,2025-11-19,8:51,19:49,N,0.0
1016,마케직원1,마케팅팀,2025-11-20,9:01,19:37,N,0.0
1016,마케직원1,마케팅팀,2025-11-21,9:11,18:28,N,0.0
1016,마케직원1,마케팅팀,2025-11-24,8:57,17:23,N,0.0
1016,마케직원1,마케팅팀,2025-11-25,8:48,18:39,N,0.0
1016,마케직원1,마케팅팀,2025-11-26,8:54,18:26,N,0.0
1016,마케직원1,마케팅팀,2025-11-27,9:19,18:33,N,0.0
1016,마케직원1,마케팅팀,2025-11-28,8:46,19:11,N,0.0
1016,마케직원1,마케팅팀,2025-12-01,9:24,17:29,N,0.0
1016,마케직원1,마케팅팀,2025-12-02,8:44,18:10,N,0.0
1016,마케직원1,마케팅팀,2025-12-03,8:44,17:51,N,0.0
1016,마케직원1,마케팅팀,2025-12-04,8:58,17:56,N,0.0
1016,마케직원1,마케팅팀,2025-12-05,9:03,19:20,N,0.0
1016,마케직원1,마케팅팀,2025-12-08,9:01,16:49,N,0.0
1016,마케직원1,마케팅팀,2025-12-09,8:38,17:59,N,0.0
1016,마케직원1,마케팅팀,2025-12-10,8:28,18:41,N,0.0
1016,마케직원1,마케팅팀,2025-12-11,8:57,18:01,N,0.0
1016,마케직원1,마케팅팀,2025-12-12,9:00,19:11,N,0.0
1016,마케직원1,마케팅팀,2025-12-15,9:36,18:50,N,0.23
1016,마케직원1,마케팅팀,2025-12-16,9:24,18:17,N,0.0
1016,마케직원1,마케팅팀,2025-12-17,8:57,17:05,N,0.0
1016,마케직원1,마케팅팀,2025-12-18,9:05,17:39,N,0.0
1016,마케직원1,마케팅팀,2025-12-19,8:37,17:35,N,0.0
1016,마케직원1,마케팅팀,2025-12-22,8:49,19:46,N,0.0
1016,마케직원1,마케팅팀,2025-12-23,8:55,18:35,N,0.0
1016,마케직원1,마케팅팀,2025-12-24,8:53,17:35,N,0.0
1016,마케직원1,마케팅팀,2025-12-25,8:59,17:57,N,0.0
1016,마케직원1,마케팅팀,2025-12-26,9:01,19:00,N,0.0
1016,마케직원1,마케팅팀,2025-12-29,8:43,18:35,N,0.0
1016,마케직원1,마케팅팀,2025-12-30,8:43,18:17,N,0.0
1016,마케직원1,마케팅팀,2025-12-31,8:52,18:00,N,0.0
1016,마케직원1,마케팅팀,2026-01-01,9:16,17:58,N,0.0
1016,마케직원1,마케팅팀,2026-01-02,8:49,18:24,N,0.0
1016,마케직원1,마케팅팀,2026-01-05,9:05,17:15,N,0.0
1016,마케직원1,마케팅팀,2026-01-06,8:45,18:30,N,0.0
1016,마케직원1,마케팅팀,2026-01-07,8:32,18:34,N,0.0
1016,마케직원1,마케팅팀,2026-01-08,8:28,19:16,N,0.0
1016,마케직원1,마케팅팀,2026-01-09,8:55,19:06,N,0.0
1016,마케직원1,마케팅팀,2026-01-12,9:00,18:20,N,0.0
1016,마케직원1,마케팅팀,2026-01-13,9:06,18:50,N,0.0
1016,마케직원1,마케팅팀,2026-01-14,8:57,18:09,N,0.0
1016,마케직원1,마케팅팀,2026-01-15,8:56,17:43,N,0.0
1016,마케직원1,마케팅팀,2026-01-16,8:50,18:47,N,0.0
1016,마케직원1,마케팅팀,2026-01-19,8:41,17:37,N,0.0
1016,마케직원1,마케팅팀,2026-01-20,8:46,18:36,N,0.0
1016,마케직원1,마케팅팀,2026-01-21,9:07,19:27,N,0.0
1016,마케직원1,마케팅팀,2026-01-22,8:52,16:27,N,0.0
1016,마케직원1,마케팅팀,2026-01-23,8:43,18:50,N,0.0
1016,마케직원1,마케팅팀,2026-01-26,8:46,19:03,N,0.0
1016,마케직원1,마케팅팀,2026-01-27,9:36,19:13,N,0.62
1016,마케직원1,마케팅팀,2026-01-28,9:00,18:06,N,0.0
1016,마케직원1,마케팅팀,2026-01-29,9:01,17:33,N,0.0
1016,마케직원1,마케팅팀,2026-01-30,8:51,18:22,N,0.0
1016,마케직원1,마케팅팀,2026-02-02,8:51,17:43,N,0.0
1016,마케직원1,마케팅팀,2026-02-03,9:25,18:43,N,0.0
1016,마케직원1,마케팅팀,2026-02-04,8:30,19:00,N,0.0
1016,마케직원1,마케팅팀,2026-02-05,8:59,18:13,N,0.0
1016,마케직원1,마케팅팀,2026-02-06,8:37,18:42,N,0.0
1016,마케직원1,마케팅팀,2026-02-09,9:01,18:30,N,0.0
1016,마케직원1,마케팅팀,2026-02-10,8:36,18:56,N,0.0
1016,마케직원1,마케팅팀,2026-02-11,9:05,19:38,N,0.0
1016,마케직원1,마케팅팀,2026-02-12,8:19,18:10,N,0.0
1016,마케직원1,마케팅팀,2026-02-13,8:57,19:17,N,0.0
1016,마케직원1,마케팅팀,2026-02-16,8:43,19:44,N,0.0
1016,마케직원1,마케팅팀,2026-02-17,8:47,18:55,N,0.0
1016,마케직원1,마케팅팀,2026-02-18,8:52,19:09,N,0.0
1016,마케직원1,마케팅팀,2026-02-19,8:48,18:16,N,0.0
1016,마케직원1,마케팅팀,2026-02-20,8:59,17:46,N,0.0
1016,마케직원1,마케팅팀,2026-02-23,9:00,19:50,N,0.0
1016,마케직원1,마케팅팀,2026-02-24,9:03,18:44,N,0.0
1016,마케직원1,마케팅팀,2026-02-25,8:41,19:23,N,0.0
1016,마케직원1,마케팅팀,2026-02-26,8:54,19:03,N,0.0
1016,마케직원1,마케팅팀,2026-02-27,8:58,18:30,N,0.0
1016,마케직원1,마케팅팀,2026-03-02,8:56,17:53,N,0.0
1016,마케직원1,마케팅팀,2026-03-03,8:28,18:46,N,0.0
1016,마케직원1,마케팅팀,2026-03-04,9:01,19:44,N,0.0
1016,마케직원1,마케팅팀,2026-03-05,9:08,16:56,N,0.0
1016,마케직원1,마케팅팀,2026-03-06,9:04,18:06,N,0.0
1016,마케직원1,마케팅팀,2026-03-09,9:11,18:18,N,0.0
1016,마케직원1,마케팅팀,2026-03-10,8:57,17:53,N,0.0
1016,마케직원1,마케팅팀,2026-03-11,8:47,18:16,N,0.0
1016,마케직원1,마케팅팀,2026-03-12,9:00,17:21,N,0.0
1016,마케직원1,마케팅팀,2026-03-13,8:42,18:36,N,0.0
1016,마케직원1,마케팅팀,2026-03-16,8:45,17:11,N,0.0
1016,마케직원1,마케팅팀,2026-03-17,8:58,19:14,N,0.0
1016,마케직원1,마케팅팀,2026-03-18,9:09,18:23,N,0.0
1016,마케직원1,마케팅팀,2026-03-19,8:47,18:11,N,0.0
1016,마케직원1,마케팅팀,2026-03-20,8:55,17:52,N,0.0
1016,마케직원1,마케팅팀,2026-03-23,8:57,18:11,N,0.0
1016,마케직원1,마케팅팀,2026-03-24,8:57,18:17,N,0.0
1016,마케직원1,마케팅팀,2026-03-25,8:56,17:52,N,0.0
1016,마케직원1,마케팅팀,2026-03-26,8:44,18:24,N,0.0
1016,마케직원1,마케팅팀,2026-03-27,9:10,18:34,N,0.0
1016,마케직원1,마케팅팀,2026-03-30,9:06,19:21,N,0.0
1016,마케직원1,마케팅팀,2026-03-31,9:48,17:04,N,0.0
1016,마케직원1,마케팅팀,2026-04-01,8:56,18:38,N,0.0
1016,마케직원1,마케팅팀,2026-04-02,8:28,19:22,N,0.0
1016,마케직원1,마케팅팀,2026-04-03,8:49,18:24,N,0.0
1016,마케직원1,마케팅팀,2026-04-06,8:53,19:29,N,0.0
1016,마케직원1,마케팅팀,2026-04-07,8:57,18:17,N,0.0
1016,마케직원1,마케팅팀,2026-04-08,9:03,17:57,N,0.0
1016,마케직원1,마케팅팀,2026-04-09,8:56,16:59,N,0.0
1016,마케직원1,마케팅팀,2026-04-10,9:18,19:13,N,0.0
1016,마케직원1,마케팅팀,2026-04-13,8:59,17:07,N,0.0
1016,마케직원1,마케팅팀,2026-04-14,9:04,18:18,N,0.0
1016,마케직원1,마케팅팀,2026-04-15,9:04,19:39,N,0.0
1016,마케직원1,마케팅팀,2026-04-16,9:05,18:10,N,0.0
1016,마케직원1,마케팅팀,2026-04-17,9:11,19:17,N,0.0
1016,마케직원1,마케팅팀,2026-04-20,8:52,19:12,N,0.0
1016,마케직원1,마케팅팀,2026-04-21,8:56,18:27,N,0.0
1016,마케직원1,마케팅팀,2026-04-22,8:36,18:04,N,0.0
1016,마케직원1,마케팅팀,2026-04-23,8:53,18:42,N,0.0
1016,마케직원1,마케팅팀,2026-04-24,8:42,17:53,N,0.0
1016,마케직원1,마케팅팀,2026-04-27,8:46,19:25,N,0.0
1016,마케직원1,마케팅팀,2026-04-28,8:50,18:17,N,0.0
1016,마케직원1,마케팅팀,2026-04-29,9:08,18:27,N,0.0
1016,마케직원1,마케팅팀,2026-04-30,9:16,19:14,N,0.0
1016,마케직원1,마케팅팀,2026-05-01,8:46,18:54,N,0.0
1016,마케직원1,마케팅팀,2026-05-04,9:54,17:50,N,0.0
1016,마케직원1,마케팅팀,2026-05-05,8:50,17:52,N,0.0
1016,마케직원1,마케팅팀,2026-05-06,9:00,18:18,N,0.0
1016,마케직원1,마케팅팀,2026-05-07,9:01,17:57,N,0.0
1016,마케직원1,마케팅팀,2026-05-08,8:51,18:03,N,0.0
1016,마케직원1,마케팅팀,2026-05-11,8:50,18:22,N,0.0
1016,마케직원1,마케팅팀,2026-05-12,8:53,17:39,N,0.0
1016,마케직원1,마케팅팀,2026-05-13,8:54,19:36,N,0.0
1016,마케직원1,마케팅팀,2026-05-14,8:55,18:31,N,0.0
1016,마케직원1,마케팅팀,2026-05-15,9:31,17:12,N,0.0
1016,마케직원1,마케팅팀,2026-05-18,8:41,17:12,N,0.0
1016,마케직원1,마케팅팀,2026-05-19,8:59,18:09,N,0.0
1016,마케직원1,마케팅팀,2026-05-20,9:35,18:41,N,0.1
1016,마케직원1,마케팅팀,2026-05-21,8:29,19:47,N,0.0
1016,마케직원1,마케팅팀,2026-05-22,8:46,19:00,N,0.0
1016,마케직원1,마케팅팀,2026-05-25,8:56,18:57,N,0.0
1016,마케직원1,마케팅팀,2026-05-26,8:56,18:14,N,0.0
1016,마케직원1,마케팅팀,2026-05-27,9:01,18:54,N,0.0
1016,마케직원1,마케팅팀,2026-05-28,8:55,19:40,N,0.0
1016,마케직원1,마케팅팀,2026-05-29,9:00,18:42,N,0.0
1016,마케직원1,마케팅팀,2026-06-01,10:22,19:20,Y,0.0
1016,마케직원1,마케팅팀,2026-06-02,10:26,17:51,Y,0.0
1016,마케직원1,마케팅팀,2026-06-03,8:44,18:14,N,0.0
1016,마케직원1,마케팅팀,2026-06-04,10:16,19:41,Y,0.0
1016,마케직원1,마케팅팀,2026-06-05,10:35,19:18,Y,0.0
1016,마케직원1,마케팅팀,2026-06-08,10:18,18:39,Y,0.0
1016,마케직원1,마케팅팀,2026-06-09,10:22,18:40,Y,0.0
1016,마케직원1,마케팅팀,2026-06-10,8:43,17:47,N,0.0
1016,마케직원1,마케팅팀,2026-06-11,10:31,19:15,Y,0.0
1016,마케직원1,마케팅팀,2026-06-12,10:01,18:09,Y,0.0
1016,마케직원1,마케팅팀,2026-06-15,9:05,17:57,N,0.0
1016,마케직원1,마케팅팀,2026-06-16,10:26,18:38,Y,0.0
1016,마케직원1,마케팅팀,2026-06-17,10:26,19:01,Y,0.0
1016,마케직원1,마케팅팀,2026-06-18,9:04,18:07,N,0.0
1016,마케직원1,마케팅팀,2026-06-19,8:56,17:58,N,0.0
1016,마케직원1,마케팅팀,2026-06-22,10:15,18:46,Y,0.0
1016,마케직원1,마케팅팀,2026-06-23,9:48,17:41,N,0.0
1016,마케직원1,마케팅팀,2026-06-24,10:11,18:54,Y,0.0
1016,마케직원1,마케팅팀,2026-06-25,9:11,18:53,N,0.0
1016,마케직원1,마케팅팀,2026-06-26,8:51,18:58,N,0.0
1016,마케직원1,마케팅팀,2026-06-29,10:04,18:07,Y,0.0
1016,마케직원1,마케팅팀,2026-06-30,10:09,18:43,Y,0.0
1016,마케직원1,마케팅팀,2026-07-01,8:53,17:10,N,0.0
1016,마케직원1,마케팅팀,2026-07-02,9:07,18:57,N,0.0
1016,마케직원1,마케팅팀,2026-07-03,8:54,19:41,N,0.0
1016,마케직원1,마케팅팀,2026-07-06,9:14,18:00,N,0.0
1016,마케직원1,마케팅팀,2026-07-07,8:52,16:44,N,0.0
1016,마케직원1,마케팅팀,2026-07-08,8:41,18:17,N,0.0
1016,마케직원1,마케팅팀,2026-07-09,8:39,17:33,N,0.0
1016,마케직원1,마케팅팀,2026-07-10,8:57,18:58,N,0.0
1016,마케직원1,마케팅팀,2026-07-13,8:42,18:02,N,0.0
1016,마케직원1,마케팅팀,2026-07-14,8:44,19:13,N,0.0
1016,마케직원1,마케팅팀,2026-07-15,10:11,17:41,Y,0.0
1016,마케직원1,마케팅팀,2026-07-16,8:58,18:17,N,0.0
1016,마케직원1,마케팅팀,2026-07-17,8:56,17:44,N,0.0
1016,마케직원1,마케팅팀,2026-07-20,8:39,18:04,N,0.0
1016,마케직원1,마케팅팀,2026-07-21,8:53,19:02,N,0.0
1016,마케직원1,마케팅팀,2026-07-22,9:13,18:18,N,0.0
1016,마케직원1,마케팅팀,2026-07-23,8:41,19:00,N,0.0
1016,마케직원1,마케팅팀,2026-07-24,9:12,17:31,N,0.0
1016,마케직원1,마케팅팀,2026-07-27,8:56,17:31,N,0.0
1016,마케직원1,마케팅팀,2026-07-28,9:15,18:07,N,0.0
1016,마케직원1,마케팅팀,2026-07-29,8:46,18:38,N,0.0
1016,마케직원1,마케팅팀,2026-07-30,8:43,19:07,N,0.0
1016,마케직원1,마케팅팀,2026-07-31,9:33,19:41,N,1.13
1017,마케직원2,마케팅팀,2025-01-01,8:42,19:26,N,0.0
1017,마케직원2,마케팅팀,2025-01-02,8:38,19:07,N,0.0
1017,마케직원2,마케팅팀,2025-01-03,8:40,18:46,N,0.0
1017,마케직원2,마케팅팀,2025-01-06,8:56,17:07,N,0.0
1017,마케직원2,마케팅팀,2025-01-07,9:19,19:22,N,0.0
1017,마케직원2,마케팅팀,2025-01-08,8:55,19:01,N,0.0
1017,마케직원2,마케팅팀,2025-01-09,8:40,18:06,N,0.0
1017,마케직원2,마케팅팀,2025-01-10,8:41,17:54,N,0.0
1017,마케직원2,마케팅팀,2025-01-13,9:01,17:52,N,0.0
1017,마케직원2,마케팅팀,2025-01-14,8:47,18:48,N,0.0
1017,마케직원2,마케팅팀,2025-01-15,8:42,19:33,N,0.0
1017,마케직원2,마케팅팀,2025-01-16,8:49,18:50,N,0.0
1017,마케직원2,마케팅팀,2025-01-17,10:27,18:27,Y,0.0
1017,마케직원2,마케팅팀,2025-01-20,8:58,18:20,N,0.0
1017,마케직원2,마케팅팀,2025-01-21,8:52,18:03,N,0.0
1017,마케직원2,마케팅팀,2025-01-22,8:50,18:05,N,0.0
1017,마케직원2,마케팅팀,2025-01-23,8:53,18:39,N,0.0
1017,마케직원2,마케팅팀,2025-01-24,8:50,18:43,N,0.0
1017,마케직원2,마케팅팀,2025-01-27,9:18,18:22,N,0.0
1017,마케직원2,마케팅팀,2025-01-28,8:56,17:33,N,0.0
1017,마케직원2,마케팅팀,2025-01-29,8:59,18:26,N,0.0
1017,마케직원2,마케팅팀,2025-01-30,9:00,17:23,N,0.0
1017,마케직원2,마케팅팀,2025-01-31,9:06,18:10,N,0.0
1017,마케직원2,마케팅팀,2025-02-03,8:57,18:13,N,0.0
1017,마케직원2,마케팅팀,2025-02-04,8:36,19:05,N,0.0
1017,마케직원2,마케팅팀,2025-02-05,8:55,18:43,N,0.0
1017,마케직원2,마케팅팀,2025-02-06,9:06,18:09,N,0.0
1017,마케직원2,마케팅팀,2025-02-07,8:58,19:57,N,0.0
1017,마케직원2,마케팅팀,2025-02-10,9:17,18:34,N,0.0
1017,마케직원2,마케팅팀,2025-02-11,8:49,18:38,N,0.0
1017,마케직원2,마케팅팀,2025-02-12,8:46,19:02,N,0.0
1017,마케직원2,마케팅팀,2025-02-13,8:52,18:21,N,0.0
1017,마케직원2,마케팅팀,2025-02-14,8:43,18:38,N,0.0
1017,마케직원2,마케팅팀,2025-02-17,8:49,17:46,N,0.0
1017,마케직원2,마케팅팀,2025-02-18,8:58,18:01,N,0.0
1017,마케직원2,마케팅팀,2025-02-19,9:02,19:22,N,0.0
1017,마케직원2,마케팅팀,2025-02-20,8:42,18:05,N,0.0
1017,마케직원2,마케팅팀,2025-02-21,8:35,19:16,N,0.0
1017,마케직원2,마케팅팀,2025-02-24,9:24,19:23,N,0.0
1017,마케직원2,마케팅팀,2025-02-25,8:40,18:41,N,0.0
1017,마케직원2,마케팅팀,2025-02-26,8:50,18:46,N,0.0
1017,마케직원2,마케팅팀,2025-02-27,8:55,17:52,N,0.0
1017,마케직원2,마케팅팀,2025-02-28,8:44,18:26,N,0.0
1017,마케직원2,마케팅팀,2025-03-03,8:51,17:49,N,0.0
1017,마케직원2,마케팅팀,2025-03-04,8:50,18:22,N,0.0
1017,마케직원2,마케팅팀,2025-03-05,9:15,18:25,N,0.0
1017,마케직원2,마케팅팀,2025-03-06,9:07,18:54,N,0.0
1017,마케직원2,마케팅팀,2025-03-07,9:16,17:25,N,0.0
1017,마케직원2,마케팅팀,2025-03-10,9:41,18:51,N,0.17
1017,마케직원2,마케팅팀,2025-03-11,8:56,17:51,N,0.0
1017,마케직원2,마케팅팀,2025-03-12,8:58,18:11,N,0.0
1017,마케직원2,마케팅팀,2025-03-13,9:12,18:45,N,0.0
1017,마케직원2,마케팅팀,2025-03-14,8:35,18:23,N,0.0
1017,마케직원2,마케팅팀,2025-03-17,8:35,16:58,N,0.0
1017,마케직원2,마케팅팀,2025-03-18,9:40,18:41,N,0.02
1017,마케직원2,마케팅팀,2025-03-19,9:19,18:04,N,0.0
1017,마케직원2,마케팅팀,2025-03-20,9:13,19:24,N,0.0
1017,마케직원2,마케팅팀,2025-03-21,9:05,18:40,N,0.0
1017,마케직원2,마케팅팀,2025-03-24,8:38,19:38,N,0.0
1017,마케직원2,마케팅팀,2025-03-25,8:59,19:22,N,0.0
1017,마케직원2,마케팅팀,2025-03-26,9:45,18:57,N,0.2
1017,마케직원2,마케팅팀,2025-03-27,8:42,17:40,N,0.0
1017,마케직원2,마케팅팀,2025-03-28,8:26,18:57,N,0.0
1017,마케직원2,마케팅팀,2025-03-31,8:52,19:13,N,0.0
1017,마케직원2,마케팅팀,2025-04-01,8:44,19:05,N,0.0
1017,마케직원2,마케팅팀,2025-04-02,8:41,17:25,N,0.0
1017,마케직원2,마케팅팀,2025-04-03,8:54,19:11,N,0.0
1017,마케직원2,마케팅팀,2025-04-04,8:49,17:54,N,0.0
1017,마케직원2,마케팅팀,2025-04-07,8:34,18:06,N,0.0
1017,마케직원2,마케팅팀,2025-04-08,9:11,18:54,N,0.0
1017,마케직원2,마케팅팀,2025-04-09,9:04,18:50,N,0.0
1017,마케직원2,마케팅팀,2025-04-10,8:52,18:23,N,0.0
1017,마케직원2,마케팅팀,2025-04-11,10:15,17:29,Y,0.0
1017,마케직원2,마케팅팀,2025-04-14,8:57,19:23,N,0.0
1017,마케직원2,마케팅팀,2025-04-15,9:08,19:12,N,0.0
1017,마케직원2,마케팅팀,2025-04-16,8:58,18:22,N,0.0
1017,마케직원2,마케팅팀,2025-04-17,8:54,17:46,N,0.0
1017,마케직원2,마케팅팀,2025-04-18,9:10,18:24,N,0.0
1017,마케직원2,마케팅팀,2025-04-21,8:57,17:06,N,0.0
1017,마케직원2,마케팅팀,2025-04-22,9:04,18:30,N,0.0
1017,마케직원2,마케팅팀,2025-04-23,8:57,18:04,N,0.0
1017,마케직원2,마케팅팀,2025-04-24,8:58,17:20,N,0.0
1017,마케직원2,마케팅팀,2025-04-25,8:58,18:09,N,0.0
1017,마케직원2,마케팅팀,2025-04-28,8:53,17:16,N,0.0
1017,마케직원2,마케팅팀,2025-04-29,9:07,18:01,N,0.0
1017,마케직원2,마케팅팀,2025-04-30,8:50,19:17,N,0.0
1017,마케직원2,마케팅팀,2025-05-01,8:56,17:54,N,0.0
1017,마케직원2,마케팅팀,2025-05-02,8:54,18:04,N,0.0
1017,마케직원2,마케팅팀,2025-05-05,9:09,17:39,N,0.0
1017,마케직원2,마케팅팀,2025-05-06,9:08,18:47,N,0.0
1017,마케직원2,마케팅팀,2025-05-07,9:12,17:34,N,0.0
1017,마케직원2,마케팅팀,2025-05-08,8:53,18:34,N,0.0
1017,마케직원2,마케팅팀,2025-05-09,9:57,16:31,N,0.0
1017,마케직원2,마케팅팀,2025-05-12,9:05,18:28,N,0.0
1017,마케직원2,마케팅팀,2025-05-13,9:51,17:56,N,0.0
1017,마케직원2,마케팅팀,2025-05-14,8:43,19:02,N,0.0
1017,마케직원2,마케팅팀,2025-05-15,9:03,18:55,N,0.0
1017,마케직원2,마케팅팀,2025-05-16,8:45,19:40,N,0.0
1017,마케직원2,마케팅팀,2025-05-19,9:06,17:51,N,0.0
1017,마케직원2,마케팅팀,2025-05-20,8:59,19:05,N,0.0
1017,마케직원2,마케팅팀,2025-05-21,8:37,19:18,N,0.0
1017,마케직원2,마케팅팀,2025-05-22,9:18,19:03,N,0.0
1017,마케직원2,마케팅팀,2025-05-23,8:45,18:08,N,0.0
1017,마케직원2,마케팅팀,2025-05-26,8:51,18:38,N,0.0
1017,마케직원2,마케팅팀,2025-05-27,8:50,19:07,N,0.0
1017,마케직원2,마케팅팀,2025-05-28,8:29,17:51,N,0.0
1017,마케직원2,마케팅팀,2025-05-29,8:50,18:50,N,0.0
1017,마케직원2,마케팅팀,2025-05-30,8:49,17:46,N,0.0
1017,마케직원2,마케팅팀,2025-06-02,8:58,19:11,N,0.0
1017,마케직원2,마케팅팀,2025-06-03,8:55,18:11,N,0.0
1017,마케직원2,마케팅팀,2025-06-04,8:50,18:44,N,0.0
1017,마케직원2,마케팅팀,2025-06-05,9:01,16:53,N,0.0
1017,마케직원2,마케팅팀,2025-06-06,8:48,19:14,N,0.0
1017,마케직원2,마케팅팀,2025-06-09,8:43,18:01,N,0.0
1017,마케직원2,마케팅팀,2025-06-10,9:11,18:23,N,0.0
1017,마케직원2,마케팅팀,2025-06-11,8:49,16:48,N,0.0
1017,마케직원2,마케팅팀,2025-06-12,8:41,19:24,N,0.0
1017,마케직원2,마케팅팀,2025-06-13,10:11,18:27,Y,0.0
1017,마케직원2,마케팅팀,2025-06-16,8:54,18:30,N,0.0
1017,마케직원2,마케팅팀,2025-06-17,8:49,18:15,N,0.0
1017,마케직원2,마케팅팀,2025-06-18,8:57,19:57,N,0.0
1017,마케직원2,마케팅팀,2025-06-19,8:51,19:39,N,0.0
1017,마케직원2,마케팅팀,2025-06-20,8:48,17:23,N,0.0
1017,마케직원2,마케팅팀,2025-06-23,8:57,18:15,N,0.0
1017,마케직원2,마케팅팀,2025-06-24,9:05,18:59,N,0.0
1017,마케직원2,마케팅팀,2025-06-25,9:12,18:31,N,0.0
1017,마케직원2,마케팅팀,2025-06-26,8:53,18:58,N,0.0
1017,마케직원2,마케팅팀,2025-06-27,9:05,17:57,N,0.0
1017,마케직원2,마케팅팀,2025-06-30,8:56,16:59,N,0.0
1017,마케직원2,마케팅팀,2025-07-01,8:49,18:05,N,0.0
1017,마케직원2,마케팅팀,2025-07-02,9:10,18:02,N,0.0
1017,마케직원2,마케팅팀,2025-07-03,8:51,18:15,N,0.0
1017,마케직원2,마케팅팀,2025-07-04,10:00,18:18,N,0.0
1017,마케직원2,마케팅팀,2025-07-07,8:56,20:11,N,0.0
1017,마케직원2,마케팅팀,2025-07-08,8:42,18:16,N,0.0
1017,마케직원2,마케팅팀,2025-07-09,9:30,19:11,N,0.68
1017,마케직원2,마케팅팀,2025-07-10,8:40,18:18,N,0.0
1017,마케직원2,마케팅팀,2025-07-11,8:59,18:26,N,0.0
1017,마케직원2,마케팅팀,2025-07-14,8:59,18:49,N,0.0
1017,마케직원2,마케팅팀,2025-07-15,8:38,18:11,N,0.0
1017,마케직원2,마케팅팀,2025-07-16,9:06,17:23,N,0.0
1017,마케직원2,마케팅팀,2025-07-17,9:11,18:10,N,0.0
1017,마케직원2,마케팅팀,2025-07-18,9:34,17:31,N,0.0
1017,마케직원2,마케팅팀,2025-07-21,8:53,18:54,N,0.0
1017,마케직원2,마케팅팀,2025-07-22,8:52,18:18,N,0.0
1017,마케직원2,마케팅팀,2025-07-23,8:51,20:04,N,0.0
1017,마케직원2,마케팅팀,2025-07-24,8:55,18:14,N,0.0
1017,마케직원2,마케팅팀,2025-07-25,8:30,19:25,N,0.0
1017,마케직원2,마케팅팀,2025-07-28,9:08,19:04,N,0.0
1017,마케직원2,마케팅팀,2025-07-29,9:06,18:45,N,0.0
1017,마케직원2,마케팅팀,2025-07-30,8:47,19:33,N,0.0
1017,마케직원2,마케팅팀,2025-07-31,9:02,18:53,N,0.0
1017,마케직원2,마케팅팀,2025-08-01,8:51,18:27,N,0.0
1017,마케직원2,마케팅팀,2025-08-04,9:04,17:43,N,0.0
1017,마케직원2,마케팅팀,2025-08-05,8:45,18:27,N,0.0
1017,마케직원2,마케팅팀,2025-08-06,9:37,19:30,N,0.88
1017,마케직원2,마케팅팀,2025-08-07,8:36,19:36,N,0.0
1017,마케직원2,마케팅팀,2025-08-08,8:56,18:50,N,0.0
1017,마케직원2,마케팅팀,2025-08-11,8:52,18:49,N,0.0
1017,마케직원2,마케팅팀,2025-08-12,8:49,17:08,N,0.0
1017,마케직원2,마케팅팀,2025-08-13,8:40,18:36,N,0.0
1017,마케직원2,마케팅팀,2025-08-14,9:47,19:07,N,0.33
1017,마케직원2,마케팅팀,2025-08-15,8:43,18:12,N,0.0
1017,마케직원2,마케팅팀,2025-08-18,8:52,18:00,N,0.0
1017,마케직원2,마케팅팀,2025-08-19,8:55,18:28,N,0.0
1017,마케직원2,마케팅팀,2025-08-20,8:51,19:07,N,0.0
1017,마케직원2,마케팅팀,2025-08-21,8:56,17:29,N,0.0
1017,마케직원2,마케팅팀,2025-08-22,9:41,18:41,N,0.0
1017,마케직원2,마케팅팀,2025-08-25,9:15,18:31,N,0.0
1017,마케직원2,마케팅팀,2025-08-26,8:36,18:47,N,0.0
1017,마케직원2,마케팅팀,2025-08-27,8:34,18:59,N,0.0
1017,마케직원2,마케팅팀,2025-08-28,8:55,18:07,N,0.0
1017,마케직원2,마케팅팀,2025-08-29,8:33,18:10,N,0.0
1017,마케직원2,마케팅팀,2025-09-01,8:53,16:21,N,0.0
1017,마케직원2,마케팅팀,2025-09-02,8:36,17:25,N,0.0
1017,마케직원2,마케팅팀,2025-09-03,9:15,18:45,N,0.0
1017,마케직원2,마케팅팀,2025-09-04,9:01,17:54,N,0.0
1017,마케직원2,마케팅팀,2025-09-05,9:00,17:45,N,0.0
1017,마케직원2,마케팅팀,2025-09-08,8:44,18:26,N,0.0
1017,마케직원2,마케팅팀,2025-09-09,8:59,18:02,N,0.0
1017,마케직원2,마케팅팀,2025-09-10,9:15,19:06,N,0.0
1017,마케직원2,마케팅팀,2025-09-11,8:40,18:29,N,0.0
1017,마케직원2,마케팅팀,2025-09-12,8:25,18:04,N,0.0
1017,마케직원2,마케팅팀,2025-09-15,8:53,18:10,N,0.0
1017,마케직원2,마케팅팀,2025-09-16,8:52,17:06,N,0.0
1017,마케직원2,마케팅팀,2025-09-17,9:13,17:52,N,0.0
1017,마케직원2,마케팅팀,2025-09-18,8:49,17:59,N,0.0
1017,마케직원2,마케팅팀,2025-09-19,9:08,19:11,N,0.0
1017,마케직원2,마케팅팀,2025-09-22,8:44,17:34,N,0.0
1017,마케직원2,마케팅팀,2025-09-23,8:44,18:26,N,0.0
1017,마케직원2,마케팅팀,2025-09-24,8:45,17:46,N,0.0
1017,마케직원2,마케팅팀,2025-09-25,8:50,17:48,N,0.0
1017,마케직원2,마케팅팀,2025-09-26,8:50,18:00,N,0.0
1017,마케직원2,마케팅팀,2025-09-29,8:47,18:50,N,0.0
1017,마케직원2,마케팅팀,2025-09-30,8:55,18:52,N,0.0
1017,마케직원2,마케팅팀,2025-10-01,9:07,18:29,N,0.0
1017,마케직원2,마케팅팀,2025-10-02,9:11,18:04,N,0.0
1017,마케직원2,마케팅팀,2025-10-03,9:09,19:23,N,0.0
1017,마케직원2,마케팅팀,2025-10-06,8:52,18:33,N,0.0
1017,마케직원2,마케팅팀,2025-10-07,9:32,18:34,N,0.03
1017,마케직원2,마케팅팀,2025-10-08,9:26,19:04,N,0.0
1017,마케직원2,마케팅팀,2025-10-09,9:01,18:20,N,0.0
1017,마케직원2,마케팅팀,2025-10-10,8:54,18:15,N,0.0
1017,마케직원2,마케팅팀,2025-10-13,8:54,17:31,N,0.0
1017,마케직원2,마케팅팀,2025-10-14,9:08,17:42,N,0.0
1017,마케직원2,마케팅팀,2025-10-15,8:56,18:49,N,0.0
1017,마케직원2,마케팅팀,2025-10-16,9:00,17:46,N,0.0
1017,마케직원2,마케팅팀,2025-10-17,8:45,17:52,N,0.0
1017,마케직원2,마케팅팀,2025-10-20,8:42,18:02,N,0.0
1017,마케직원2,마케팅팀,2025-10-21,9:00,17:55,N,0.0
1017,마케직원2,마케팅팀,2025-10-22,9:01,16:57,N,0.0
1017,마케직원2,마케팅팀,2025-10-23,9:04,18:10,N,0.0
1017,마케직원2,마케팅팀,2025-10-24,8:52,18:19,N,0.0
1017,마케직원2,마케팅팀,2025-10-27,8:50,18:54,N,0.0
1017,마케직원2,마케팅팀,2025-10-28,8:42,18:34,N,0.0
1017,마케직원2,마케팅팀,2025-10-29,9:00,17:36,N,0.0
1017,마케직원2,마케팅팀,2025-10-30,9:05,18:07,N,0.0
1017,마케직원2,마케팅팀,2025-10-31,8:25,17:44,N,0.0
1017,마케직원2,마케팅팀,2025-11-03,9:24,17:37,N,0.0
1017,마케직원2,마케팅팀,2025-11-04,9:57,17:56,N,0.0
1017,마케직원2,마케팅팀,2025-11-05,9:05,19:20,N,0.0
1017,마케직원2,마케팅팀,2025-11-06,9:03,19:10,N,0.0
1017,마케직원2,마케팅팀,2025-11-07,8:49,19:09,N,0.0
1017,마케직원2,마케팅팀,2025-11-10,9:03,18:52,N,0.0
1017,마케직원2,마케팅팀,2025-11-11,8:54,19:19,N,0.0
1017,마케직원2,마케팅팀,2025-11-12,8:46,18:32,N,0.0
1017,마케직원2,마케팅팀,2025-11-13,8:53,19:13,N,0.0
1017,마케직원2,마케팅팀,2025-11-14,8:49,18:44,N,0.0
1017,마케직원2,마케팅팀,2025-11-17,9:02,18:50,N,0.0
1017,마케직원2,마케팅팀,2025-11-18,9:11,18:24,N,0.0
1017,마케직원2,마케팅팀,2025-11-19,8:56,17:32,N,0.0
1017,마케직원2,마케팅팀,2025-11-20,8:55,19:07,N,0.0
1017,마케직원2,마케팅팀,2025-11-21,8:54,19:14,N,0.0
1017,마케직원2,마케팅팀,2025-11-24,9:03,18:52,N,0.0
1017,마케직원2,마케팅팀,2025-11-25,8:53,17:35,N,0.0
1017,마케직원2,마케팅팀,2025-11-26,8:39,18:53,N,0.0
1017,마케직원2,마케팅팀,2025-11-27,8:58,18:32,N,0.0
1017,마케직원2,마케팅팀,2025-11-28,8:58,18:43,N,0.0
1017,마케직원2,마케팅팀,2025-12-01,9:04,18:23,N,0.0
1017,마케직원2,마케팅팀,2025-12-02,9:07,19:01,N,0.0
1017,마케직원2,마케팅팀,2025-12-03,8:55,16:55,N,0.0
1017,마케직원2,마케팅팀,2025-12-04,9:05,18:49,N,0.0
1017,마케직원2,마케팅팀,2025-12-05,9:01,19:43,N,0.0
1017,마케직원2,마케팅팀,2025-12-08,8:43,17:55,N,0.0
1017,마케직원2,마케팅팀,2025-12-09,8:56,17:35,N,0.0
1017,마케직원2,마케팅팀,2025-12-10,8:41,19:30,N,0.0
1017,마케직원2,마케팅팀,2025-12-11,8:52,18:47,N,0.0
1017,마케직원2,마케팅팀,2025-12-12,8:54,18:53,N,0.0
1017,마케직원2,마케팅팀,2025-12-15,8:53,18:11,N,0.0
1017,마케직원2,마케팅팀,2025-12-16,9:02,18:40,N,0.0
1017,마케직원2,마케팅팀,2025-12-17,8:54,17:55,N,0.0
1017,마케직원2,마케팅팀,2025-12-18,9:41,18:16,N,0.0
1017,마케직원2,마케팅팀,2025-12-19,9:12,19:01,N,0.0
1017,마케직원2,마케팅팀,2025-12-22,9:05,18:03,N,0.0
1017,마케직원2,마케팅팀,2025-12-23,8:58,17:52,N,0.0
1017,마케직원2,마케팅팀,2025-12-24,8:50,18:18,N,0.0
1017,마케직원2,마케팅팀,2025-12-25,8:41,17:30,N,0.0
1017,마케직원2,마케팅팀,2025-12-26,9:39,18:59,N,0.33
1017,마케직원2,마케팅팀,2025-12-29,8:55,19:04,N,0.0
1017,마케직원2,마케팅팀,2025-12-30,8:55,18:53,N,0.0
1017,마케직원2,마케팅팀,2025-12-31,9:54,18:51,N,0.0
1017,마케직원2,마케팅팀,2026-01-01,9:11,18:00,N,0.0
1017,마케직원2,마케팅팀,2026-01-02,9:08,18:54,N,0.0
1017,마케직원2,마케팅팀,2026-01-05,8:44,18:08,N,0.0
1017,마케직원2,마케팅팀,2026-01-06,9:13,18:06,N,0.0
1017,마케직원2,마케팅팀,2026-01-07,8:39,19:23,N,0.0
1017,마케직원2,마케팅팀,2026-01-08,8:51,18:00,N,0.0
1017,마케직원2,마케팅팀,2026-01-09,8:54,17:31,N,0.0
1017,마케직원2,마케팅팀,2026-01-12,9:06,18:33,N,0.0
1017,마케직원2,마케팅팀,2026-01-13,8:53,18:13,N,0.0
1017,마케직원2,마케팅팀,2026-01-14,8:52,19:12,N,0.0
1017,마케직원2,마케팅팀,2026-01-15,9:07,17:42,N,0.0
1017,마케직원2,마케팅팀,2026-01-16,8:48,18:43,N,0.0
1017,마케직원2,마케팅팀,2026-01-19,8:44,18:02,N,0.0
1017,마케직원2,마케팅팀,2026-01-20,9:20,18:41,N,0.0
1017,마케직원2,마케팅팀,2026-01-21,8:56,17:13,N,0.0
1017,마케직원2,마케팅팀,2026-01-22,8:23,18:26,N,0.0
1017,마케직원2,마케팅팀,2026-01-23,8:58,18:29,N,0.0
1017,마케직원2,마케팅팀,2026-01-26,9:13,18:21,N,0.0
1017,마케직원2,마케팅팀,2026-01-27,8:43,17:56,N,0.0
1017,마케직원2,마케팅팀,2026-01-28,8:46,17:12,N,0.0
1017,마케직원2,마케팅팀,2026-01-29,8:55,18:47,N,0.0
1017,마케직원2,마케팅팀,2026-01-30,9:13,17:51,N,0.0
1017,마케직원2,마케팅팀,2026-02-02,9:07,18:58,N,0.0
1017,마케직원2,마케팅팀,2026-02-03,8:44,18:16,N,0.0
1017,마케직원2,마케팅팀,2026-02-04,8:55,19:28,N,0.0
1017,마케직원2,마케팅팀,2026-02-05,8:53,18:21,N,0.0
1017,마케직원2,마케팅팀,2026-02-06,9:00,17:33,N,0.0
1017,마케직원2,마케팅팀,2026-02-09,9:03,18:33,N,0.0
1017,마케직원2,마케팅팀,2026-02-10,8:49,17:49,N,0.0
1017,마케직원2,마케팅팀,2026-02-11,8:48,18:54,N,0.0
1017,마케직원2,마케팅팀,2026-02-12,8:48,17:23,N,0.0
1017,마케직원2,마케팅팀,2026-02-13,8:47,17:35,N,0.0
1017,마케직원2,마케팅팀,2026-02-16,8:49,18:09,N,0.0
1017,마케직원2,마케팅팀,2026-02-17,9:06,18:45,N,0.0
1017,마케직원2,마케팅팀,2026-02-18,8:46,18:05,N,0.0
1017,마케직원2,마케팅팀,2026-02-19,8:51,19:50,N,0.0
1017,마케직원2,마케팅팀,2026-02-20,8:45,18:56,N,0.0
1017,마케직원2,마케팅팀,2026-02-23,8:59,19:02,N,0.0
1017,마케직원2,마케팅팀,2026-02-24,8:54,18:32,N,0.0
1017,마케직원2,마케팅팀,2026-02-25,9:14,18:35,N,0.0
1017,마케직원2,마케팅팀,2026-02-26,8:52,18:28,N,0.0
1017,마케직원2,마케팅팀,2026-02-27,9:05,17:09,N,0.0
1017,마케직원2,마케팅팀,2026-03-02,9:59,17:59,N,0.0
1017,마케직원2,마케팅팀,2026-03-03,9:02,18:45,N,0.0
1017,마케직원2,마케팅팀,2026-03-04,9:42,17:53,N,0.0
1017,마케직원2,마케팅팀,2026-03-05,9:00,17:56,N,0.0
1017,마케직원2,마케팅팀,2026-03-06,8:38,18:18,N,0.0
1017,마케직원2,마케팅팀,2026-03-09,8:34,19:02,N,0.0
1017,마케직원2,마케팅팀,2026-03-10,8:53,18:26,N,0.0
1017,마케직원2,마케팅팀,2026-03-11,9:00,18:35,N,0.0
1017,마케직원2,마케팅팀,2026-03-12,8:58,18:02,N,0.0
1017,마케직원2,마케팅팀,2026-03-13,9:41,19:06,N,0.42
1017,마케직원2,마케팅팀,2026-03-16,9:07,18:04,N,0.0
1017,마케직원2,마케팅팀,2026-03-17,8:36,17:59,N,0.0
1017,마케직원2,마케팅팀,2026-03-18,9:04,18:32,N,0.0
1017,마케직원2,마케팅팀,2026-03-19,9:00,18:45,N,0.0
1017,마케직원2,마케팅팀,2026-03-20,9:52,19:06,N,0.23
1017,마케직원2,마케팅팀,2026-03-23,9:18,18:51,N,0.0
1017,마케직원2,마케팅팀,2026-03-24,9:20,17:41,N,0.0
1017,마케직원2,마케팅팀,2026-03-25,8:50,18:03,N,0.0
1017,마케직원2,마케팅팀,2026-03-26,8:34,17:18,N,0.0
1017,마케직원2,마케팅팀,2026-03-27,9:39,18:28,N,0.0
1017,마케직원2,마케팅팀,2026-03-30,8:24,18:22,N,0.0
1017,마케직원2,마케팅팀,2026-03-31,9:05,18:35,N,0.0
1017,마케직원2,마케팅팀,2026-04-01,8:56,18:19,N,0.0
1017,마케직원2,마케팅팀,2026-04-02,8:39,18:13,N,0.0
1017,마케직원2,마케팅팀,2026-04-03,9:01,19:08,N,0.0
1017,마케직원2,마케팅팀,2026-04-06,8:38,17:23,N,0.0
1017,마케직원2,마케팅팀,2026-04-07,9:08,18:21,N,0.0
1017,마케직원2,마케팅팀,2026-04-08,8:48,17:55,N,0.0
1017,마케직원2,마케팅팀,2026-04-09,8:55,20:15,N,0.0
1017,마케직원2,마케팅팀,2026-04-10,8:57,18:58,N,0.0
1017,마케직원2,마케팅팀,2026-04-13,8:33,17:51,N,0.0
1017,마케직원2,마케팅팀,2026-04-14,9:01,18:45,N,0.0
1017,마케직원2,마케팅팀,2026-04-15,8:49,18:36,N,0.0
1017,마케직원2,마케팅팀,2026-04-16,8:53,18:34,N,0.0
1017,마케직원2,마케팅팀,2026-04-17,8:50,19:08,N,0.0
1017,마케직원2,마케팅팀,2026-04-20,8:56,19:13,N,0.0
1017,마케직원2,마케팅팀,2026-04-21,8:55,18:18,N,0.0
1017,마케직원2,마케팅팀,2026-04-22,8:51,19:04,N,0.0
1017,마케직원2,마케팅팀,2026-04-23,9:02,18:16,N,0.0
1017,마케직원2,마케팅팀,2026-04-24,8:56,18:29,N,0.0
1017,마케직원2,마케팅팀,2026-04-27,8:59,18:10,N,0.0
1017,마케직원2,마케팅팀,2026-04-28,9:06,18:03,N,0.0
1017,마케직원2,마케팅팀,2026-04-29,8:24,18:18,N,0.0
1017,마케직원2,마케팅팀,2026-04-30,8:59,17:49,N,0.0
1017,마케직원2,마케팅팀,2026-05-01,8:21,19:30,N,0.0
1017,마케직원2,마케팅팀,2026-05-04,9:01,18:44,N,0.0
1017,마케직원2,마케팅팀,2026-05-05,8:53,17:38,N,0.0
1017,마케직원2,마케팅팀,2026-05-06,8:52,20:01,N,0.0
1017,마케직원2,마케팅팀,2026-05-07,8:48,18:07,N,0.0
1017,마케직원2,마케팅팀,2026-05-08,8:59,19:08,N,0.0
1017,마케직원2,마케팅팀,2026-05-11,8:44,18:06,N,0.0
1017,마케직원2,마케팅팀,2026-05-12,9:09,18:08,N,0.0
1017,마케직원2,마케팅팀,2026-05-13,8:43,19:30,N,0.0
1017,마케직원2,마케팅팀,2026-05-14,9:35,18:32,N,0.0
1017,마케직원2,마케팅팀,2026-05-15,9:13,18:27,N,0.0
1017,마케직원2,마케팅팀,2026-05-18,8:56,18:13,N,0.0
1017,마케직원2,마케팅팀,2026-05-19,9:08,17:32,N,0.0
1017,마케직원2,마케팅팀,2026-05-20,8:56,18:38,N,0.0
1017,마케직원2,마케팅팀,2026-05-21,8:46,18:31,N,0.0
1017,마케직원2,마케팅팀,2026-05-22,9:06,19:19,N,0.0
1017,마케직원2,마케팅팀,2026-05-25,8:59,19:28,N,0.0
1017,마케직원2,마케팅팀,2026-05-26,9:07,18:29,N,0.0
1017,마케직원2,마케팅팀,2026-05-27,9:01,19:17,N,0.0
1017,마케직원2,마케팅팀,2026-05-28,8:55,18:53,N,0.0
1017,마케직원2,마케팅팀,2026-05-29,9:05,16:52,N,0.0
1017,마케직원2,마케팅팀,2026-06-01,9:06,17:45,N,0.0
1017,마케직원2,마케팅팀,2026-06-02,8:30,19:03,N,0.0
1017,마케직원2,마케팅팀,2026-06-03,8:52,18:02,N,0.0
1017,마케직원2,마케팅팀,2026-06-04,8:51,18:48,N,0.0
1017,마케직원2,마케팅팀,2026-06-05,8:54,18:22,N,0.0
1017,마케직원2,마케팅팀,2026-06-08,8:54,18:29,N,0.0
1017,마케직원2,마케팅팀,2026-06-09,9:02,19:32,N,0.0
1017,마케직원2,마케팅팀,2026-06-10,8:53,18:51,N,0.0
1017,마케직원2,마케팅팀,2026-06-11,8:50,18:30,N,0.0
1017,마케직원2,마케팅팀,2026-06-12,9:04,19:14,N,0.0
1017,마케직원2,마케팅팀,2026-06-15,8:32,18:37,N,0.0
1017,마케직원2,마케팅팀,2026-06-16,8:50,18:57,N,0.0
1017,마케직원2,마케팅팀,2026-06-17,8:58,18:21,N,0.0
1017,마케직원2,마케팅팀,2026-06-18,8:48,19:16,N,0.0
1017,마케직원2,마케팅팀,2026-06-19,9:08,18:51,N,0.0
1017,마케직원2,마케팅팀,2026-06-22,9:13,18:41,N,0.0
1017,마케직원2,마케팅팀,2026-06-23,8:53,18:59,N,0.0
1017,마케직원2,마케팅팀,2026-06-24,9:03,19:31,N,0.0
1017,마케직원2,마케팅팀,2026-06-25,8:53,18:07,N,0.0
1017,마케직원2,마케팅팀,2026-06-26,8:42,18:44,N,0.0
1017,마케직원2,마케팅팀,2026-06-29,9:17,19:08,N,0.0
1017,마케직원2,마케팅팀,2026-06-30,9:23,18:05,N,0.0
1017,마케직원2,마케팅팀,2026-07-01,8:50,19:13,N,0.0
1017,마케직원2,마케팅팀,2026-07-02,8:47,18:39,N,0.0
1017,마케직원2,마케팅팀,2026-07-03,8:56,19:41,N,0.0
1017,마케직원2,마케팅팀,2026-07-06,8:48,19:21,N,0.0
1017,마케직원2,마케팅팀,2026-07-07,9:01,18:54,N,0.0
1017,마케직원2,마케팅팀,2026-07-08,9:08,18:40,N,0.0
1017,마케직원2,마케팅팀,2026-07-09,8:54,18:08,N,0.0
1017,마케직원2,마케팅팀,2026-07-10,9:12,18:36,N,0.0
1017,마케직원2,마케팅팀,2026-07-13,8:57,17:52,N,0.0
1017,마케직원2,마케팅팀,2026-07-14,8:48,18:36,N,0.0
1017,마케직원2,마케팅팀,2026-07-15,9:22,18:31,N,0.0
1017,마케직원2,마케팅팀,2026-07-16,8:58,18:30,N,0.0
1017,마케직원2,마케팅팀,2026-07-17,9:00,19:14,N,0.0
1017,마케직원2,마케팅팀,2026-07-20,8:40,17:36,N,0.0
1017,마케직원2,마케팅팀,2026-07-21,9:10,17:42,N,0.0
1017,마케직원2,마케팅팀,2026-07-22,8:53,17:57,N,0.0
1017,마케직원2,마케팅팀,2026-07-23,8:49,19:12,N,0.0
1017,마케직원2,마케팅팀,2026-07-24,9:16,19:25,N,0.0
1017,마케직원2,마케팅팀,2026-07-27,8:50,17:40,N,0.0
1017,마케직원2,마케팅팀,2026-07-28,8:41,18:07,N,0.0
1017,마케직원2,마케팅팀,2026-07-29,9:16,18:28,N,0.0
1017,마케직원2,마케팅팀,2026-07-30,9:07,18:05,N,0.0
1017,마케직원2,마케팅팀,2026-07-31,9:53,18:04,N,0.0
1018,마케직원3,마케팅팀,2025-01-01,8:47,19:06,N,0.0
1018,마케직원3,마케팅팀,2025-01-02,8:42,18:49,N,0.0
1018,마케직원3,마케팅팀,2025-01-03,9:16,18:04,N,0.0
1018,마케직원3,마케팅팀,2025-01-06,8:58,18:39,N,0.0
1018,마케직원3,마케팅팀,2025-01-07,9:10,18:44,N,0.0
1018,마케직원3,마케팅팀,2025-01-08,8:58,17:09,N,0.0
1018,마케직원3,마케팅팀,2025-01-09,8:40,17:55,N,0.0
1018,마케직원3,마케팅팀,2025-01-10,8:40,18:14,N,0.0
1018,마케직원3,마케팅팀,2025-01-13,9:03,18:30,N,0.0
1018,마케직원3,마케팅팀,2025-01-14,8:57,18:48,N,0.0
1018,마케직원3,마케팅팀,2025-01-15,9:06,19:51,N,0.0
1018,마케직원3,마케팅팀,2025-01-16,8:53,18:48,N,0.0
1018,마케직원3,마케팅팀,2025-01-17,9:10,19:51,N,0.0
1018,마케직원3,마케팅팀,2025-01-20,8:40,19:12,N,0.0
1018,마케직원3,마케팅팀,2025-01-21,8:30,17:54,N,0.0
1018,마케직원3,마케팅팀,2025-01-22,9:02,17:12,N,0.0
1018,마케직원3,마케팅팀,2025-01-23,8:56,17:03,N,0.0
1018,마케직원3,마케팅팀,2025-01-24,8:50,17:35,N,0.0
1018,마케직원3,마케팅팀,2025-01-27,9:00,19:24,N,0.0
1018,마케직원3,마케팅팀,2025-01-28,9:01,18:20,N,0.0
1018,마케직원3,마케팅팀,2025-01-29,9:52,19:08,N,0.27
1018,마케직원3,마케팅팀,2025-01-30,8:52,17:28,N,0.0
1018,마케직원3,마케팅팀,2025-01-31,8:47,17:58,N,0.0
1018,마케직원3,마케팅팀,2025-02-03,9:11,18:23,N,0.0
1018,마케직원3,마케팅팀,2025-02-04,9:06,18:22,N,0.0
1018,마케직원3,마케팅팀,2025-02-05,8:49,19:07,N,0.0
1018,마케직원3,마케팅팀,2025-02-06,8:52,19:38,N,0.0
1018,마케직원3,마케팅팀,2025-02-07,9:06,17:56,N,0.0
1018,마케직원3,마케팅팀,2025-02-10,9:09,17:27,N,0.0
1018,마케직원3,마케팅팀,2025-02-11,9:01,19:38,N,0.0
1018,마케직원3,마케팅팀,2025-02-12,10:18,19:46,Y,0.0
1018,마케직원3,마케팅팀,2025-02-13,9:04,18:14,N,0.0
1018,마케직원3,마케팅팀,2025-02-14,8:59,17:52,N,0.0
1018,마케직원3,마케팅팀,2025-02-17,9:18,18:13,N,0.0
1018,마케직원3,마케팅팀,2025-02-18,8:43,16:58,N,0.0
1018,마케직원3,마케팅팀,2025-02-19,8:55,18:00,N,0.0
1018,마케직원3,마케팅팀,2025-02-20,9:12,18:11,N,0.0
1018,마케직원3,마케팅팀,2025-02-21,8:55,18:28,N,0.0
1018,마케직원3,마케팅팀,2025-02-24,9:31,19:12,N,0.68
1018,마케직원3,마케팅팀,2025-02-25,8:41,18:46,N,0.0
1018,마케직원3,마케팅팀,2025-02-26,9:03,17:16,N,0.0
1018,마케직원3,마케팅팀,2025-02-27,8:59,18:35,N,0.0
1018,마케직원3,마케팅팀,2025-02-28,8:54,18:48,N,0.0
1018,마케직원3,마케팅팀,2025-03-03,8:54,19:03,N,0.0
1018,마케직원3,마케팅팀,2025-03-04,10:17,17:51,Y,0.0
1018,마케직원3,마케팅팀,2025-03-05,8:47,19:18,N,0.0
1018,마케직원3,마케팅팀,2025-03-06,9:13,17:03,N,0.0
1018,마케직원3,마케팅팀,2025-03-07,8:50,19:38,N,0.0
1018,마케직원3,마케팅팀,2025-03-10,8:57,19:04,N,0.0
1018,마케직원3,마케팅팀,2025-03-11,8:33,16:53,N,0.0
1018,마케직원3,마케팅팀,2025-03-12,9:03,19:23,N,0.0
1018,마케직원3,마케팅팀,2025-03-13,8:59,18:20,N,0.0
1018,마케직원3,마케팅팀,2025-03-14,9:21,18:09,N,0.0
1018,마케직원3,마케팅팀,2025-03-17,8:58,18:23,N,0.0
1018,마케직원3,마케팅팀,2025-03-18,8:58,18:20,N,0.0
1018,마케직원3,마케팅팀,2025-03-19,8:54,19:16,N,0.0
1018,마케직원3,마케팅팀,2025-03-20,8:40,18:26,N,0.0
1018,마케직원3,마케팅팀,2025-03-21,8:53,17:41,N,0.0
1018,마케직원3,마케팅팀,2025-03-24,8:37,17:13,N,0.0
1018,마케직원3,마케팅팀,2025-03-25,8:57,17:48,N,0.0
1018,마케직원3,마케팅팀,2025-03-26,8:48,18:18,N,0.0
1018,마케직원3,마케팅팀,2025-03-27,9:00,18:39,N,0.0
1018,마케직원3,마케팅팀,2025-03-28,9:06,19:04,N,0.0
1018,마케직원3,마케팅팀,2025-03-31,9:36,18:32,N,0.0
1018,마케직원3,마케팅팀,2025-04-01,8:57,17:23,N,0.0
1018,마케직원3,마케팅팀,2025-04-02,9:27,18:21,N,0.0
1018,마케직원3,마케팅팀,2025-04-03,9:40,17:32,N,0.0
1018,마케직원3,마케팅팀,2025-04-04,8:55,18:29,N,0.0
1018,마케직원3,마케팅팀,2025-04-07,8:57,19:02,N,0.0
1018,마케직원3,마케팅팀,2025-04-08,9:51,17:30,N,0.0
1018,마케직원3,마케팅팀,2025-04-09,9:14,18:30,N,0.0
1018,마케직원3,마케팅팀,2025-04-10,9:09,19:34,N,0.0
1018,마케직원3,마케팅팀,2025-04-11,9:05,16:49,N,0.0
1018,마케직원3,마케팅팀,2025-04-14,8:23,18:09,N,0.0
1018,마케직원3,마케팅팀,2025-04-15,8:38,18:22,N,0.0
1018,마케직원3,마케팅팀,2025-04-16,8:32,18:45,N,0.0
1018,마케직원3,마케팅팀,2025-04-17,8:57,19:20,N,0.0
1018,마케직원3,마케팅팀,2025-04-18,8:45,18:38,N,0.0
1018,마케직원3,마케팅팀,2025-04-21,8:47,18:58,N,0.0
1018,마케직원3,마케팅팀,2025-04-22,8:52,18:17,N,0.0
1018,마케직원3,마케팅팀,2025-04-23,8:52,16:23,N,0.0
1018,마케직원3,마케팅팀,2025-04-24,8:53,18:03,N,0.0
1018,마케직원3,마케팅팀,2025-04-25,8:55,18:08,N,0.0
1018,마케직원3,마케팅팀,2025-04-28,8:58,17:42,N,0.0
1018,마케직원3,마케팅팀,2025-04-29,8:26,18:21,N,0.0
1018,마케직원3,마케팅팀,2025-04-30,8:47,18:44,N,0.0
1018,마케직원3,마케팅팀,2025-05-01,9:07,19:43,N,0.0
1018,마케직원3,마케팅팀,2025-05-02,9:50,17:57,N,0.0
1018,마케직원3,마케팅팀,2025-05-05,9:06,18:31,N,0.0
1018,마케직원3,마케팅팀,2025-05-06,8:47,16:58,N,0.0
1018,마케직원3,마케팅팀,2025-05-07,8:58,18:55,N,0.0
1018,마케직원3,마케팅팀,2025-05-08,8:44,18:11,N,0.0
1018,마케직원3,마케팅팀,2025-05-09,9:00,17:58,N,0.0
1018,마케직원3,마케팅팀,2025-05-12,8:40,17:11,N,0.0
1018,마케직원3,마케팅팀,2025-05-13,9:19,19:23,N,0.0
1018,마케직원3,마케팅팀,2025-05-14,8:42,17:56,N,0.0
1018,마케직원3,마케팅팀,2025-05-15,8:54,18:02,N,0.0
1018,마케직원3,마케팅팀,2025-05-16,9:02,18:08,N,0.0
1018,마케직원3,마케팅팀,2025-05-19,9:10,19:11,N,0.0
1018,마케직원3,마케팅팀,2025-05-20,8:56,19:12,N,0.0
1018,마케직원3,마케팅팀,2025-05-21,9:09,17:46,N,0.0
1018,마케직원3,마케팅팀,2025-05-22,8:57,16:51,N,0.0
1018,마케직원3,마케팅팀,2025-05-23,8:38,18:38,N,0.0
1018,마케직원3,마케팅팀,2025-05-26,9:12,19:41,N,0.0
1018,마케직원3,마케팅팀,2025-05-27,8:59,17:22,N,0.0
1018,마케직원3,마케팅팀,2025-05-28,9:04,18:17,N,0.0
1018,마케직원3,마케팅팀,2025-05-29,8:38,18:05,N,0.0
1018,마케직원3,마케팅팀,2025-05-30,8:41,19:22,N,0.0
1018,마케직원3,마케팅팀,2025-06-02,8:53,19:33,N,0.0
1018,마케직원3,마케팅팀,2025-06-03,9:04,18:19,N,0.0
1018,마케직원3,마케팅팀,2025-06-04,9:02,19:51,N,0.0
1018,마케직원3,마케팅팀,2025-06-05,8:53,18:21,N,0.0
1018,마케직원3,마케팅팀,2025-06-06,8:52,18:41,N,0.0
1018,마케직원3,마케팅팀,2025-06-09,9:08,19:12,N,0.0
1018,마케직원3,마케팅팀,2025-06-10,10:19,18:48,Y,0.0
1018,마케직원3,마케팅팀,2025-06-11,8:38,18:26,N,0.0
1018,마케직원3,마케팅팀,2025-06-12,8:45,18:55,N,0.0
1018,마케직원3,마케팅팀,2025-06-13,8:39,18:28,N,0.0
1018,마케직원3,마케팅팀,2025-06-16,8:55,18:38,N,0.0
1018,마케직원3,마케팅팀,2025-06-17,9:08,18:34,N,0.0
1018,마케직원3,마케팅팀,2025-06-18,8:55,19:10,N,0.0
1018,마케직원3,마케팅팀,2025-06-19,9:07,19:07,N,0.0
1018,마케직원3,마케팅팀,2025-06-20,9:18,18:43,N,0.0
1018,마케직원3,마케팅팀,2025-06-23,8:34,18:08,N,0.0
1018,마케직원3,마케팅팀,2025-06-24,9:10,18:04,N,0.0
1018,마케직원3,마케팅팀,2025-06-25,8:40,17:29,N,0.0
1018,마케직원3,마케팅팀,2025-06-26,9:11,19:09,N,0.0
1018,마케직원3,마케팅팀,2025-06-27,9:17,18:42,N,0.0
1018,마케직원3,마케팅팀,2025-06-30,9:42,17:38,N,0.0
1018,마케직원3,마케팅팀,2025-07-01,9:08,18:49,N,0.0
1018,마케직원3,마케팅팀,2025-07-02,8:56,19:00,N,0.0
1018,마케직원3,마케팅팀,2025-07-03,9:05,17:52,N,0.0
1018,마케직원3,마케팅팀,2025-07-04,8:50,18:33,N,0.0
1018,마케직원3,마케팅팀,2025-07-07,9:04,17:49,N,0.0
1018,마케직원3,마케팅팀,2025-07-08,8:35,17:55,N,0.0
1018,마케직원3,마케팅팀,2025-07-09,9:52,18:02,N,0.0
1018,마케직원3,마케팅팀,2025-07-10,8:45,18:47,N,0.0
1018,마케직원3,마케팅팀,2025-07-11,8:42,18:54,N,0.0
1018,마케직원3,마케팅팀,2025-07-14,9:00,20:17,N,0.0
1018,마케직원3,마케팅팀,2025-07-15,8:54,18:23,N,0.0
1018,마케직원3,마케팅팀,2025-07-16,8:55,18:48,N,0.0
1018,마케직원3,마케팅팀,2025-07-17,9:03,17:09,N,0.0
1018,마케직원3,마케팅팀,2025-07-18,8:50,19:02,N,0.0
1018,마케직원3,마케팅팀,2025-07-21,9:57,18:34,N,0.0
1018,마케직원3,마케팅팀,2025-07-22,8:42,17:54,N,0.0
1018,마케직원3,마케팅팀,2025-07-23,9:08,17:45,N,0.0
1018,마케직원3,마케팅팀,2025-07-24,8:42,17:27,N,0.0
1018,마케직원3,마케팅팀,2025-07-25,8:53,19:06,N,0.0
1018,마케직원3,마케팅팀,2025-07-28,8:58,18:57,N,0.0
1018,마케직원3,마케팅팀,2025-07-29,9:26,18:13,N,0.0
1018,마케직원3,마케팅팀,2025-07-30,10:30,19:12,Y,0.0
1018,마케직원3,마케팅팀,2025-07-31,8:55,16:56,N,0.0
1018,마케직원3,마케팅팀,2025-08-01,9:01,17:14,N,0.0
1018,마케직원3,마케팅팀,2025-08-04,8:42,18:20,N,0.0
1018,마케직원3,마케팅팀,2025-08-05,8:55,17:16,N,0.0
1018,마케직원3,마케팅팀,2025-08-06,8:39,17:50,N,0.0
1018,마케직원3,마케팅팀,2025-08-07,8:32,19:00,N,0.0
1018,마케직원3,마케팅팀,2025-08-08,8:31,18:10,N,0.0
1018,마케직원3,마케팅팀,2025-08-11,8:48,18:03,N,0.0
1018,마케직원3,마케팅팀,2025-08-12,8:53,19:11,N,0.0
1018,마케직원3,마케팅팀,2025-08-13,8:43,18:53,N,0.0
1018,마케직원3,마케팅팀,2025-08-14,9:15,18:40,N,0.0
1018,마케직원3,마케팅팀,2025-08-15,8:57,17:26,N,0.0
1018,마케직원3,마케팅팀,2025-08-18,8:54,18:37,N,0.0
1018,마케직원3,마케팅팀,2025-08-19,9:10,18:08,N,0.0
1018,마케직원3,마케팅팀,2025-08-20,8:55,17:42,N,0.0
1018,마케직원3,마케팅팀,2025-08-21,9:06,19:05,N,0.0
1018,마케직원3,마케팅팀,2025-08-22,8:29,18:55,N,0.0
1018,마케직원3,마케팅팀,2025-08-25,8:53,18:08,N,0.0
1018,마케직원3,마케팅팀,2025-08-26,9:04,18:54,N,0.0
1018,마케직원3,마케팅팀,2025-08-27,8:54,17:27,N,0.0
1018,마케직원3,마케팅팀,2025-08-28,9:00,17:58,N,0.0
1018,마케직원3,마케팅팀,2025-08-29,8:52,17:57,N,0.0
1018,마케직원3,마케팅팀,2025-09-01,8:58,18:04,N,0.0
1018,마케직원3,마케팅팀,2025-09-02,8:28,19:58,N,0.0
1018,마케직원3,마케팅팀,2025-09-03,8:38,18:12,N,0.0
1018,마케직원3,마케팅팀,2025-09-04,8:55,19:12,N,0.0
1018,마케직원3,마케팅팀,2025-09-05,9:19,18:01,N,0.0
1018,마케직원3,마케팅팀,2025-09-08,9:01,17:15,N,0.0
1018,마케직원3,마케팅팀,2025-09-09,8:40,19:11,N,0.0
1018,마케직원3,마케팅팀,2025-09-10,8:47,18:02,N,0.0
1018,마케직원3,마케팅팀,2025-09-11,9:09,18:57,N,0.0
1018,마케직원3,마케팅팀,2025-09-12,9:20,17:51,N,0.0
1018,마케직원3,마케팅팀,2025-09-15,8:55,18:31,N,0.0
1018,마케직원3,마케팅팀,2025-09-16,9:35,18:42,N,0.12
1018,마케직원3,마케팅팀,2025-09-17,8:52,17:48,N,0.0
1018,마케직원3,마케팅팀,2025-09-18,9:03,19:48,N,0.0
1018,마케직원3,마케팅팀,2025-09-19,8:46,18:37,N,0.0
1018,마케직원3,마케팅팀,2025-09-22,8:45,17:28,N,0.0
1018,마케직원3,마케팅팀,2025-09-23,10:19,18:37,Y,0.0
1018,마케직원3,마케팅팀,2025-09-24,8:37,18:06,N,0.0
1018,마케직원3,마케팅팀,2025-09-25,8:50,19:33,N,0.0
1018,마케직원3,마케팅팀,2025-09-26,9:03,17:16,N,0.0
1018,마케직원3,마케팅팀,2025-09-29,8:50,19:25,N,0.0
1018,마케직원3,마케팅팀,2025-09-30,9:03,19:58,N,0.0
1018,마케직원3,마케팅팀,2025-10-01,8:34,19:05,N,0.0
1018,마케직원3,마케팅팀,2025-10-02,8:57,18:25,N,0.0
1018,마케직원3,마케팅팀,2025-10-03,8:38,17:58,N,0.0
1018,마케직원3,마케팅팀,2025-10-06,8:47,18:20,N,0.0
1018,마케직원3,마케팅팀,2025-10-07,8:39,18:43,N,0.0
1018,마케직원3,마케팅팀,2025-10-08,8:43,18:51,N,0.0
1018,마케직원3,마케팅팀,2025-10-09,9:01,18:56,N,0.0
1018,마케직원3,마케팅팀,2025-10-10,8:55,18:54,N,0.0
1018,마케직원3,마케팅팀,2025-10-13,9:15,18:44,N,0.0
1018,마케직원3,마케팅팀,2025-10-14,9:07,19:16,N,0.0
1018,마케직원3,마케팅팀,2025-10-15,8:43,17:57,N,0.0
1018,마케직원3,마케팅팀,2025-10-16,9:14,18:25,N,0.0
1018,마케직원3,마케팅팀,2025-10-17,8:31,18:02,N,0.0
1018,마케직원3,마케팅팀,2025-10-20,8:53,18:25,N,0.0
1018,마케직원3,마케팅팀,2025-10-21,8:50,18:34,N,0.0
1018,마케직원3,마케팅팀,2025-10-22,8:47,19:39,N,0.0
1018,마케직원3,마케팅팀,2025-10-23,8:50,19:23,N,0.0
1018,마케직원3,마케팅팀,2025-10-24,8:56,17:53,N,0.0
1018,마케직원3,마케팅팀,2025-10-27,9:10,17:19,N,0.0
1018,마케직원3,마케팅팀,2025-10-28,8:46,19:45,N,0.0
1018,마케직원3,마케팅팀,2025-10-29,9:09,18:46,N,0.0
1018,마케직원3,마케팅팀,2025-10-30,8:55,17:50,N,0.0
1018,마케직원3,마케팅팀,2025-10-31,10:19,18:37,Y,0.0
1018,마케직원3,마케팅팀,2025-11-03,8:43,17:49,N,0.0
1018,마케직원3,마케팅팀,2025-11-04,9:06,18:09,N,0.0
1018,마케직원3,마케팅팀,2025-11-05,8:51,18:14,N,0.0
1018,마케직원3,마케팅팀,2025-11-06,8:44,18:42,N,0.0
1018,마케직원3,마케팅팀,2025-11-07,9:36,17:58,N,0.0
1018,마케직원3,마케팅팀,2025-11-10,9:21,18:12,N,0.0
1018,마케직원3,마케팅팀,2025-11-11,9:02,18:30,N,0.0
1018,마케직원3,마케팅팀,2025-11-12,8:44,19:23,N,0.0
1018,마케직원3,마케팅팀,2025-11-13,9:05,17:29,N,0.0
1018,마케직원3,마케팅팀,2025-11-14,8:50,19:28,N,0.0
1018,마케직원3,마케팅팀,2025-11-17,8:49,18:43,N,0.0
1018,마케직원3,마케팅팀,2025-11-18,8:39,18:18,N,0.0
1018,마케직원3,마케팅팀,2025-11-19,8:55,16:49,N,0.0
1018,마케직원3,마케팅팀,2025-11-20,10:30,18:04,Y,0.0
1018,마케직원3,마케팅팀,2025-11-21,9:03,19:22,N,0.0
1018,마케직원3,마케팅팀,2025-11-24,9:04,18:40,N,0.0
1018,마케직원3,마케팅팀,2025-11-25,8:49,18:25,N,0.0
1018,마케직원3,마케팅팀,2025-11-26,9:15,17:36,N,0.0
1018,마케직원3,마케팅팀,2025-11-27,8:53,19:45,N,0.0
1018,마케직원3,마케팅팀,2025-11-28,9:30,19:01,N,0.52
1018,마케직원3,마케팅팀,2025-12-01,8:52,19:12,N,0.0
1018,마케직원3,마케팅팀,2025-12-02,8:42,18:51,N,0.0
1018,마케직원3,마케팅팀,2025-12-03,10:17,18:45,Y,0.0
1018,마케직원3,마케팅팀,2025-12-04,10:24,17:45,Y,0.0
1018,마케직원3,마케팅팀,2025-12-05,8:46,18:33,N,0.0
1018,마케직원3,마케팅팀,2025-12-08,8:45,18:12,N,0.0
1018,마케직원3,마케팅팀,2025-12-09,8:54,19:12,N,0.0
1018,마케직원3,마케팅팀,2025-12-10,8:57,18:46,N,0.0
1018,마케직원3,마케팅팀,2025-12-11,8:39,18:34,N,0.0
1018,마케직원3,마케팅팀,2025-12-12,9:08,19:01,N,0.0
1018,마케직원3,마케팅팀,2025-12-15,8:42,18:23,N,0.0
1018,마케직원3,마케팅팀,2025-12-16,8:56,17:13,N,0.0
1018,마케직원3,마케팅팀,2025-12-17,8:33,18:07,N,0.0
1018,마케직원3,마케팅팀,2025-12-18,8:40,18:53,N,0.0
1018,마케직원3,마케팅팀,2025-12-19,9:12,18:00,N,0.0
1018,마케직원3,마케팅팀,2025-12-22,8:53,19:32,N,0.0
1018,마케직원3,마케팅팀,2025-12-23,8:51,18:37,N,0.0
1018,마케직원3,마케팅팀,2025-12-24,9:00,19:13,N,0.0
1018,마케직원3,마케팅팀,2025-12-25,9:13,18:21,N,0.0
1018,마케직원3,마케팅팀,2025-12-26,8:48,17:33,N,0.0
1018,마케직원3,마케팅팀,2025-12-29,9:01,18:55,N,0.0
1018,마케직원3,마케팅팀,2025-12-30,8:53,18:52,N,0.0
1018,마케직원3,마케팅팀,2025-12-31,8:49,18:32,N,0.0
1018,마케직원3,마케팅팀,2026-01-01,8:48,19:18,N,0.0
1018,마케직원3,마케팅팀,2026-01-02,9:14,19:14,N,0.0
1018,마케직원3,마케팅팀,2026-01-05,8:55,19:47,N,0.0
1018,마케직원3,마케팅팀,2026-01-06,9:11,19:26,N,0.0
1018,마케직원3,마케팅팀,2026-01-07,9:05,18:36,N,0.0
1018,마케직원3,마케팅팀,2026-01-08,8:48,18:16,N,0.0
1018,마케직원3,마케팅팀,2026-01-09,8:50,18:45,N,0.0
1018,마케직원3,마케팅팀,2026-01-12,10:00,18:01,N,0.0
1018,마케직원3,마케팅팀,2026-01-13,9:32,17:42,N,0.0
1018,마케직원3,마케팅팀,2026-01-14,8:58,19:17,N,0.0
1018,마케직원3,마케팅팀,2026-01-15,8:48,18:17,N,0.0
1018,마케직원3,마케팅팀,2026-01-16,8:45,19:06,N,0.0
1018,마케직원3,마케팅팀,2026-01-19,9:01,18:48,N,0.0
1018,마케직원3,마케팅팀,2026-01-20,8:46,18:09,N,0.0
1018,마케직원3,마케팅팀,2026-01-21,8:50,17:57,N,0.0
1018,마케직원3,마케팅팀,2026-01-22,8:59,19:07,N,0.0
1018,마케직원3,마케팅팀,2026-01-23,8:51,19:11,N,0.0
1018,마케직원3,마케팅팀,2026-01-26,9:02,19:16,N,0.0
1018,마케직원3,마케팅팀,2026-01-27,8:57,18:53,N,0.0
1018,마케직원3,마케팅팀,2026-01-28,10:26,17:57,Y,0.0
1018,마케직원3,마케팅팀,2026-01-29,8:49,17:32,N,0.0
1018,마케직원3,마케팅팀,2026-01-30,9:00,18:49,N,0.0
1018,마케직원3,마케팅팀,2026-02-02,8:48,17:36,N,0.0
1018,마케직원3,마케팅팀,2026-02-03,8:49,18:01,N,0.0
1018,마케직원3,마케팅팀,2026-02-04,8:56,18:35,N,0.0
1018,마케직원3,마케팅팀,2026-02-05,8:44,17:14,N,0.0
1018,마케직원3,마케팅팀,2026-02-06,9:15,17:51,N,0.0
1018,마케직원3,마케팅팀,2026-02-09,9:15,18:33,N,0.0
1018,마케직원3,마케팅팀,2026-02-10,8:43,18:48,N,0.0
1018,마케직원3,마케팅팀,2026-02-11,8:31,17:59,N,0.0
1018,마케직원3,마케팅팀,2026-02-12,8:46,18:22,N,0.0
1018,마케직원3,마케팅팀,2026-02-13,9:15,18:30,N,0.0
1018,마케직원3,마케팅팀,2026-02-16,9:18,19:14,N,0.0
1018,마케직원3,마케팅팀,2026-02-17,9:15,19:56,N,0.0
1018,마케직원3,마케팅팀,2026-02-18,8:46,18:18,N,0.0
1018,마케직원3,마케팅팀,2026-02-19,8:37,17:32,N,0.0
1018,마케직원3,마케팅팀,2026-02-20,8:48,17:33,N,0.0
1018,마케직원3,마케팅팀,2026-02-23,9:06,17:15,N,0.0
1018,마케직원3,마케팅팀,2026-02-24,8:43,18:45,N,0.0
1018,마케직원3,마케팅팀,2026-02-25,9:01,18:31,N,0.0
1018,마케직원3,마케팅팀,2026-02-26,8:43,18:40,N,0.0
1018,마케직원3,마케팅팀,2026-02-27,8:59,18:54,N,0.0
1018,마케직원3,마케팅팀,2026-03-02,9:06,19:59,N,0.0
1018,마케직원3,마케팅팀,2026-03-03,8:43,18:02,N,0.0
1018,마케직원3,마케팅팀,2026-03-04,8:52,19:00,N,0.0
1018,마케직원3,마케팅팀,2026-03-05,8:51,17:47,N,0.0
1018,마케직원3,마케팅팀,2026-03-06,8:54,19:39,N,0.0
1018,마케직원3,마케팅팀,2026-03-09,8:58,17:57,N,0.0
1018,마케직원3,마케팅팀,2026-03-10,8:52,17:54,N,0.0
1018,마케직원3,마케팅팀,2026-03-11,8:42,18:33,N,0.0
1018,마케직원3,마케팅팀,2026-03-12,8:33,19:35,N,0.0
1018,마케직원3,마케팅팀,2026-03-13,9:08,18:11,N,0.0
1018,마케직원3,마케팅팀,2026-03-16,8:54,18:03,N,0.0
1018,마케직원3,마케팅팀,2026-03-17,8:54,18:38,N,0.0
1018,마케직원3,마케팅팀,2026-03-18,8:55,17:51,N,0.0
1018,마케직원3,마케팅팀,2026-03-19,8:56,19:07,N,0.0
1018,마케직원3,마케팅팀,2026-03-20,9:33,19:35,N,1.03
1018,마케직원3,마케팅팀,2026-03-23,8:38,17:41,N,0.0
1018,마케직원3,마케팅팀,2026-03-24,8:56,18:25,N,0.0
1018,마케직원3,마케팅팀,2026-03-25,8:47,18:50,N,0.0
1018,마케직원3,마케팅팀,2026-03-26,8:59,18:45,N,0.0
1018,마케직원3,마케팅팀,2026-03-27,8:58,17:37,N,0.0
1018,마케직원3,마케팅팀,2026-03-30,8:56,17:50,N,0.0
1018,마케직원3,마케팅팀,2026-03-31,8:53,18:51,N,0.0
1018,마케직원3,마케팅팀,2026-04-01,8:58,18:09,N,0.0
1018,마케직원3,마케팅팀,2026-04-02,8:49,19:33,N,0.0
1018,마케직원3,마케팅팀,2026-04-03,9:01,17:40,N,0.0
1018,마케직원3,마케팅팀,2026-04-06,8:54,17:36,N,0.0
1018,마케직원3,마케팅팀,2026-04-07,8:48,18:05,N,0.0
1018,마케직원3,마케팅팀,2026-04-08,8:59,18:01,N,0.0
1018,마케직원3,마케팅팀,2026-04-09,9:10,18:58,N,0.0
1018,마케직원3,마케팅팀,2026-04-10,8:32,19:15,N,0.0
1018,마케직원3,마케팅팀,2026-04-13,8:50,18:22,N,0.0
1018,마케직원3,마케팅팀,2026-04-14,8:57,18:29,N,0.0
1018,마케직원3,마케팅팀,2026-04-15,8:46,18:21,N,0.0
1018,마케직원3,마케팅팀,2026-04-16,8:59,18:42,N,0.0
1018,마케직원3,마케팅팀,2026-04-17,9:05,19:31,N,0.0
1018,마케직원3,마케팅팀,2026-04-20,9:10,19:15,N,0.0
1018,마케직원3,마케팅팀,2026-04-21,8:39,17:51,N,0.0
1018,마케직원3,마케팅팀,2026-04-22,9:54,18:55,N,0.02
1018,마케직원3,마케팅팀,2026-04-23,8:59,18:23,N,0.0
1018,마케직원3,마케팅팀,2026-04-24,9:08,18:59,N,0.0
1018,마케직원3,마케팅팀,2026-04-27,8:39,18:10,N,0.0
1018,마케직원3,마케팅팀,2026-04-28,8:41,19:19,N,0.0
1018,마케직원3,마케팅팀,2026-04-29,8:59,18:23,N,0.0
1018,마케직원3,마케팅팀,2026-04-30,9:14,19:00,N,0.0
1018,마케직원3,마케팅팀,2026-05-01,8:44,18:57,N,0.0
1018,마케직원3,마케팅팀,2026-05-04,8:59,18:34,N,0.0
1018,마케직원3,마케팅팀,2026-05-05,8:56,17:59,N,0.0
1018,마케직원3,마케팅팀,2026-05-06,8:41,18:31,N,0.0
1018,마케직원3,마케팅팀,2026-05-07,8:51,18:49,N,0.0
1018,마케직원3,마케팅팀,2026-05-08,8:50,19:00,N,0.0
1018,마케직원3,마케팅팀,2026-05-11,9:07,19:25,N,0.0
1018,마케직원3,마케팅팀,2026-05-12,8:33,18:20,N,0.0
1018,마케직원3,마케팅팀,2026-05-13,8:54,19:08,N,0.0
1018,마케직원3,마케팅팀,2026-05-14,8:43,19:31,N,0.0
1018,마케직원3,마케팅팀,2026-05-15,9:18,18:25,N,0.0
1018,마케직원3,마케팅팀,2026-05-18,9:20,18:19,N,0.0
1018,마케직원3,마케팅팀,2026-05-19,9:03,19:02,N,0.0
1018,마케직원3,마케팅팀,2026-05-20,8:58,19:12,N,0.0
1018,마케직원3,마케팅팀,2026-05-21,9:00,19:32,N,0.0
1018,마케직원3,마케팅팀,2026-05-22,9:07,19:42,N,0.0
1018,마케직원3,마케팅팀,2026-05-25,9:10,19:31,N,0.0
1018,마케직원3,마케팅팀,2026-05-26,9:05,18:24,N,0.0
1018,마케직원3,마케팅팀,2026-05-27,8:50,18:36,N,0.0
1018,마케직원3,마케팅팀,2026-05-28,9:01,18:00,N,0.0
1018,마케직원3,마케팅팀,2026-05-29,8:49,18:51,N,0.0
1018,마케직원3,마케팅팀,2026-06-01,8:55,18:28,N,0.0
1018,마케직원3,마케팅팀,2026-06-02,8:54,17:18,N,0.0
1018,마케직원3,마케팅팀,2026-06-03,8:52,18:47,N,0.0
1018,마케직원3,마케팅팀,2026-06-04,8:58,18:50,N,0.0
1018,마케직원3,마케팅팀,2026-06-05,8:46,17:28,N,0.0
1018,마케직원3,마케팅팀,2026-06-08,8:56,17:07,N,0.0
1018,마케직원3,마케팅팀,2026-06-09,8:35,17:43,N,0.0
1018,마케직원3,마케팅팀,2026-06-10,8:54,17:40,N,0.0
1018,마케직원3,마케팅팀,2026-06-11,9:02,18:33,N,0.0
1018,마케직원3,마케팅팀,2026-06-12,8:50,17:34,N,0.0
1018,마케직원3,마케팅팀,2026-06-15,8:55,18:50,N,0.0
1018,마케직원3,마케팅팀,2026-06-16,8:54,18:23,N,0.0
1018,마케직원3,마케팅팀,2026-06-17,9:03,17:42,N,0.0
1018,마케직원3,마케팅팀,2026-06-18,9:15,18:37,N,0.0
1018,마케직원3,마케팅팀,2026-06-19,9:21,19:21,N,0.0
1018,마케직원3,마케팅팀,2026-06-22,9:00,18:09,N,0.0
1018,마케직원3,마케팅팀,2026-06-23,8:44,18:29,N,0.0
1018,마케직원3,마케팅팀,2026-06-24,9:06,18:00,N,0.0
1018,마케직원3,마케팅팀,2026-06-25,9:13,18:24,N,0.0
1018,마케직원3,마케팅팀,2026-06-26,8:59,17:59,N,0.0
1018,마케직원3,마케팅팀,2026-06-29,9:05,19:11,N,0.0
1018,마케직원3,마케팅팀,2026-06-30,8:49,18:20,N,0.0
1018,마케직원3,마케팅팀,2026-07-01,8:45,19:05,N,0.0
1018,마케직원3,마케팅팀,2026-07-02,8:48,16:36,N,0.0
1018,마케직원3,마케팅팀,2026-07-03,8:53,18:39,N,0.0
1018,마케직원3,마케팅팀,2026-07-06,8:54,19:32,N,0.0
1018,마케직원3,마케팅팀,2026-07-07,8:53,16:59,N,0.0
1018,마케직원3,마케팅팀,2026-07-08,9:03,18:39,N,0.0
1018,마케직원3,마케팅팀,2026-07-09,9:06,19:29,N,0.0
1018,마케직원3,마케팅팀,2026-07-10,8:39,18:19,N,0.0
1018,마케직원3,마케팅팀,2026-07-13,8:51,17:34,N,0.0
1018,마케직원3,마케팅팀,2026-07-14,9:06,18:09,N,0.0
1018,마케직원3,마케팅팀,2026-07-15,9:01,17:31,N,0.0
1018,마케직원3,마케팅팀,2026-07-16,8:57,19:06,N,0.0
1018,마케직원3,마케팅팀,2026-07-17,8:41,18:32,N,0.0
1018,마케직원3,마케팅팀,2026-07-20,8:53,16:50,N,0.0
1018,마케직원3,마케팅팀,2026-07-21,8:53,18:34,N,0.0
1018,마케직원3,마케팅팀,2026-07-22,8:58,17:21,N,0.0
1018,마케직원3,마케팅팀,2026-07-23,9:02,19:27,N,0.0
1018,마케직원3,마케팅팀,2026-07-24,8:55,17:44,N,0.0
1018,마케직원3,마케팅팀,2026-07-27,9:03,19:42,N,0.0
1018,마케직원3,마케팅팀,2026-07-28,8:53,18:44,N,0.0
1018,마케직원3,마케팅팀,2026-07-29,8:59,18:53,N,0.0
1018,마케직원3,마케팅팀,2026-07-30,9:07,17:47,N,0.0
1018,마케직원3,마케팅팀,2026-07-31,9:12,18:36,N,0.0
1019,마케직원4,마케팅팀,2025-01-01,9:10,17:59,N,0.0
1019,마케직원4,마케팅팀,2025-01-02,8:51,17:11,N,0.0
1019,마케직원4,마케팅팀,2025-01-03,8:59,17:55,N,0.0
1019,마케직원4,마케팅팀,2025-01-06,9:07,19:01,N,0.0
1019,마케직원4,마케팅팀,2025-01-07,9:54,18:36,N,0.0
1019,마케직원4,마케팅팀,2025-01-08,8:34,18:51,N,0.0
1019,마케직원4,마케팅팀,2025-01-09,8:59,18:18,N,0.0
1019,마케직원4,마케팅팀,2025-01-10,8:55,19:29,N,0.0
1019,마케직원4,마케팅팀,2025-01-13,9:04,18:18,N,0.0
1019,마케직원4,마케팅팀,2025-01-14,8:57,17:47,N,0.0
1019,마케직원4,마케팅팀,2025-01-15,8:56,17:41,N,0.0
1019,마케직원4,마케팅팀,2025-01-16,9:04,17:27,N,0.0
1019,마케직원4,마케팅팀,2025-01-17,9:08,19:11,N,0.0
1019,마케직원4,마케팅팀,2025-01-20,9:09,18:16,N,0.0
1019,마케직원4,마케팅팀,2025-01-21,9:54,18:01,N,0.0
1019,마케직원4,마케팅팀,2025-01-22,8:56,17:14,N,0.0
1019,마케직원4,마케팅팀,2025-01-23,9:39,18:10,N,0.0
1019,마케직원4,마케팅팀,2025-01-24,8:49,19:48,N,0.0
1019,마케직원4,마케팅팀,2025-01-27,8:55,18:46,N,0.0
1019,마케직원4,마케팅팀,2025-01-28,8:56,17:19,N,0.0
1019,마케직원4,마케팅팀,2025-01-29,9:18,17:38,N,0.0
1019,마케직원4,마케팅팀,2025-01-30,8:42,18:37,N,0.0
1019,마케직원4,마케팅팀,2025-01-31,8:53,17:34,N,0.0
1019,마케직원4,마케팅팀,2025-02-03,9:02,19:21,N,0.0
1019,마케직원4,마케팅팀,2025-02-04,9:02,18:17,N,0.0
1019,마케직원4,마케팅팀,2025-02-05,8:55,17:43,N,0.0
1019,마케직원4,마케팅팀,2025-02-06,8:35,17:08,N,0.0
1019,마케직원4,마케팅팀,2025-02-07,8:57,19:20,N,0.0
1019,마케직원4,마케팅팀,2025-02-10,8:52,18:14,N,0.0
1019,마케직원4,마케팅팀,2025-02-11,8:36,17:30,N,0.0
1019,마케직원4,마케팅팀,2025-02-12,9:18,17:53,N,0.0
1019,마케직원4,마케팅팀,2025-02-13,8:42,19:00,N,0.0
1019,마케직원4,마케팅팀,2025-02-14,8:49,19:00,N,0.0
1019,마케직원4,마케팅팀,2025-02-17,8:43,18:31,N,0.0
1019,마케직원4,마케팅팀,2025-02-18,8:54,18:22,N,0.0
1019,마케직원4,마케팅팀,2025-02-19,9:04,19:48,N,0.0
1019,마케직원4,마케팅팀,2025-02-20,9:43,17:56,N,0.0
1019,마케직원4,마케팅팀,2025-02-21,8:47,18:15,N,0.0
1019,마케직원4,마케팅팀,2025-02-24,8:44,17:50,N,0.0
1019,마케직원4,마케팅팀,2025-02-25,9:32,17:58,N,0.0
1019,마케직원4,마케팅팀,2025-02-26,8:45,18:56,N,0.0
1019,마케직원4,마케팅팀,2025-02-27,8:45,18:39,N,0.0
1019,마케직원4,마케팅팀,2025-02-28,9:06,18:40,N,0.0
1019,마케직원4,마케팅팀,2025-03-03,8:31,19:16,N,0.0
1019,마케직원4,마케팅팀,2025-03-04,8:45,18:17,N,0.0
1019,마케직원4,마케팅팀,2025-03-05,9:05,18:43,N,0.0
1019,마케직원4,마케팅팀,2025-03-06,8:47,18:28,N,0.0
1019,마케직원4,마케팅팀,2025-03-07,8:49,18:14,N,0.0
1019,마케직원4,마케팅팀,2025-03-10,8:47,18:48,N,0.0
1019,마케직원4,마케팅팀,2025-03-11,9:07,17:22,N,0.0
1019,마케직원4,마케팅팀,2025-03-12,9:02,17:20,N,0.0
1019,마케직원4,마케팅팀,2025-03-13,8:50,18:03,N,0.0
1019,마케직원4,마케팅팀,2025-03-14,8:54,18:57,N,0.0
1019,마케직원4,마케팅팀,2025-03-17,8:56,17:58,N,0.0
1019,마케직원4,마케팅팀,2025-03-18,8:59,18:43,N,0.0
1019,마케직원4,마케팅팀,2025-03-19,8:55,19:51,N,0.0
1019,마케직원4,마케팅팀,2025-03-20,8:49,19:02,N,0.0
1019,마케직원4,마케팅팀,2025-03-21,9:04,17:46,N,0.0
1019,마케직원4,마케팅팀,2025-03-24,9:35,18:55,N,0.33
1019,마케직원4,마케팅팀,2025-03-25,8:41,18:42,N,0.0
1019,마케직원4,마케팅팀,2025-03-26,9:01,18:34,N,0.0
1019,마케직원4,마케팅팀,2025-03-27,9:15,19:13,N,0.0
1019,마케직원4,마케팅팀,2025-03-28,9:11,18:23,N,0.0
1019,마케직원4,마케팅팀,2025-03-31,9:02,19:19,N,0.0
1019,마케직원4,마케팅팀,2025-04-01,9:03,18:55,N,0.0
1019,마케직원4,마케팅팀,2025-04-02,9:30,19:00,N,0.5
1019,마케직원4,마케팅팀,2025-04-03,9:03,19:02,N,0.0
1019,마케직원4,마케팅팀,2025-04-04,9:07,17:52,N,0.0
1019,마케직원4,마케팅팀,2025-04-07,9:02,19:08,N,0.0
1019,마케직원4,마케팅팀,2025-04-08,8:36,17:45,N,0.0
1019,마케직원4,마케팅팀,2025-04-09,9:32,17:48,N,0.0
1019,마케직원4,마케팅팀,2025-04-10,9:03,19:01,N,0.0
1019,마케직원4,마케팅팀,2025-04-11,8:48,18:48,N,0.0
1019,마케직원4,마케팅팀,2025-04-14,9:05,16:29,N,0.0
1019,마케직원4,마케팅팀,2025-04-15,9:37,18:49,N,0.2
1019,마케직원4,마케팅팀,2025-04-16,9:03,17:29,N,0.0
1019,마케직원4,마케팅팀,2025-04-17,9:01,18:49,N,0.0
1019,마케직원4,마케팅팀,2025-04-18,9:09,18:43,N,0.0
1019,마케직원4,마케팅팀,2025-04-21,8:50,18:49,N,0.0
1019,마케직원4,마케팅팀,2025-04-22,9:33,18:24,N,0.0
1019,마케직원4,마케팅팀,2025-04-23,8:51,18:12,N,0.0
1019,마케직원4,마케팅팀,2025-04-24,8:48,17:43,N,0.0
1019,마케직원4,마케팅팀,2025-04-25,8:55,19:27,N,0.0
1019,마케직원4,마케팅팀,2025-04-28,8:55,17:58,N,0.0
1019,마케직원4,마케팅팀,2025-04-29,8:49,19:16,N,0.0
1019,마케직원4,마케팅팀,2025-04-30,9:13,18:23,N,0.0
1019,마케직원4,마케팅팀,2025-05-01,8:45,17:51,N,0.0
1019,마케직원4,마케팅팀,2025-05-02,8:53,18:06,N,0.0
1019,마케직원4,마케팅팀,2025-05-05,9:13,17:28,N,0.0
1019,마케직원4,마케팅팀,2025-05-06,8:37,18:14,N,0.0
1019,마케직원4,마케팅팀,2025-05-07,9:15,18:51,N,0.0
1019,마케직원4,마케팅팀,2025-05-08,8:54,19:26,N,0.0
1019,마케직원4,마케팅팀,2025-05-09,8:50,19:12,N,0.0
1019,마케직원4,마케팅팀,2025-05-12,8:47,18:13,N,0.0
1019,마케직원4,마케팅팀,2025-05-13,9:03,18:52,N,0.0
1019,마케직원4,마케팅팀,2025-05-14,8:43,18:54,N,0.0
1019,마케직원4,마케팅팀,2025-05-15,9:01,18:48,N,0.0
1019,마케직원4,마케팅팀,2025-05-16,9:10,19:22,N,0.0
1019,마케직원4,마케팅팀,2025-05-19,8:46,17:52,N,0.0
1019,마케직원4,마케팅팀,2025-05-20,9:00,18:53,N,0.0
1019,마케직원4,마케팅팀,2025-05-21,8:57,19:03,N,0.0
1019,마케직원4,마케팅팀,2025-05-22,8:47,18:34,N,0.0
1019,마케직원4,마케팅팀,2025-05-23,8:48,18:19,N,0.0
1019,마케직원4,마케팅팀,2025-05-26,8:44,18:16,N,0.0
1019,마케직원4,마케팅팀,2025-05-27,8:57,18:49,N,0.0
1019,마케직원4,마케팅팀,2025-05-28,10:04,18:37,Y,0.0
1019,마케직원4,마케팅팀,2025-05-29,8:42,17:47,N,0.0
1019,마케직원4,마케팅팀,2025-05-30,8:38,19:18,N,0.0
1019,마케직원4,마케팅팀,2025-06-02,8:57,18:58,N,0.0
1019,마케직원4,마케팅팀,2025-06-03,8:52,18:11,N,0.0
1019,마케직원4,마케팅팀,2025-06-04,9:08,19:36,N,0.0
1019,마케직원4,마케팅팀,2025-06-05,8:42,17:41,N,0.0
1019,마케직원4,마케팅팀,2025-06-06,8:49,18:50,N,0.0
1019,마케직원4,마케팅팀,2025-06-09,9:15,19:08,N,0.0
1019,마케직원4,마케팅팀,2025-06-10,8:56,18:40,N,0.0
1019,마케직원4,마케팅팀,2025-06-11,8:55,19:45,N,0.0
1019,마케직원4,마케팅팀,2025-06-12,8:55,19:36,N,0.0
1019,마케직원4,마케팅팀,2025-06-13,8:47,17:13,N,0.0
1019,마케직원4,마케팅팀,2025-06-16,9:00,18:39,N,0.0
1019,마케직원4,마케팅팀,2025-06-17,8:41,17:57,N,0.0
1019,마케직원4,마케팅팀,2025-06-18,8:49,18:48,N,0.0
1019,마케직원4,마케팅팀,2025-06-19,8:55,17:40,N,0.0
1019,마케직원4,마케팅팀,2025-06-20,8:39,18:32,N,0.0
1019,마케직원4,마케팅팀,2025-06-23,8:44,18:30,N,0.0
1019,마케직원4,마케팅팀,2025-06-24,9:20,18:22,N,0.0
1019,마케직원4,마케팅팀,2025-06-25,8:58,18:43,N,0.0
1019,마케직원4,마케팅팀,2025-06-26,8:53,18:21,N,0.0
1019,마케직원4,마케팅팀,2025-06-27,8:43,19:19,N,0.0
1019,마케직원4,마케팅팀,2025-06-30,9:00,19:09,N,0.0
1019,마케직원4,마케팅팀,2025-07-01,8:59,19:52,N,0.0
1019,마케직원4,마케팅팀,2025-07-02,10:05,16:23,Y,0.0
1019,마케직원4,마케팅팀,2025-07-03,8:57,17:32,N,0.0
1019,마케직원4,마케팅팀,2025-07-04,9:20,17:14,N,0.0
1019,마케직원4,마케팅팀,2025-07-07,8:56,18:03,N,0.0
1019,마케직원4,마케팅팀,2025-07-08,9:13,19:00,N,0.0
1019,마케직원4,마케팅팀,2025-07-09,8:53,18:18,N,0.0
1019,마케직원4,마케팅팀,2025-07-10,9:07,18:50,N,0.0
1019,마케직원4,마케팅팀,2025-07-11,8:40,18:34,N,0.0
1019,마케직원4,마케팅팀,2025-07-14,8:52,18:32,N,0.0
1019,마케직원4,마케팅팀,2025-07-15,8:55,19:05,N,0.0
1019,마케직원4,마케팅팀,2025-07-16,9:06,17:54,N,0.0
1019,마케직원4,마케팅팀,2025-07-17,8:52,18:35,N,0.0
1019,마케직원4,마케팅팀,2025-07-18,8:51,19:00,N,0.0
1019,마케직원4,마케팅팀,2025-07-21,9:04,17:36,N,0.0
1019,마케직원4,마케팅팀,2025-07-22,8:55,18:26,N,0.0
1019,마케직원4,마케팅팀,2025-07-23,8:57,18:35,N,0.0
1019,마케직원4,마케팅팀,2025-07-24,8:45,18:40,N,0.0
1019,마케직원4,마케팅팀,2025-07-25,8:51,18:04,N,0.0
1019,마케직원4,마케팅팀,2025-07-28,9:17,18:50,N,0.0
1019,마케직원4,마케팅팀,2025-07-29,8:50,18:17,N,0.0
1019,마케직원4,마케팅팀,2025-07-30,9:08,19:28,N,0.0
1019,마케직원4,마케팅팀,2025-07-31,8:33,18:29,N,0.0
1019,마케직원4,마케팅팀,2025-08-01,8:53,19:33,N,0.0
1019,마케직원4,마케팅팀,2025-08-04,8:51,18:57,N,0.0
1019,마케직원4,마케팅팀,2025-08-05,8:46,18:15,N,0.0
1019,마케직원4,마케팅팀,2025-08-06,9:11,18:46,N,0.0
1019,마케직원4,마케팅팀,2025-08-07,9:11,19:06,N,0.0
1019,마케직원4,마케팅팀,2025-08-08,9:02,20:19,N,0.0
1019,마케직원4,마케팅팀,2025-08-11,8:43,18:31,N,0.0
1019,마케직원4,마케팅팀,2025-08-12,9:08,18:37,N,0.0
1019,마케직원4,마케팅팀,2025-08-13,8:58,18:19,N,0.0
1019,마케직원4,마케팅팀,2025-08-14,8:44,17:58,N,0.0
1019,마케직원4,마케팅팀,2025-08-15,9:02,18:56,N,0.0
1019,마케직원4,마케팅팀,2025-08-18,8:55,17:52,N,0.0
1019,마케직원4,마케팅팀,2025-08-19,8:34,18:45,N,0.0
1019,마케직원4,마케팅팀,2025-08-20,9:32,17:50,N,0.0
1019,마케직원4,마케팅팀,2025-08-21,9:11,17:39,N,0.0
1019,마케직원4,마케팅팀,2025-08-22,10:00,19:15,N,0.25
1019,마케직원4,마케팅팀,2025-08-25,8:33,17:42,N,0.0
1019,마케직원4,마케팅팀,2025-08-26,8:53,18:06,N,0.0
1019,마케직원4,마케팅팀,2025-08-27,9:00,18:03,N,0.0
1019,마케직원4,마케팅팀,2025-08-28,8:52,17:51,N,0.0
1019,마케직원4,마케팅팀,2025-08-29,9:01,19:39,N,0.0
1019,마케직원4,마케팅팀,2025-09-01,8:58,19:19,N,0.0
1019,마케직원4,마케팅팀,2025-09-02,8:52,18:20,N,0.0
1019,마케직원4,마케팅팀,2025-09-03,8:38,17:32,N,0.0
1019,마케직원4,마케팅팀,2025-09-04,9:10,18:28,N,0.0
1019,마케직원4,마케팅팀,2025-09-05,9:21,19:08,N,0.0
1019,마케직원4,마케팅팀,2025-09-08,9:41,17:52,N,0.0
1019,마케직원4,마케팅팀,2025-09-09,8:51,19:32,N,0.0
1019,마케직원4,마케팅팀,2025-09-10,10:28,18:41,Y,0.0
1019,마케직원4,마케팅팀,2025-09-11,9:03,19:28,N,0.0
1019,마케직원4,마케팅팀,2025-09-12,8:35,17:37,N,0.0
1019,마케직원4,마케팅팀,2025-09-15,9:10,18:41,N,0.0
1019,마케직원4,마케팅팀,2025-09-16,8:51,18:24,N,0.0
1019,마케직원4,마케팅팀,2025-09-17,9:00,19:21,N,0.0
1019,마케직원4,마케팅팀,2025-09-18,8:43,17:58,N,0.0
1019,마케직원4,마케팅팀,2025-09-19,10:00,17:51,N,0.0
1019,마케직원4,마케팅팀,2025-09-22,8:37,18:26,N,0.0
1019,마케직원4,마케팅팀,2025-09-23,9:03,18:36,N,0.0
1019,마케직원4,마케팅팀,2025-09-24,10:10,18:57,Y,0.0
1019,마케직원4,마케팅팀,2025-09-25,8:58,17:54,N,0.0
1019,마케직원4,마케팅팀,2025-09-26,9:04,18:38,N,0.0
1019,마케직원4,마케팅팀,2025-09-29,9:05,18:11,N,0.0
1019,마케직원4,마케팅팀,2025-09-30,8:47,17:46,N,0.0
1019,마케직원4,마케팅팀,2025-10-01,8:56,18:41,N,0.0
1019,마케직원4,마케팅팀,2025-10-02,8:56,19:02,N,0.0
1019,마케직원4,마케팅팀,2025-10-03,9:02,17:57,N,0.0
1019,마케직원4,마케팅팀,2025-10-06,9:03,18:50,N,0.0
1019,마케직원4,마케팅팀,2025-10-07,10:00,17:43,N,0.0
1019,마케직원4,마케팅팀,2025-10-08,9:19,18:49,N,0.0
1019,마케직원4,마케팅팀,2025-10-09,8:48,17:56,N,0.0
1019,마케직원4,마케팅팀,2025-10-10,8:49,17:35,N,0.0
1019,마케직원4,마케팅팀,2025-10-13,8:51,17:49,N,0.0
1019,마케직원4,마케팅팀,2025-10-14,8:43,18:26,N,0.0
1019,마케직원4,마케팅팀,2025-10-15,8:42,18:25,N,0.0
1019,마케직원4,마케팅팀,2025-10-16,8:34,17:57,N,0.0
1019,마케직원4,마케팅팀,2025-10-17,8:42,19:21,N,0.0
1019,마케직원4,마케팅팀,2025-10-20,8:51,18:09,N,0.0
1019,마케직원4,마케팅팀,2025-10-21,10:28,19:03,Y,0.0
1019,마케직원4,마케팅팀,2025-10-22,9:47,18:39,N,0.0
1019,마케직원4,마케팅팀,2025-10-23,8:59,19:04,N,0.0
1019,마케직원4,마케팅팀,2025-10-24,8:44,18:07,N,0.0
1019,마케직원4,마케팅팀,2025-10-27,9:01,19:01,N,0.0
1019,마케직원4,마케팅팀,2025-10-28,8:55,19:00,N,0.0
1019,마케직원4,마케팅팀,2025-10-29,8:56,17:42,N,0.0
1019,마케직원4,마케팅팀,2025-10-30,8:41,19:08,N,0.0
1019,마케직원4,마케팅팀,2025-10-31,9:10,17:55,N,0.0
1019,마케직원4,마케팅팀,2025-11-03,9:12,18:46,N,0.0
1019,마케직원4,마케팅팀,2025-11-04,8:53,19:11,N,0.0
1019,마케직원4,마케팅팀,2025-11-05,8:48,18:13,N,0.0
1019,마케직원4,마케팅팀,2025-11-06,8:55,18:25,N,0.0
1019,마케직원4,마케팅팀,2025-11-07,8:51,18:49,N,0.0
1019,마케직원4,마케팅팀,2025-11-10,9:03,19:30,N,0.0
1019,마케직원4,마케팅팀,2025-11-11,8:38,18:08,N,0.0
1019,마케직원4,마케팅팀,2025-11-12,9:05,18:46,N,0.0
1019,마케직원4,마케팅팀,2025-11-13,9:04,18:43,N,0.0
1019,마케직원4,마케팅팀,2025-11-14,8:48,18:54,N,0.0
1019,마케직원4,마케팅팀,2025-11-17,8:56,19:42,N,0.0
1019,마케직원4,마케팅팀,2025-11-18,9:04,19:52,N,0.0
1019,마케직원4,마케팅팀,2025-11-19,8:42,18:12,N,0.0
1019,마케직원4,마케팅팀,2025-11-20,9:04,17:42,N,0.0
1019,마케직원4,마케팅팀,2025-11-21,8:58,19:48,N,0.0
1019,마케직원4,마케팅팀,2025-11-24,9:15,18:08,N,0.0
1019,마케직원4,마케팅팀,2025-11-25,9:20,17:42,N,0.0
1019,마케직원4,마케팅팀,2025-11-26,9:05,17:57,N,0.0
1019,마케직원4,마케팅팀,2025-11-27,9:08,19:16,N,0.0
1019,마케직원4,마케팅팀,2025-11-28,9:02,18:17,N,0.0
1019,마케직원4,마케팅팀,2025-12-01,9:07,18:46,N,0.0
1019,마케직원4,마케팅팀,2025-12-02,9:15,19:03,N,0.0
1019,마케직원4,마케팅팀,2025-12-03,8:53,18:55,N,0.0
1019,마케직원4,마케팅팀,2025-12-04,8:29,18:35,N,0.0
1019,마케직원4,마케팅팀,2025-12-05,8:44,19:17,N,0.0
1019,마케직원4,마케팅팀,2025-12-08,8:50,17:49,N,0.0
1019,마케직원4,마케팅팀,2025-12-09,8:56,17:14,N,0.0
1019,마케직원4,마케팅팀,2025-12-10,9:18,17:36,N,0.0
1019,마케직원4,마케팅팀,2025-12-11,8:43,18:07,N,0.0
1019,마케직원4,마케팅팀,2025-12-12,8:51,17:48,N,0.0
1019,마케직원4,마케팅팀,2025-12-15,8:44,18:55,N,0.0
1019,마케직원4,마케팅팀,2025-12-16,8:39,17:49,N,0.0
1019,마케직원4,마케팅팀,2025-12-17,8:59,18:09,N,0.0
1019,마케직원4,마케팅팀,2025-12-18,9:11,18:35,N,0.0
1019,마케직원4,마케팅팀,2025-12-19,9:06,19:33,N,0.0
1019,마케직원4,마케팅팀,2025-12-22,9:06,19:15,N,0.0
1019,마케직원4,마케팅팀,2025-12-23,8:41,19:22,N,0.0
1019,마케직원4,마케팅팀,2025-12-24,9:02,18:23,N,0.0
1019,마케직원4,마케팅팀,2025-12-25,8:37,17:57,N,0.0
1019,마케직원4,마케팅팀,2025-12-26,8:53,18:25,N,0.0
1019,마케직원4,마케팅팀,2025-12-29,9:52,18:17,N,0.0
1019,마케직원4,마케팅팀,2025-12-30,9:12,18:32,N,0.0
1019,마케직원4,마케팅팀,2025-12-31,8:44,18:15,N,0.0
1019,마케직원4,마케팅팀,2026-01-01,8:52,19:30,N,0.0
1019,마케직원4,마케팅팀,2026-01-02,9:42,18:44,N,0.03
1019,마케직원4,마케팅팀,2026-01-05,9:05,18:07,N,0.0
1019,마케직원4,마케팅팀,2026-01-06,9:31,18:54,N,0.38
1019,마케직원4,마케팅팀,2026-01-07,9:03,18:37,N,0.0
1019,마케직원4,마케팅팀,2026-01-08,9:04,18:07,N,0.0
1019,마케직원4,마케팅팀,2026-01-09,9:06,18:47,N,0.0
1019,마케직원4,마케팅팀,2026-01-12,8:48,18:02,N,0.0
1019,마케직원4,마케팅팀,2026-01-13,8:54,18:51,N,0.0
1019,마케직원4,마케팅팀,2026-01-14,8:59,17:47,N,0.0
1019,마케직원4,마케팅팀,2026-01-15,9:03,17:10,N,0.0
1019,마케직원4,마케팅팀,2026-01-16,9:16,20:12,N,0.0
1019,마케직원4,마케팅팀,2026-01-19,8:39,18:14,N,0.0
1019,마케직원4,마케팅팀,2026-01-20,9:17,18:57,N,0.0
1019,마케직원4,마케팅팀,2026-01-21,8:56,19:28,N,0.0
1019,마케직원4,마케팅팀,2026-01-22,8:49,17:58,N,0.0
1019,마케직원4,마케팅팀,2026-01-23,9:01,18:55,N,0.0
1019,마케직원4,마케팅팀,2026-01-26,9:04,19:03,N,0.0
1019,마케직원4,마케팅팀,2026-01-27,8:42,18:19,N,0.0
1019,마케직원4,마케팅팀,2026-01-28,8:37,18:40,N,0.0
1019,마케직원4,마케팅팀,2026-01-29,8:55,18:20,N,0.0
1019,마케직원4,마케팅팀,2026-01-30,8:49,18:21,N,0.0
1019,마케직원4,마케팅팀,2026-02-02,8:50,18:24,N,0.0
1019,마케직원4,마케팅팀,2026-02-03,8:56,19:37,N,0.0
1019,마케직원4,마케팅팀,2026-02-04,8:58,18:50,N,0.0
1019,마케직원4,마케팅팀,2026-02-05,8:42,18:55,N,0.0
1019,마케직원4,마케팅팀,2026-02-06,10:21,18:22,Y,0.0
1019,마케직원4,마케팅팀,2026-02-09,8:57,18:57,N,0.0
1019,마케직원4,마케팅팀,2026-02-10,9:09,17:17,N,0.0
1019,마케직원4,마케팅팀,2026-02-11,8:49,17:16,N,0.0
1019,마케직원4,마케팅팀,2026-02-12,9:21,18:37,N,0.0
1019,마케직원4,마케팅팀,2026-02-13,10:02,17:48,Y,0.0
1019,마케직원4,마케팅팀,2026-02-16,8:47,18:34,N,0.0
1019,마케직원4,마케팅팀,2026-02-17,9:10,18:19,N,0.0
1019,마케직원4,마케팅팀,2026-02-18,8:33,19:16,N,0.0
1019,마케직원4,마케팅팀,2026-02-19,8:26,17:29,N,0.0
1019,마케직원4,마케팅팀,2026-02-20,8:32,18:43,N,0.0
1019,마케직원4,마케팅팀,2026-02-23,8:53,19:32,N,0.0
1019,마케직원4,마케팅팀,2026-02-24,8:47,19:32,N,0.0
1019,마케직원4,마케팅팀,2026-02-25,9:38,18:50,N,0.2
1019,마케직원4,마케팅팀,2026-02-26,8:46,17:59,N,0.0
1019,마케직원4,마케팅팀,2026-02-27,8:56,17:50,N,0.0
1019,마케직원4,마케팅팀,2026-03-02,8:46,17:52,N,0.0
1019,마케직원4,마케팅팀,2026-03-03,8:59,18:46,N,0.0
1019,마케직원4,마케팅팀,2026-03-04,8:43,18:25,N,0.0
1019,마케직원4,마케팅팀,2026-03-05,8:55,17:56,N,0.0
1019,마케직원4,마케팅팀,2026-03-06,8:52,18:00,N,0.0
1019,마케직원4,마케팅팀,2026-03-09,9:06,18:30,N,0.0
1019,마케직원4,마케팅팀,2026-03-10,9:15,19:03,N,0.0
1019,마케직원4,마케팅팀,2026-03-11,9:05,18:38,N,0.0
1019,마케직원4,마케팅팀,2026-03-12,8:59,19:37,N,0.0
1019,마케직원4,마케팅팀,2026-03-13,9:03,17:57,N,0.0
1019,마케직원4,마케팅팀,2026-03-16,8:41,17:56,N,0.0
1019,마케직원4,마케팅팀,2026-03-17,9:04,19:09,N,0.0
1019,마케직원4,마케팅팀,2026-03-18,8:54,18:08,N,0.0
1019,마케직원4,마케팅팀,2026-03-19,8:59,20:54,N,0.0
1019,마케직원4,마케팅팀,2026-03-20,8:53,18:37,N,0.0
1019,마케직원4,마케팅팀,2026-03-23,8:43,18:55,N,0.0
1019,마케직원4,마케팅팀,2026-03-24,9:04,17:54,N,0.0
1019,마케직원4,마케팅팀,2026-03-25,8:59,18:14,N,0.0
1019,마케직원4,마케팅팀,2026-03-26,8:58,18:04,N,0.0
1019,마케직원4,마케팅팀,2026-03-27,8:41,18:50,N,0.0
1019,마케직원4,마케팅팀,2026-03-30,8:51,18:43,N,0.0
1019,마케직원4,마케팅팀,2026-03-31,9:10,17:41,N,0.0
1019,마케직원4,마케팅팀,2026-04-01,9:01,18:18,N,0.0
1019,마케직원4,마케팅팀,2026-04-02,8:43,18:49,N,0.0
1019,마케직원4,마케팅팀,2026-04-03,8:54,18:24,N,0.0
1019,마케직원4,마케팅팀,2026-04-06,9:00,19:24,N,0.0
1019,마케직원4,마케팅팀,2026-04-07,8:37,19:15,N,0.0
1019,마케직원4,마케팅팀,2026-04-08,8:38,18:12,N,0.0
1019,마케직원4,마케팅팀,2026-04-09,8:47,16:47,N,0.0
1019,마케직원4,마케팅팀,2026-04-10,9:39,18:03,N,0.0
1019,마케직원4,마케팅팀,2026-04-13,8:50,18:08,N,0.0
1019,마케직원4,마케팅팀,2026-04-14,8:53,17:45,N,0.0
1019,마케직원4,마케팅팀,2026-04-15,8:56,19:45,N,0.0
1019,마케직원4,마케팅팀,2026-04-16,8:51,19:45,N,0.0
1019,마케직원4,마케팅팀,2026-04-17,8:58,17:45,N,0.0
1019,마케직원4,마케팅팀,2026-04-20,9:30,19:18,N,0.8
1019,마케직원4,마케팅팀,2026-04-21,9:19,17:43,N,0.0
1019,마케직원4,마케팅팀,2026-04-22,8:55,18:10,N,0.0
1019,마케직원4,마케팅팀,2026-04-23,8:44,18:59,N,0.0
1019,마케직원4,마케팅팀,2026-04-24,8:28,17:46,N,0.0
1019,마케직원4,마케팅팀,2026-04-27,9:18,18:08,N,0.0
1019,마케직원4,마케팅팀,2026-04-28,8:51,18:44,N,0.0
1019,마케직원4,마케팅팀,2026-04-29,9:00,18:39,N,0.0
1019,마케직원4,마케팅팀,2026-04-30,8:51,18:28,N,0.0
1019,마케직원4,마케팅팀,2026-05-01,8:52,18:39,N,0.0
1019,마케직원4,마케팅팀,2026-05-04,8:58,18:59,N,0.0
1019,마케직원4,마케팅팀,2026-05-05,9:07,19:58,N,0.0
1019,마케직원4,마케팅팀,2026-05-06,9:03,18:06,N,0.0
1019,마케직원4,마케팅팀,2026-05-07,9:03,18:38,N,0.0
1019,마케직원4,마케팅팀,2026-05-08,9:34,18:23,N,0.0
1019,마케직원4,마케팅팀,2026-05-11,8:53,18:56,N,0.0
1019,마케직원4,마케팅팀,2026-05-12,9:50,18:04,N,0.0
1019,마케직원4,마케팅팀,2026-05-13,8:56,18:20,N,0.0
1019,마케직원4,마케팅팀,2026-05-14,8:26,17:44,N,0.0
1019,마케직원4,마케팅팀,2026-05-15,8:48,18:01,N,0.0
1019,마케직원4,마케팅팀,2026-05-18,9:07,19:36,N,0.0
1019,마케직원4,마케팅팀,2026-05-19,8:56,18:49,N,0.0
1019,마케직원4,마케팅팀,2026-05-20,8:36,19:25,N,0.0
1019,마케직원4,마케팅팀,2026-05-21,10:00,18:03,N,0.0
1019,마케직원4,마케팅팀,2026-05-22,8:55,18:56,N,0.0
1019,마케직원4,마케팅팀,2026-05-25,8:35,18:05,N,0.0
1019,마케직원4,마케팅팀,2026-05-26,8:44,18:44,N,0.0
1019,마케직원4,마케팅팀,2026-05-27,8:42,19:31,N,0.0
1019,마케직원4,마케팅팀,2026-05-28,8:48,19:41,N,0.0
1019,마케직원4,마케팅팀,2026-05-29,8:58,18:33,N,0.0
1019,마케직원4,마케팅팀,2026-06-01,8:49,18:23,N,0.0
1019,마케직원4,마케팅팀,2026-06-02,9:06,17:19,N,0.0
1019,마케직원4,마케팅팀,2026-06-03,8:40,18:55,N,0.0
1019,마케직원4,마케팅팀,2026-06-04,8:49,17:45,N,0.0
1019,마케직원4,마케팅팀,2026-06-05,8:51,18:11,N,0.0
1019,마케직원4,마케팅팀,2026-06-08,8:47,18:28,N,0.0
1019,마케직원4,마케팅팀,2026-06-09,9:14,17:42,N,0.0
1019,마케직원4,마케팅팀,2026-06-10,8:33,18:08,N,0.0
1019,마케직원4,마케팅팀,2026-06-11,8:44,17:30,N,0.0
1019,마케직원4,마케팅팀,2026-06-12,8:53,17:19,N,0.0
1019,마케직원4,마케팅팀,2026-06-15,8:54,19:06,N,0.0
1019,마케직원4,마케팅팀,2026-06-16,8:41,17:35,N,0.0
1019,마케직원4,마케팅팀,2026-06-17,8:31,19:16,N,0.0
1019,마케직원4,마케팅팀,2026-06-18,8:37,19:44,N,0.0
1019,마케직원4,마케팅팀,2026-06-19,8:51,18:30,N,0.0
1019,마케직원4,마케팅팀,2026-06-22,8:57,17:53,N,0.0
1019,마케직원4,마케팅팀,2026-06-23,8:57,19:46,N,0.0
1019,마케직원4,마케팅팀,2026-06-24,8:43,19:14,N,0.0
1019,마케직원4,마케팅팀,2026-06-25,9:15,18:47,N,0.0
1019,마케직원4,마케팅팀,2026-06-26,8:40,18:09,N,0.0
1019,마케직원4,마케팅팀,2026-06-29,8:46,18:11,N,0.0
1019,마케직원4,마케팅팀,2026-06-30,8:14,18:36,N,0.0
1019,마케직원4,마케팅팀,2026-07-01,9:53,18:22,N,0.0
1019,마케직원4,마케팅팀,2026-07-02,8:53,18:42,N,0.0
1019,마케직원4,마케팅팀,2026-07-03,9:02,18:34,N,0.0
1019,마케직원4,마케팅팀,2026-07-06,8:36,18:44,N,0.0
1019,마케직원4,마케팅팀,2026-07-07,9:44,18:38,N,0.0
1019,마케직원4,마케팅팀,2026-07-08,9:01,18:08,N,0.0
1019,마케직원4,마케팅팀,2026-07-09,9:44,18:13,N,0.0
1019,마케직원4,마케팅팀,2026-07-10,9:06,18:06,N,0.0
1019,마케직원4,마케팅팀,2026-07-13,9:05,18:23,N,0.0
1019,마케직원4,마케팅팀,2026-07-14,9:10,18:02,N,0.0
1019,마케직원4,마케팅팀,2026-07-15,9:10,18:31,N,0.0
1019,마케직원4,마케팅팀,2026-07-16,9:43,19:03,N,0.33
1019,마케직원4,마케팅팀,2026-07-17,9:06,17:53,N,0.0
1019,마케직원4,마케팅팀,2026-07-20,9:09,18:07,N,0.0
1019,마케직원4,마케팅팀,2026-07-21,8:47,17:34,N,0.0
1019,마케직원4,마케팅팀,2026-07-22,8:29,18:37,N,0.0
1019,마케직원4,마케팅팀,2026-07-23,10:30,18:57,Y,0.0
1019,마케직원4,마케팅팀,2026-07-24,8:53,19:30,N,0.0
1019,마케직원4,마케팅팀,2026-07-27,8:55,18:58,N,0.0
1019,마케직원4,마케팅팀,2026-07-28,9:07,17:37,N,0.0
1019,마케직원4,마케팅팀,2026-07-29,9:00,17:28,N,0.0
1019,마케직원4,마케팅팀,2026-07-30,9:05,19:15,N,0.0
1019,마케직원4,마케팅팀,2026-07-31,8:51,19:49,N,0.0
1020,마케직원5,마케팅팀,2025-01-01,9:00,19:10,N,0.0
1020,마케직원5,마케팅팀,2025-01-02,8:33,18:05,N,0.0
1020,마케직원5,마케팅팀,2025-01-03,9:02,19:24,N,0.0
1020,마케직원5,마케팅팀,2025-01-06,9:05,18:42,N,0.0
1020,마케직원5,마케팅팀,2025-01-07,9:01,19:29,N,0.0
1020,마케직원5,마케팅팀,2025-01-08,8:47,20:05,N,0.0
1020,마케직원5,마케팅팀,2025-01-09,8:56,16:40,N,0.0
1020,마케직원5,마케팅팀,2025-01-10,9:02,17:39,N,0.0
1020,마케직원5,마케팅팀,2025-01-13,8:52,18:44,N,0.0
1020,마케직원5,마케팅팀,2025-01-14,9:04,18:12,N,0.0
1020,마케직원5,마케팅팀,2025-01-15,8:55,18:01,N,0.0
1020,마케직원5,마케팅팀,2025-01-16,9:15,18:43,N,0.0
1020,마케직원5,마케팅팀,2025-01-17,9:04,19:41,N,0.0
1020,마케직원5,마케팅팀,2025-01-20,8:59,19:11,N,0.0
1020,마케직원5,마케팅팀,2025-01-21,9:01,18:29,N,0.0
1020,마케직원5,마케팅팀,2025-01-22,8:49,19:11,N,0.0
1020,마케직원5,마케팅팀,2025-01-23,8:51,17:23,N,0.0
1020,마케직원5,마케팅팀,2025-01-24,8:55,17:59,N,0.0
1020,마케직원5,마케팅팀,2025-01-27,8:55,18:20,N,0.0
1020,마케직원5,마케팅팀,2025-01-28,9:19,19:43,N,0.0
1020,마케직원5,마케팅팀,2025-01-29,8:53,18:34,N,0.0
1020,마케직원5,마케팅팀,2025-01-30,9:09,18:48,N,0.0
1020,마케직원5,마케팅팀,2025-01-31,8:59,18:04,N,0.0
1020,마케직원5,마케팅팀,2025-02-03,8:56,19:25,N,0.0
1020,마케직원5,마케팅팀,2025-02-04,9:12,18:59,N,0.0
1020,마케직원5,마케팅팀,2025-02-05,8:53,18:39,N,0.0
1020,마케직원5,마케팅팀,2025-02-06,8:43,17:54,N,0.0
1020,마케직원5,마케팅팀,2025-02-07,9:06,17:09,N,0.0
1020,마케직원5,마케팅팀,2025-02-10,8:47,18:44,N,0.0
1020,마케직원5,마케팅팀,2025-02-11,9:23,17:58,N,0.0
1020,마케직원5,마케팅팀,2025-02-12,8:59,17:16,N,0.0
1020,마케직원5,마케팅팀,2025-02-13,8:26,17:55,N,0.0
1020,마케직원5,마케팅팀,2025-02-14,8:39,19:47,N,0.0
1020,마케직원5,마케팅팀,2025-02-17,8:52,18:18,N,0.0
1020,마케직원5,마케팅팀,2025-02-18,8:59,17:52,N,0.0
1020,마케직원5,마케팅팀,2025-02-19,8:59,18:12,N,0.0
1020,마케직원5,마케팅팀,2025-02-20,8:54,18:11,N,0.0
1020,마케직원5,마케팅팀,2025-02-21,8:34,18:42,N,0.0
1020,마케직원5,마케팅팀,2025-02-24,8:38,18:41,N,0.0
1020,마케직원5,마케팅팀,2025-02-25,10:23,18:03,Y,0.0
1020,마케직원5,마케팅팀,2025-02-26,9:08,18:11,N,0.0
1020,마케직원5,마케팅팀,2025-02-27,8:49,18:45,N,0.0
1020,마케직원5,마케팅팀,2025-02-28,8:48,17:39,N,0.0
1020,마케직원5,마케팅팀,2025-03-03,9:01,18:53,N,0.0
1020,마케직원5,마케팅팀,2025-03-04,8:30,19:06,N,0.0
1020,마케직원5,마케팅팀,2025-03-05,8:41,17:30,N,0.0
1020,마케직원5,마케팅팀,2025-03-06,8:56,18:52,N,0.0
1020,마케직원5,마케팅팀,2025-03-07,8:55,19:58,N,0.0
1020,마케직원5,마케팅팀,2025-03-10,8:46,17:36,N,0.0
1020,마케직원5,마케팅팀,2025-03-11,9:08,19:10,N,0.0
1020,마케직원5,마케팅팀,2025-03-12,9:00,17:13,N,0.0
1020,마케직원5,마케팅팀,2025-03-13,8:53,17:40,N,0.0
1020,마케직원5,마케팅팀,2025-03-14,8:41,17:16,N,0.0
1020,마케직원5,마케팅팀,2025-03-17,8:56,19:11,N,0.0
1020,마케직원5,마케팅팀,2025-03-18,9:03,19:26,N,0.0
1020,마케직원5,마케팅팀,2025-03-19,8:42,18:11,N,0.0
1020,마케직원5,마케팅팀,2025-03-20,8:43,18:35,N,0.0
1020,마케직원5,마케팅팀,2025-03-21,8:43,18:10,N,0.0
1020,마케직원5,마케팅팀,2025-03-24,8:42,18:09,N,0.0
1020,마케직원5,마케팅팀,2025-03-25,9:17,18:38,N,0.0
1020,마케직원5,마케팅팀,2025-03-26,8:50,19:00,N,0.0
1020,마케직원5,마케팅팀,2025-03-27,10:26,18:41,Y,0.0
1020,마케직원5,마케팅팀,2025-03-28,9:15,18:32,N,0.0
1020,마케직원5,마케팅팀,2025-03-31,8:58,18:01,N,0.0
1020,마케직원5,마케팅팀,2025-04-01,8:35,17:35,N,0.0
1020,마케직원5,마케팅팀,2025-04-02,8:50,19:04,N,0.0
1020,마케직원5,마케팅팀,2025-04-03,10:20,18:13,Y,0.0
1020,마케직원5,마케팅팀,2025-04-04,9:06,19:25,N,0.0
1020,마케직원5,마케팅팀,2025-04-07,9:30,18:46,N,0.27
1020,마케직원5,마케팅팀,2025-04-08,8:53,18:03,N,0.0
1020,마케직원5,마케팅팀,2025-04-09,8:48,17:33,N,0.0
1020,마케직원5,마케팅팀,2025-04-10,9:12,18:56,N,0.0
1020,마케직원5,마케팅팀,2025-04-11,8:58,17:41,N,0.0
1020,마케직원5,마케팅팀,2025-04-14,9:02,18:43,N,0.0
1020,마케직원5,마케팅팀,2025-04-15,8:59,18:48,N,0.0
1020,마케직원5,마케팅팀,2025-04-16,9:54,18:18,N,0.0
1020,마케직원5,마케팅팀,2025-04-17,9:03,19:16,N,0.0
1020,마케직원5,마케팅팀,2025-04-18,9:00,18:59,N,0.0
1020,마케직원5,마케팅팀,2025-04-21,8:55,19:04,N,0.0
1020,마케직원5,마케팅팀,2025-04-22,9:13,18:38,N,0.0
1020,마케직원5,마케팅팀,2025-04-23,8:35,19:29,N,0.0
1020,마케직원5,마케팅팀,2025-04-24,9:04,19:20,N,0.0
1020,마케직원5,마케팅팀,2025-04-25,9:09,18:25,N,0.0
1020,마케직원5,마케팅팀,2025-04-28,8:55,18:03,N,0.0
1020,마케직원5,마케팅팀,2025-04-29,8:38,17:53,N,0.0
1020,마케직원5,마케팅팀,2025-04-30,8:20,17:53,N,0.0
1020,마케직원5,마케팅팀,2025-05-01,8:47,18:14,N,0.0
1020,마케직원5,마케팅팀,2025-05-02,8:38,18:34,N,0.0
1020,마케직원5,마케팅팀,2025-05-05,8:58,19:24,N,0.0
1020,마케직원5,마케팅팀,2025-05-06,9:04,19:13,N,0.0
1020,마케직원5,마케팅팀,2025-05-07,9:33,18:44,N,0.18
1020,마케직원5,마케팅팀,2025-05-08,8:53,19:07,N,0.0
1020,마케직원5,마케팅팀,2025-05-09,8:59,17:32,N,0.0
1020,마케직원5,마케팅팀,2025-05-12,8:51,18:52,N,0.0
1020,마케직원5,마케팅팀,2025-05-13,8:50,18:27,N,0.0
1020,마케직원5,마케팅팀,2025-05-14,8:58,17:24,N,0.0
1020,마케직원5,마케팅팀,2025-05-15,8:58,17:57,N,0.0
1020,마케직원5,마케팅팀,2025-05-16,8:44,19:11,N,0.0
1020,마케직원5,마케팅팀,2025-05-19,8:46,18:52,N,0.0
1020,마케직원5,마케팅팀,2025-05-20,8:44,18:04,N,0.0
1020,마케직원5,마케팅팀,2025-05-21,8:56,19:13,N,0.0
1020,마케직원5,마케팅팀,2025-05-22,9:09,19:14,N,0.0
1020,마케직원5,마케팅팀,2025-05-23,8:49,18:41,N,0.0
1020,마케직원5,마케팅팀,2025-05-26,8:44,18:09,N,0.0
1020,마케직원5,마케팅팀,2025-05-27,8:36,19:13,N,0.0
1020,마케직원5,마케팅팀,2025-05-28,8:47,18:40,N,0.0
1020,마케직원5,마케팅팀,2025-05-29,9:41,17:45,N,0.0
1020,마케직원5,마케팅팀,2025-05-30,8:55,18:57,N,0.0
1020,마케직원5,마케팅팀,2025-06-02,8:42,18:35,N,0.0
1020,마케직원5,마케팅팀,2025-06-03,8:51,18:41,N,0.0
1020,마케직원5,마케팅팀,2025-06-04,9:12,19:27,N,0.0
1020,마케직원5,마케팅팀,2025-06-05,8:50,18:07,N,0.0
1020,마케직원5,마케팅팀,2025-06-06,9:15,18:48,N,0.0
1020,마케직원5,마케팅팀,2025-06-09,9:06,20:08,N,0.0
1020,마케직원5,마케팅팀,2025-06-10,8:55,18:44,N,0.0
1020,마케직원5,마케팅팀,2025-06-11,8:43,18:13,N,0.0
1020,마케직원5,마케팅팀,2025-06-12,9:11,18:48,N,0.0
1020,마케직원5,마케팅팀,2025-06-13,9:08,17:50,N,0.0
1020,마케직원5,마케팅팀,2025-06-16,9:03,19:01,N,0.0
1020,마케직원5,마케팅팀,2025-06-17,8:46,18:51,N,0.0
1020,마케직원5,마케팅팀,2025-06-18,8:45,19:09,N,0.0
1020,마케직원5,마케팅팀,2025-06-19,8:53,18:21,N,0.0
1020,마케직원5,마케팅팀,2025-06-20,8:55,16:54,N,0.0
1020,마케직원5,마케팅팀,2025-06-23,9:38,17:53,N,0.0
1020,마케직원5,마케팅팀,2025-06-24,8:38,18:34,N,0.0
1020,마케직원5,마케팅팀,2025-06-25,8:47,18:46,N,0.0
1020,마케직원5,마케팅팀,2025-06-26,8:56,17:37,N,0.0
1020,마케직원5,마케팅팀,2025-06-27,9:14,18:09,N,0.0
1020,마케직원5,마케팅팀,2025-06-30,9:00,18:23,N,0.0
1020,마케직원5,마케팅팀,2025-07-01,8:50,18:31,N,0.0
1020,마케직원5,마케팅팀,2025-07-02,8:55,18:44,N,0.0
1020,마케직원5,마케팅팀,2025-07-03,9:13,18:50,N,0.0
1020,마케직원5,마케팅팀,2025-07-04,8:50,18:22,N,0.0
1020,마케직원5,마케팅팀,2025-07-07,8:59,18:46,N,0.0
1020,마케직원5,마케팅팀,2025-07-08,8:52,18:29,N,0.0
1020,마케직원5,마케팅팀,2025-07-09,8:40,18:47,N,0.0
1020,마케직원5,마케팅팀,2025-07-10,8:51,18:37,N,0.0
1020,마케직원5,마케팅팀,2025-07-11,8:48,19:07,N,0.0
1020,마케직원5,마케팅팀,2025-07-14,8:59,17:27,N,0.0
1020,마케직원5,마케팅팀,2025-07-15,9:01,17:50,N,0.0
1020,마케직원5,마케팅팀,2025-07-16,8:42,17:53,N,0.0
1020,마케직원5,마케팅팀,2025-07-17,10:06,18:49,Y,0.0
1020,마케직원5,마케팅팀,2025-07-18,8:52,19:08,N,0.0
1020,마케직원5,마케팅팀,2025-07-21,9:04,18:08,N,0.0
1020,마케직원5,마케팅팀,2025-07-22,9:05,19:16,N,0.0
1020,마케직원5,마케팅팀,2025-07-23,9:04,19:54,N,0.0
1020,마케직원5,마케팅팀,2025-07-24,9:32,18:27,N,0.0
1020,마케직원5,마케팅팀,2025-07-25,8:42,17:45,N,0.0
1020,마케직원5,마케팅팀,2025-07-28,8:51,17:50,N,0.0
1020,마케직원5,마케팅팀,2025-07-29,9:03,18:28,N,0.0
1020,마케직원5,마케팅팀,2025-07-30,8:27,17:25,N,0.0
1020,마케직원5,마케팅팀,2025-07-31,8:41,19:29,N,0.0
1020,마케직원5,마케팅팀,2025-08-01,8:55,18:11,N,0.0
1020,마케직원5,마케팅팀,2025-08-04,8:48,18:12,N,0.0
1020,마케직원5,마케팅팀,2025-08-05,8:49,18:29,N,0.0
1020,마케직원5,마케팅팀,2025-08-06,9:00,19:46,N,0.0
1020,마케직원5,마케팅팀,2025-08-07,8:40,17:22,N,0.0
1020,마케직원5,마케팅팀,2025-08-08,10:17,18:53,Y,0.0
1020,마케직원5,마케팅팀,2025-08-11,9:54,18:26,N,0.0
1020,마케직원5,마케팅팀,2025-08-12,9:01,17:47,N,0.0
1020,마케직원5,마케팅팀,2025-08-13,8:47,18:31,N,0.0
1020,마케직원5,마케팅팀,2025-08-14,9:00,19:05,N,0.0
1020,마케직원5,마케팅팀,2025-08-15,8:50,17:50,N,0.0
1020,마케직원5,마케팅팀,2025-08-18,8:57,18:16,N,0.0
1020,마케직원5,마케팅팀,2025-08-19,8:45,18:24,N,0.0
1020,마케직원5,마케팅팀,2025-08-20,9:57,19:28,N,0.52
1020,마케직원5,마케팅팀,2025-08-21,9:00,18:32,N,0.0
1020,마케직원5,마케팅팀,2025-08-22,9:12,18:29,N,0.0
1020,마케직원5,마케팅팀,2025-08-25,8:43,17:53,N,0.0
1020,마케직원5,마케팅팀,2025-08-26,8:54,19:48,N,0.0
1020,마케직원5,마케팅팀,2025-08-27,8:50,19:13,N,0.0
1020,마케직원5,마케팅팀,2025-08-28,8:47,19:14,N,0.0
1020,마케직원5,마케팅팀,2025-08-29,9:14,18:41,N,0.0
1020,마케직원5,마케팅팀,2025-09-01,9:11,17:45,N,0.0
1020,마케직원5,마케팅팀,2025-09-02,9:22,18:00,N,0.0
1020,마케직원5,마케팅팀,2025-09-03,8:58,18:22,N,0.0
1020,마케직원5,마케팅팀,2025-09-04,8:47,19:10,N,0.0
1020,마케직원5,마케팅팀,2025-09-05,8:43,19:31,N,0.0
1020,마케직원5,마케팅팀,2025-09-08,8:42,19:27,N,0.0
1020,마케직원5,마케팅팀,2025-09-09,8:36,19:18,N,0.0
1020,마케직원5,마케팅팀,2025-09-10,9:06,18:57,N,0.0
1020,마케직원5,마케팅팀,2025-09-11,9:15,18:01,N,0.0
1020,마케직원5,마케팅팀,2025-09-12,8:52,18:18,N,0.0
1020,마케직원5,마케팅팀,2025-09-15,8:59,18:34,N,0.0
1020,마케직원5,마케팅팀,2025-09-16,8:45,18:19,N,0.0
1020,마케직원5,마케팅팀,2025-09-17,10:08,18:55,Y,0.0
1020,마케직원5,마케팅팀,2025-09-18,9:54,18:46,N,0.0
1020,마케직원5,마케팅팀,2025-09-19,8:39,18:24,N,0.0
1020,마케직원5,마케팅팀,2025-09-22,8:34,18:05,N,0.0
1020,마케직원5,마케팅팀,2025-09-23,8:44,17:44,N,0.0
1020,마케직원5,마케팅팀,2025-09-24,9:11,18:51,N,0.0
1020,마케직원5,마케팅팀,2025-09-25,9:02,17:28,N,0.0
1020,마케직원5,마케팅팀,2025-09-26,8:47,18:38,N,0.0
1020,마케직원5,마케팅팀,2025-09-29,9:00,18:34,N,0.0
1020,마케직원5,마케팅팀,2025-09-30,8:47,18:31,N,0.0
1020,마케직원5,마케팅팀,2025-10-01,8:49,19:45,N,0.0
1020,마케직원5,마케팅팀,2025-10-02,9:04,18:11,N,0.0
1020,마케직원5,마케팅팀,2025-10-03,8:49,19:30,N,0.0
1020,마케직원5,마케팅팀,2025-10-06,8:58,17:55,N,0.0
1020,마케직원5,마케팅팀,2025-10-07,8:39,18:23,N,0.0
1020,마케직원5,마케팅팀,2025-10-08,8:47,18:41,N,0.0
1020,마케직원5,마케팅팀,2025-10-09,9:01,18:22,N,0.0
1020,마케직원5,마케팅팀,2025-10-10,9:13,18:46,N,0.0
1020,마케직원5,마케팅팀,2025-10-13,8:36,19:25,N,0.0
1020,마케직원5,마케팅팀,2025-10-14,9:01,18:25,N,0.0
1020,마케직원5,마케팅팀,2025-10-15,8:42,19:53,N,0.0
1020,마케직원5,마케팅팀,2025-10-16,8:57,18:38,N,0.0
1020,마케직원5,마케팅팀,2025-10-17,8:45,18:33,N,0.0
1020,마케직원5,마케팅팀,2025-10-20,8:39,19:35,N,0.0
1020,마케직원5,마케팅팀,2025-10-21,9:52,20:06,N,1.23
1020,마케직원5,마케팅팀,2025-10-22,9:02,17:27,N,0.0
1020,마케직원5,마케팅팀,2025-10-23,9:49,18:15,N,0.0
1020,마케직원5,마케팅팀,2025-10-24,9:06,18:48,N,0.0
1020,마케직원5,마케팅팀,2025-10-27,8:52,18:16,N,0.0
1020,마케직원5,마케팅팀,2025-10-28,8:56,18:35,N,0.0
1020,마케직원5,마케팅팀,2025-10-29,8:54,18:22,N,0.0
1020,마케직원5,마케팅팀,2025-10-30,9:05,17:49,N,0.0
1020,마케직원5,마케팅팀,2025-10-31,10:07,17:51,Y,0.0
1020,마케직원5,마케팅팀,2025-11-03,8:45,19:38,N,0.0
1020,마케직원5,마케팅팀,2025-11-04,9:14,16:46,N,0.0
1020,마케직원5,마케팅팀,2025-11-05,8:44,17:56,N,0.0
1020,마케직원5,마케팅팀,2025-11-06,8:51,18:40,N,0.0
1020,마케직원5,마케팅팀,2025-11-07,8:55,18:20,N,0.0
1020,마케직원5,마케팅팀,2025-11-10,8:42,19:07,N,0.0
1020,마케직원5,마케팅팀,2025-11-11,8:22,17:32,N,0.0
1020,마케직원5,마케팅팀,2025-11-12,10:00,18:50,N,0.0
1020,마케직원5,마케팅팀,2025-11-13,9:07,17:36,N,0.0
1020,마케직원5,마케팅팀,2025-11-14,9:02,17:34,N,0.0
1020,마케직원5,마케팅팀,2025-11-17,8:42,18:35,N,0.0
1020,마케직원5,마케팅팀,2025-11-18,9:09,18:29,N,0.0
1020,마케직원5,마케팅팀,2025-11-19,9:17,17:25,N,0.0
1020,마케직원5,마케팅팀,2025-11-20,8:49,19:25,N,0.0
1020,마케직원5,마케팅팀,2025-11-21,8:56,18:35,N,0.0
1020,마케직원5,마케팅팀,2025-11-24,8:48,18:51,N,0.0
1020,마케직원5,마케팅팀,2025-11-25,8:47,18:07,N,0.0
1020,마케직원5,마케팅팀,2025-11-26,8:42,18:07,N,0.0
1020,마케직원5,마케팅팀,2025-11-27,8:59,17:35,N,0.0
1020,마케직원5,마케팅팀,2025-11-28,8:53,18:27,N,0.0
1020,마케직원5,마케팅팀,2025-12-01,9:08,19:17,N,0.0
1020,마케직원5,마케팅팀,2025-12-02,8:51,17:40,N,0.0
1020,마케직원5,마케팅팀,2025-12-03,8:42,18:36,N,0.0
1020,마케직원5,마케팅팀,2025-12-04,8:43,18:16,N,0.0
1020,마케직원5,마케팅팀,2025-12-05,9:13,20:00,N,0.0
1020,마케직원5,마케팅팀,2025-12-08,8:45,18:05,N,0.0
1020,마케직원5,마케팅팀,2025-12-09,9:05,18:33,N,0.0
1020,마케직원5,마케팅팀,2025-12-10,8:52,19:05,N,0.0
1020,마케직원5,마케팅팀,2025-12-11,9:12,19:09,N,0.0
1020,마케직원5,마케팅팀,2025-12-12,8:46,18:07,N,0.0
1020,마케직원5,마케팅팀,2025-12-15,9:01,17:33,N,0.0
1020,마케직원5,마케팅팀,2025-12-16,9:48,18:37,N,0.0
1020,마케직원5,마케팅팀,2025-12-17,9:15,17:43,N,0.0
1020,마케직원5,마케팅팀,2025-12-18,8:50,19:01,N,0.0
1020,마케직원5,마케팅팀,2025-12-19,9:02,17:58,N,0.0
1020,마케직원5,마케팅팀,2025-12-22,9:44,19:05,N,0.35
1020,마케직원5,마케팅팀,2025-12-23,9:05,19:22,N,0.0
1020,마케직원5,마케팅팀,2025-12-24,8:58,18:22,N,0.0
1020,마케직원5,마케팅팀,2025-12-25,9:10,18:37,N,0.0
1020,마케직원5,마케팅팀,2025-12-26,9:04,18:22,N,0.0
1020,마케직원5,마케팅팀,2025-12-29,8:37,17:47,N,0.0
1020,마케직원5,마케팅팀,2025-12-30,8:53,17:38,N,0.0
1020,마케직원5,마케팅팀,2025-12-31,8:51,18:14,N,0.0
1020,마케직원5,마케팅팀,2026-01-01,8:58,18:35,N,0.0
1020,마케직원5,마케팅팀,2026-01-02,8:52,19:02,N,0.0
1020,마케직원5,마케팅팀,2026-01-05,8:42,18:27,N,0.0
1020,마케직원5,마케팅팀,2026-01-06,9:07,19:36,N,0.0
1020,마케직원5,마케팅팀,2026-01-07,8:58,18:23,N,0.0
1020,마케직원5,마케팅팀,2026-01-08,9:24,18:47,N,0.0
1020,마케직원5,마케팅팀,2026-01-09,8:53,18:49,N,0.0
1020,마케직원5,마케팅팀,2026-01-12,8:44,19:06,N,0.0
1020,마케직원5,마케팅팀,2026-01-13,8:55,16:54,N,0.0
1020,마케직원5,마케팅팀,2026-01-14,8:54,17:45,N,0.0
1020,마케직원5,마케팅팀,2026-01-15,9:06,19:15,N,0.0
1020,마케직원5,마케팅팀,2026-01-16,8:43,17:53,N,0.0
1020,마케직원5,마케팅팀,2026-01-19,8:25,19:57,N,0.0
1020,마케직원5,마케팅팀,2026-01-20,8:32,17:51,N,0.0
1020,마케직원5,마케팅팀,2026-01-21,9:16,18:18,N,0.0
1020,마케직원5,마케팅팀,2026-01-22,9:40,19:36,N,0.93
1020,마케직원5,마케팅팀,2026-01-23,8:39,19:04,N,0.0
1020,마케직원5,마케팅팀,2026-01-26,8:56,19:06,N,0.0
1020,마케직원5,마케팅팀,2026-01-27,9:56,18:09,N,0.0
1020,마케직원5,마케팅팀,2026-01-28,8:29,18:42,N,0.0
1020,마케직원5,마케팅팀,2026-01-29,8:42,18:14,N,0.0
1020,마케직원5,마케팅팀,2026-01-30,8:39,18:36,N,0.0
1020,마케직원5,마케팅팀,2026-02-02,8:49,18:50,N,0.0
1020,마케직원5,마케팅팀,2026-02-03,8:46,18:17,N,0.0
1020,마케직원5,마케팅팀,2026-02-04,8:46,18:17,N,0.0
1020,마케직원5,마케팅팀,2026-02-05,8:41,18:32,N,0.0
1020,마케직원5,마케팅팀,2026-02-06,8:30,18:45,N,0.0
1020,마케직원5,마케팅팀,2026-02-09,8:54,18:31,N,0.0
1020,마케직원5,마케팅팀,2026-02-10,8:40,18:32,N,0.0
1020,마케직원5,마케팅팀,2026-02-11,9:14,19:10,N,0.0
1020,마케직원5,마케팅팀,2026-02-12,8:41,18:01,N,0.0
1020,마케직원5,마케팅팀,2026-02-13,8:54,19:29,N,0.0
1020,마케직원5,마케팅팀,2026-02-16,9:05,19:01,N,0.0
1020,마케직원5,마케팅팀,2026-02-17,9:06,17:37,N,0.0
1020,마케직원5,마케팅팀,2026-02-18,9:22,18:47,N,0.0
1020,마케직원5,마케팅팀,2026-02-19,9:14,17:51,N,0.0
1020,마케직원5,마케팅팀,2026-02-20,8:54,19:08,N,0.0
1020,마케직원5,마케팅팀,2026-02-23,8:47,17:57,N,0.0
1020,마케직원5,마케팅팀,2026-02-24,9:04,17:58,N,0.0
1020,마케직원5,마케팅팀,2026-02-25,10:07,18:56,Y,0.0
1020,마케직원5,마케팅팀,2026-02-26,8:57,19:03,N,0.0
1020,마케직원5,마케팅팀,2026-02-27,8:48,18:07,N,0.0
1020,마케직원5,마케팅팀,2026-03-02,8:38,17:51,N,0.0
1020,마케직원5,마케팅팀,2026-03-03,8:56,19:19,N,0.0
1020,마케직원5,마케팅팀,2026-03-04,8:59,18:53,N,0.0
1020,마케직원5,마케팅팀,2026-03-05,8:42,18:51,N,0.0
1020,마케직원5,마케팅팀,2026-03-06,9:05,18:04,N,0.0
1020,마케직원5,마케팅팀,2026-03-09,9:04,19:00,N,0.0
1020,마케직원5,마케팅팀,2026-03-10,8:46,19:04,N,0.0
1020,마케직원5,마케팅팀,2026-03-11,8:43,17:15,N,0.0
1020,마케직원5,마케팅팀,2026-03-12,9:07,18:14,N,0.0
1020,마케직원5,마케팅팀,2026-03-13,9:11,18:44,N,0.0
1020,마케직원5,마케팅팀,2026-03-16,9:09,18:02,N,0.0
1020,마케직원5,마케팅팀,2026-03-17,8:53,19:16,N,0.0
1020,마케직원5,마케팅팀,2026-03-18,8:48,18:52,N,0.0
1020,마케직원5,마케팅팀,2026-03-19,8:55,19:02,N,0.0
1020,마케직원5,마케팅팀,2026-03-20,8:46,19:15,N,0.0
1020,마케직원5,마케팅팀,2026-03-23,8:42,18:44,N,0.0
1020,마케직원5,마케팅팀,2026-03-24,8:56,18:21,N,0.0
1020,마케직원5,마케팅팀,2026-03-25,8:55,19:09,N,0.0
1020,마케직원5,마케팅팀,2026-03-26,8:52,18:31,N,0.0
1020,마케직원5,마케팅팀,2026-03-27,9:18,18:41,N,0.0
1020,마케직원5,마케팅팀,2026-03-30,8:48,18:57,N,0.0
1020,마케직원5,마케팅팀,2026-03-31,8:56,18:46,N,0.0
1020,마케직원5,마케팅팀,2026-04-01,8:46,18:34,N,0.0
1020,마케직원5,마케팅팀,2026-04-02,9:09,18:49,N,0.0
1020,마케직원5,마케팅팀,2026-04-03,8:52,18:20,N,0.0
1020,마케직원5,마케팅팀,2026-04-06,8:53,17:18,N,0.0
1020,마케직원5,마케팅팀,2026-04-07,8:46,19:07,N,0.0
1020,마케직원5,마케팅팀,2026-04-08,8:52,19:00,N,0.0
1020,마케직원5,마케팅팀,2026-04-09,9:16,18:22,N,0.0
1020,마케직원5,마케팅팀,2026-04-10,8:47,18:44,N,0.0
1020,마케직원5,마케팅팀,2026-04-13,9:15,17:48,N,0.0
1020,마케직원5,마케팅팀,2026-04-14,8:25,19:30,N,0.0
1020,마케직원5,마케팅팀,2026-04-15,9:10,17:59,N,0.0
1020,마케직원5,마케팅팀,2026-04-16,10:00,19:13,N,0.22
1020,마케직원5,마케팅팀,2026-04-17,8:58,18:15,N,0.0
1020,마케직원5,마케팅팀,2026-04-20,10:08,18:23,Y,0.0
1020,마케직원5,마케팅팀,2026-04-21,8:37,17:55,N,0.0
1020,마케직원5,마케팅팀,2026-04-22,8:50,18:37,N,0.0
1020,마케직원5,마케팅팀,2026-04-23,8:42,18:00,N,0.0
1020,마케직원5,마케팅팀,2026-04-24,9:14,16:39,N,0.0
1020,마케직원5,마케팅팀,2026-04-27,9:15,19:19,N,0.0
1020,마케직원5,마케팅팀,2026-04-28,8:54,17:46,N,0.0
1020,마케직원5,마케팅팀,2026-04-29,8:51,18:39,N,0.0
1020,마케직원5,마케팅팀,2026-04-30,8:42,18:37,N,0.0
1020,마케직원5,마케팅팀,2026-05-01,8:44,17:44,N,0.0
1020,마케직원5,마케팅팀,2026-05-04,8:50,18:01,N,0.0
1020,마케직원5,마케팅팀,2026-05-05,8:44,18:09,N,0.0
1020,마케직원5,마케팅팀,2026-05-06,8:57,17:51,N,0.0
1020,마케직원5,마케팅팀,2026-05-07,8:54,18:23,N,0.0
1020,마케직원5,마케팅팀,2026-05-08,9:03,19:00,N,0.0
1020,마케직원5,마케팅팀,2026-05-11,8:53,18:26,N,0.0
1020,마케직원5,마케팅팀,2026-05-12,9:12,18:56,N,0.0
1020,마케직원5,마케팅팀,2026-05-13,8:54,18:26,N,0.0
1020,마케직원5,마케팅팀,2026-05-14,8:51,17:45,N,0.0
1020,마케직원5,마케팅팀,2026-05-15,9:01,18:02,N,0.0
1020,마케직원5,마케팅팀,2026-05-18,8:47,17:39,N,0.0
1020,마케직원5,마케팅팀,2026-05-19,8:58,18:22,N,0.0
1020,마케직원5,마케팅팀,2026-05-20,10:03,18:33,Y,0.0
1020,마케직원5,마케팅팀,2026-05-21,9:00,19:15,N,0.0
1020,마케직원5,마케팅팀,2026-05-22,8:57,18:32,N,0.0
1020,마케직원5,마케팅팀,2026-05-25,9:10,18:28,N,0.0
1020,마케직원5,마케팅팀,2026-05-26,9:14,18:51,N,0.0
1020,마케직원5,마케팅팀,2026-05-27,9:06,18:31,N,0.0
1020,마케직원5,마케팅팀,2026-05-28,8:54,18:28,N,0.0
1020,마케직원5,마케팅팀,2026-05-29,9:00,18:28,N,0.0
1020,마케직원5,마케팅팀,2026-06-01,8:37,18:37,N,0.0
1020,마케직원5,마케팅팀,2026-06-02,9:09,19:35,N,0.0
1020,마케직원5,마케팅팀,2026-06-03,8:23,18:29,N,0.0
1020,마케직원5,마케팅팀,2026-06-04,8:36,17:11,N,0.0
1020,마케직원5,마케팅팀,2026-06-05,9:09,18:12,N,0.0
1020,마케직원5,마케팅팀,2026-06-08,8:55,18:40,N,0.0
1020,마케직원5,마케팅팀,2026-06-09,9:05,18:38,N,0.0
1020,마케직원5,마케팅팀,2026-06-10,9:01,18:58,N,0.0
1020,마케직원5,마케팅팀,2026-06-11,9:19,18:36,N,0.0
1020,마케직원5,마케팅팀,2026-06-12,8:40,18:43,N,0.0
1020,마케직원5,마케팅팀,2026-06-15,9:11,17:34,N,0.0
1020,마케직원5,마케팅팀,2026-06-16,8:50,17:35,N,0.0
1020,마케직원5,마케팅팀,2026-06-17,8:56,17:50,N,0.0
1020,마케직원5,마케팅팀,2026-06-18,8:43,17:28,N,0.0
1020,마케직원5,마케팅팀,2026-06-19,8:52,19:57,N,0.0
1020,마케직원5,마케팅팀,2026-06-22,8:50,17:53,N,0.0
1020,마케직원5,마케팅팀,2026-06-23,8:51,17:07,N,0.0
1020,마케직원5,마케팅팀,2026-06-24,8:52,18:03,N,0.0
1020,마케직원5,마케팅팀,2026-06-25,9:02,18:35,N,0.0
1020,마케직원5,마케팅팀,2026-06-26,9:02,18:00,N,0.0
1020,마케직원5,마케팅팀,2026-06-29,8:49,17:44,N,0.0
1020,마케직원5,마케팅팀,2026-06-30,8:48,18:43,N,0.0
1020,마케직원5,마케팅팀,2026-07-01,8:56,17:17,N,0.0
1020,마케직원5,마케팅팀,2026-07-02,8:50,18:37,N,0.0
1020,마케직원5,마케팅팀,2026-07-03,9:00,18:44,N,0.0
1020,마케직원5,마케팅팀,2026-07-06,8:45,17:59,N,0.0
1020,마케직원5,마케팅팀,2026-07-07,8:32,18:28,N,0.0
1020,마케직원5,마케팅팀,2026-07-08,8:46,19:20,N,0.0
1020,마케직원5,마케팅팀,2026-07-09,9:00,18:52,N,0.0
1020,마케직원5,마케팅팀,2026-07-10,9:07,18:57,N,0.0
1020,마케직원5,마케팅팀,2026-07-13,8:49,18:18,N,0.0
1020,마케직원5,마케팅팀,2026-07-14,9:06,19:41,N,0.0
1020,마케직원5,마케팅팀,2026-07-15,9:07,18:34,N,0.0
1020,마케직원5,마케팅팀,2026-07-16,10:08,18:42,Y,0.0
1020,마케직원5,마케팅팀,2026-07-17,9:31,18:42,N,0.18
1020,마케직원5,마케팅팀,2026-07-20,8:45,17:31,N,0.0
1020,마케직원5,마케팅팀,2026-07-21,8:51,21:08,N,0.0
1020,마케직원5,마케팅팀,2026-07-22,9:09,17:57,N,0.0
1020,마케직원5,마케팅팀,2026-07-23,9:06,18:13,N,0.0
1020,마케직원5,마케팅팀,2026-07-24,9:07,18:22,N,0.0
1020,마케직원5,마케팅팀,2026-07-27,8:46,17:51,N,0.0
1020,마케직원5,마케팅팀,2026-07-28,9:17,16:49,N,0.0
1020,마케직원5,마케팅팀,2026-07-29,8:43,19:03,N,0.0
1020,마케직원5,마케팅팀,2026-07-30,9:02,18:56,N,0.0
1020,마케직원5,마케팅팀,2026-07-31,8:49,17:37,N,0.0
